account_id,feature_name,usage_count,last_used_date
ACC1362,Team_Collab,5,2026-04-26
ACC1067,Dashboard,30,2026-04-30
ACC1088,API_Access,41,2026-04-09
ACC1281,Report_Gen,25,2026-04-16
ACC1289,Dashboard,65,2026-04-17
ACC1236,Team_Collab,85,2026-04-18
ACC1442,Dashboard,94,2026-04-06
ACC1128,Dashboard,37,2026-05-03
ACC1331,Team_Collab,56,2026-05-04
ACC1454,Dashboard,20,2026-04-24
ACC1347,API_Access,85,2026-04-30
ACC1047,Dashboard,67,2026-05-04
ACC1406,Report_Gen,97,2026-04-20
ACC1133,Report_Gen,89,2026-04-15
ACC1483,Dashboard,66,2026-04-25
ACC1351,Dashboard,60,2026-04-20
ACC1109,Bulk_Upload,79,2026-04-25
ACC1373,Report_Gen,7,2026-04-17
ACC1464,API_Access,7,2026-04-25
ACC1489,Bulk_Upload,96,2026-04-07
ACC1358,Report_Gen,79,2026-04-20
ACC1162,Report_Gen,45,2026-04-28
ACC1086,Dashboard,5,2026-05-01
ACC1157,Report_Gen,44,2026-05-05
ACC1211,API_Access,45,2026-04-23
ACC1053,Report_Gen,93,2026-04-16
ACC1192,Report_Gen,92,2026-04-06
ACC1428,Team_Collab,78,2026-04-11
ACC1194,Bulk_Upload,18,2026-04-24
ACC1297,Bulk_Upload,41,2026-04-06
ACC1348,Team_Collab,6,2026-04-25
ACC1380,Bulk_Upload,48,2026-04-06
ACC1248,Team_Collab,81,2026-04-09
ACC1070,API_Access,56,2026-04-14
ACC1454,Bulk_Upload,82,2026-04-18
ACC1405,Report_Gen,90,2026-04-11
ACC1235,API_Access,90,2026-05-04
ACC1316,Team_Collab,27,2026-04-10
ACC1355,Dashboard,14,2026-04-08
ACC1480,Team_Collab,17,2026-04-25
ACC1346,Report_Gen,1,2026-04-23
ACC1050,Report_Gen,65,2026-04-14
ACC1006,Report_Gen,81,2026-04-26
ACC1430,Bulk_Upload,46,2026-05-04
ACC1286,Report_Gen,27,2026-04-29
ACC1182,Team_Collab,65,2026-04-23
ACC1474,Report_Gen,13,2026-04-13
ACC1370,Bulk_Upload,32,2026-04-22
ACC1490,API_Access,99,2026-04-11
ACC1413,Report_Gen,66,2026-04-20
ACC1291,Bulk_Upload,39,2026-05-02
ACC1183,Report_Gen,39,2026-04-17
ACC1435,Bulk_Upload,96,2026-04-29
ACC1410,API_Access,66,2026-04-29
ACC1192,Dashboard,97,2026-04-10
ACC1394,API_Access,64,2026-04-06
ACC1368,Bulk_Upload,99,2026-04-30
ACC1282,API_Access,32,2026-04-17
ACC1421,Dashboard,67,2026-04-22
ACC1005,Bulk_Upload,49,2026-04-29
ACC1469,Dashboard,30,2026-05-01
ACC1124,Report_Gen,15,2026-05-01
ACC1085,Dashboard,91,2026-04-14
ACC1181,Bulk_Upload,95,2026-04-22
ACC1155,API_Access,62,2026-04-21
ACC1335,Dashboard,96,2026-04-14
ACC1051,Bulk_Upload,6,2026-04-30
ACC1282,API_Access,68,2026-05-05
ACC1367,Report_Gen,92,2026-04-15
ACC1206,Report_Gen,100,2026-04-17
ACC1193,Report_Gen,48,2026-04-11
ACC1194,Report_Gen,81,2026-04-16
ACC1064,Dashboard,48,2026-04-15
ACC1344,Report_Gen,34,2026-04-26
ACC1155,Dashboard,17,2026-04-07
ACC1220,API_Access,74,2026-04-23
ACC1095,Dashboard,97,2026-04-10
ACC1194,Team_Collab,44,2026-05-02
ACC1052,Dashboard,26,2026-04-29
ACC1474,Bulk_Upload,2,2026-05-04
ACC1434,API_Access,3,2026-05-05
ACC1159,Bulk_Upload,75,2026-05-05
ACC1372,API_Access,51,2026-04-07
ACC1044,Team_Collab,57,2026-04-30
ACC1253,Report_Gen,78,2026-04-23
ACC1239,Bulk_Upload,29,2026-04-09
ACC1239,Bulk_Upload,42,2026-04-07
ACC1450,Dashboard,77,2026-04-10
ACC1329,Report_Gen,11,2026-05-05
ACC1391,Report_Gen,2,2026-04-26
ACC1498,Team_Collab,35,2026-04-10
ACC1207,Team_Collab,94,2026-04-16
ACC1296,Team_Collab,3,2026-04-18
ACC1417,Team_Collab,22,2026-04-18
ACC1278,Bulk_Upload,32,2026-04-21
ACC1204,Bulk_Upload,52,2026-04-17
ACC1045,Report_Gen,4,2026-04-23
ACC1164,Dashboard,58,2026-04-10
ACC1396,Dashboard,48,2026-04-12
ACC1455,Bulk_Upload,31,2026-04-10
ACC1456,API_Access,59,2026-04-15
ACC1415,Bulk_Upload,36,2026-04-18
ACC1460,Team_Collab,87,2026-05-05
ACC1484,Bulk_Upload,36,2026-04-22
ACC1224,Team_Collab,73,2026-04-13
ACC1023,Bulk_Upload,68,2026-04-26
ACC1083,API_Access,26,2026-04-14
ACC1445,Report_Gen,44,2026-04-07
ACC1434,API_Access,49,2026-04-28
ACC1428,Bulk_Upload,29,2026-04-07
ACC1275,Team_Collab,77,2026-04-10
ACC1381,Report_Gen,98,2026-05-02
ACC1289,Team_Collab,71,2026-04-16
ACC1256,API_Access,96,2026-05-05
ACC1367,Team_Collab,84,2026-04-23
ACC1067,Bulk_Upload,3,2026-05-04
ACC1002,API_Access,99,2026-04-28
ACC1267,Team_Collab,63,2026-04-17
ACC1257,Bulk_Upload,54,2026-04-16
ACC1317,Team_Collab,91,2026-04-29
ACC1341,API_Access,89,2026-04-18
ACC1212,Bulk_Upload,73,2026-04-18
ACC1388,Team_Collab,98,2026-04-11
ACC1135,Report_Gen,8,2026-04-25
ACC1438,Team_Collab,6,2026-04-17
ACC1057,Team_Collab,41,2026-04-27
ACC1321,API_Access,57,2026-04-11
ACC1464,API_Access,41,2026-04-27
ACC1112,Bulk_Upload,12,2026-04-28
ACC1290,Dashboard,15,2026-04-28
ACC1306,Team_Collab,50,2026-04-12
ACC1280,Bulk_Upload,46,2026-04-23
ACC1459,Dashboard,67,2026-04-09
ACC1428,Dashboard,50,2026-04-19
ACC1038,Report_Gen,6,2026-04-06
ACC1409,Bulk_Upload,78,2026-04-09
ACC1204,Bulk_Upload,95,2026-04-09
ACC1009,API_Access,76,2026-04-28
ACC1336,Dashboard,65,2026-04-13
ACC1223,API_Access,81,2026-04-23
ACC1082,Report_Gen,57,2026-04-19
ACC1303,API_Access,17,2026-04-13
ACC1348,API_Access,41,2026-04-11
ACC1450,Dashboard,2,2026-05-05
ACC1084,API_Access,77,2026-04-08
ACC1484,Team_Collab,36,2026-04-14
ACC1271,API_Access,8,2026-04-06
ACC1357,API_Access,99,2026-04-08
ACC1286,Team_Collab,55,2026-04-24
ACC1388,Team_Collab,89,2026-04-10
ACC1054,Report_Gen,62,2026-04-14
ACC1179,Bulk_Upload,63,2026-04-19
ACC1144,Report_Gen,54,2026-04-23
ACC1295,API_Access,21,2026-05-03
ACC1287,Team_Collab,47,2026-05-03
ACC1154,Report_Gen,16,2026-04-14
ACC1010,Report_Gen,99,2026-04-11
ACC1430,Report_Gen,36,2026-05-01
ACC1391,Bulk_Upload,67,2026-04-14
ACC1243,Dashboard,59,2026-04-25
ACC1481,Dashboard,48,2026-05-03
ACC1234,Bulk_Upload,51,2026-04-29
ACC1195,Team_Collab,56,2026-04-10
ACC1066,Bulk_Upload,52,2026-04-25
ACC1497,API_Access,94,2026-04-21
ACC1461,Bulk_Upload,67,2026-04-23
ACC1086,API_Access,3,2026-04-24
ACC1111,API_Access,22,2026-04-07
ACC1241,Dashboard,40,2026-04-26
ACC1161,API_Access,94,2026-04-29
ACC1238,Report_Gen,19,2026-04-17
ACC1420,Team_Collab,76,2026-04-22
ACC1414,Dashboard,19,2026-04-15
ACC1432,Dashboard,20,2026-04-29
ACC1175,Bulk_Upload,33,2026-04-19
ACC1136,API_Access,69,2026-04-08
ACC1041,Dashboard,17,2026-04-11
ACC1005,Dashboard,16,2026-04-26
ACC1440,Bulk_Upload,19,2026-04-06
ACC1280,Bulk_Upload,73,2026-04-21
ACC1334,Dashboard,39,2026-04-27
ACC1401,Dashboard,53,2026-04-20
ACC1333,API_Access,84,2026-04-19
ACC1303,Dashboard,78,2026-04-28
ACC1378,Team_Collab,15,2026-04-17
ACC1161,Dashboard,19,2026-04-17
ACC1090,API_Access,95,2026-04-27
ACC1213,Bulk_Upload,60,2026-04-18
ACC1387,Team_Collab,31,2026-04-28
ACC1441,Team_Collab,93,2026-04-29
ACC1288,Report_Gen,16,2026-04-11
ACC1269,API_Access,2,2026-04-06
ACC1212,Bulk_Upload,61,2026-04-21
ACC1038,API_Access,6,2026-04-14
ACC1454,Report_Gen,38,2026-04-17
ACC1328,API_Access,30,2026-04-10
ACC1306,Report_Gen,55,2026-05-05
ACC1174,Team_Collab,24,2026-05-05
ACC1093,Bulk_Upload,68,2026-04-24
ACC1272,Report_Gen,71,2026-04-23
ACC1452,Dashboard,40,2026-04-17
ACC1410,API_Access,48,2026-04-28
ACC1319,Report_Gen,52,2026-04-12
ACC1036,Bulk_Upload,5,2026-04-22
ACC1184,Bulk_Upload,42,2026-05-05
ACC1002,Team_Collab,22,2026-04-09
ACC1135,Dashboard,39,2026-04-14
ACC1140,API_Access,97,2026-04-07
ACC1078,Bulk_Upload,17,2026-04-09
ACC1360,API_Access,94,2026-04-09
ACC1271,API_Access,91,2026-04-06
ACC1308,Team_Collab,67,2026-05-04
ACC1224,API_Access,28,2026-04-26
ACC1377,Report_Gen,34,2026-04-24
ACC1255,Report_Gen,68,2026-04-23
ACC1454,Bulk_Upload,67,2026-04-30
ACC1294,Report_Gen,87,2026-04-28
ACC1028,Dashboard,89,2026-04-25
ACC1014,Report_Gen,16,2026-04-20
ACC1198,Dashboard,10,2026-04-25
ACC1058,Dashboard,91,2026-04-23
ACC1365,Team_Collab,65,2026-04-22
ACC1063,Report_Gen,63,2026-04-28
ACC1310,API_Access,50,2026-04-10
ACC1095,Team_Collab,95,2026-04-25
ACC1316,Bulk_Upload,32,2026-04-28
ACC1057,API_Access,12,2026-04-13
ACC1352,Team_Collab,24,2026-04-14
ACC1115,Dashboard,7,2026-04-30
ACC1242,Report_Gen,4,2026-04-14
ACC1396,Dashboard,36,2026-04-13
ACC1059,Bulk_Upload,98,2026-04-28
ACC1182,Bulk_Upload,67,2026-04-16
ACC1178,Dashboard,70,2026-04-15
ACC1391,Team_Collab,11,2026-04-14
ACC1371,API_Access,8,2026-04-26
ACC1311,Report_Gen,82,2026-05-01
ACC1180,Dashboard,37,2026-04-10
ACC1159,API_Access,39,2026-05-04
ACC1461,Report_Gen,4,2026-04-24
ACC1070,Team_Collab,98,2026-04-27
ACC1208,API_Access,75,2026-04-20
ACC1363,API_Access,2,2026-04-29
ACC1388,Report_Gen,44,2026-04-07
ACC1461,Bulk_Upload,37,2026-04-07
ACC1265,Team_Collab,80,2026-04-24
ACC1148,Bulk_Upload,70,2026-05-02
ACC1124,Report_Gen,66,2026-04-28
ACC1261,Bulk_Upload,8,2026-04-30
ACC1327,Team_Collab,36,2026-04-15
ACC1047,Bulk_Upload,36,2026-04-23
ACC1398,Dashboard,12,2026-04-25
ACC1252,Dashboard,96,2026-04-30
ACC1475,API_Access,92,2026-04-06
ACC1232,API_Access,90,2026-04-09
ACC1444,Dashboard,17,2026-04-19
ACC1347,API_Access,83,2026-04-30
ACC1272,API_Access,15,2026-04-15
ACC1144,API_Access,35,2026-04-06
ACC1029,Dashboard,80,2026-04-08
ACC1037,Dashboard,9,2026-04-24
ACC1440,Dashboard,4,2026-04-24
ACC1361,Team_Collab,81,2026-04-30
ACC1080,Dashboard,32,2026-05-03
ACC1412,Team_Collab,31,2026-04-29
ACC1327,Dashboard,23,2026-04-27
ACC1109,Bulk_Upload,75,2026-04-06
ACC1315,Report_Gen,10,2026-05-05
ACC1360,Dashboard,4,2026-05-02
ACC1101,Dashboard,70,2026-04-16
ACC1163,API_Access,16,2026-04-18
ACC1326,Dashboard,8,2026-04-30
ACC1033,Report_Gen,87,2026-04-10
ACC1471,Report_Gen,77,2026-05-04
ACC1003,Bulk_Upload,18,2026-04-19
ACC1258,Team_Collab,71,2026-05-04
ACC1441,Team_Collab,16,2026-04-08
ACC1384,Dashboard,2,2026-04-19
ACC1161,Bulk_Upload,87,2026-04-26
ACC1191,Bulk_Upload,61,2026-04-10
ACC1228,Team_Collab,16,2026-04-06
ACC1123,Report_Gen,2,2026-04-29
ACC1312,API_Access,100,2026-04-24
ACC1439,Team_Collab,42,2026-04-30
ACC1068,Report_Gen,67,2026-04-15
ACC1122,Bulk_Upload,50,2026-05-01
ACC1145,Report_Gen,48,2026-05-05
ACC1131,Bulk_Upload,83,2026-04-22
ACC1254,Bulk_Upload,61,2026-04-07
ACC1076,Bulk_Upload,55,2026-05-05
ACC1280,Bulk_Upload,45,2026-04-11
ACC1453,Team_Collab,95,2026-05-05
ACC1166,API_Access,27,2026-04-23
ACC1081,Team_Collab,19,2026-04-16
ACC1260,Dashboard,75,2026-05-01
ACC1057,Dashboard,9,2026-04-06
ACC1289,Bulk_Upload,66,2026-04-28
ACC1275,API_Access,51,2026-04-24
ACC1406,API_Access,36,2026-04-11
ACC1206,API_Access,76,2026-04-22
ACC1039,Dashboard,74,2026-04-19
ACC1415,Report_Gen,1,2026-04-10
ACC1441,Team_Collab,43,2026-04-30
ACC1104,Bulk_Upload,22,2026-04-24
ACC1002,Bulk_Upload,99,2026-04-21
ACC1217,Report_Gen,77,2026-04-15
ACC1403,Report_Gen,93,2026-04-07
ACC1373,API_Access,1,2026-04-07
ACC1282,Team_Collab,26,2026-04-14
ACC1487,Report_Gen,17,2026-04-26
ACC1202,Bulk_Upload,81,2026-05-01
ACC1427,Team_Collab,90,2026-04-27
ACC1333,Bulk_Upload,85,2026-04-17
ACC1040,Team_Collab,92,2026-04-18
ACC1124,Bulk_Upload,20,2026-04-12
ACC1285,Report_Gen,72,2026-04-12
ACC1301,Report_Gen,88,2026-04-21
ACC1147,API_Access,62,2026-04-09
ACC1491,Dashboard,20,2026-04-28
ACC1142,Dashboard,34,2026-04-16
ACC1096,API_Access,100,2026-04-30
ACC1188,Bulk_Upload,94,2026-04-12
ACC1205,API_Access,12,2026-05-04
ACC1163,Team_Collab,29,2026-04-21
ACC1292,Report_Gen,71,2026-04-06
ACC1483,Team_Collab,20,2026-05-05
ACC1491,Dashboard,71,2026-04-12
ACC1067,API_Access,80,2026-05-04
ACC1366,Dashboard,4,2026-05-01
ACC1279,Dashboard,41,2026-04-09
ACC1325,Dashboard,40,2026-04-06
ACC1154,Report_Gen,14,2026-04-18
ACC1106,Report_Gen,79,2026-04-23
ACC1467,Bulk_Upload,84,2026-04-07
ACC1399,Team_Collab,65,2026-04-24
ACC1312,Team_Collab,82,2026-04-21
ACC1180,Bulk_Upload,75,2026-04-21
ACC1119,Report_Gen,36,2026-04-07
ACC1252,Report_Gen,83,2026-04-25
ACC1426,Team_Collab,98,2026-04-26
ACC1379,Team_Collab,54,2026-05-04
ACC1175,API_Access,42,2026-04-12
ACC1071,Team_Collab,37,2026-04-12
ACC1388,Team_Collab,18,2026-05-01
ACC1372,Team_Collab,82,2026-05-01
ACC1147,Bulk_Upload,98,2026-04-30
ACC1390,Bulk_Upload,92,2026-04-27
ACC1057,Team_Collab,99,2026-05-01
ACC1465,API_Access,13,2026-04-25
ACC1333,Report_Gen,47,2026-04-29
ACC1226,Dashboard,5,2026-04-13
ACC1395,Team_Collab,64,2026-05-05
ACC1032,Dashboard,13,2026-04-12
ACC1396,Bulk_Upload,44,2026-04-30
ACC1084,Team_Collab,37,2026-04-12
ACC1230,Team_Collab,31,2026-05-04
ACC1407,Dashboard,25,2026-04-29
ACC1358,Report_Gen,46,2026-05-05
ACC1240,Team_Collab,53,2026-04-20
ACC1359,Dashboard,59,2026-04-26
ACC1497,Bulk_Upload,59,2026-04-08
ACC1077,Report_Gen,62,2026-04-17
ACC1045,Report_Gen,78,2026-04-28
ACC1150,Report_Gen,99,2026-04-19
ACC1010,Dashboard,14,2026-04-27
ACC1482,API_Access,62,2026-04-11
ACC1097,API_Access,48,2026-04-21
ACC1025,API_Access,91,2026-04-15
ACC1107,Dashboard,73,2026-04-25
ACC1348,Report_Gen,69,2026-04-06
ACC1357,Bulk_Upload,54,2026-04-19
ACC1372,Bulk_Upload,47,2026-04-07
ACC1062,Team_Collab,47,2026-04-13
ACC1419,Team_Collab,19,2026-04-27
ACC1448,Dashboard,47,2026-04-18
ACC1006,Team_Collab,85,2026-04-19
ACC1357,API_Access,49,2026-04-08
ACC1225,Dashboard,25,2026-04-19
ACC1159,Dashboard,94,2026-04-17
ACC1398,API_Access,21,2026-04-29
ACC1231,Dashboard,17,2026-04-27
ACC1181,Bulk_Upload,59,2026-04-07
ACC1283,API_Access,37,2026-05-02
ACC1228,Bulk_Upload,14,2026-05-02
ACC1364,Bulk_Upload,80,2026-04-12
ACC1149,API_Access,48,2026-05-02
ACC1067,Bulk_Upload,65,2026-04-06
ACC1342,Bulk_Upload,9,2026-04-08
ACC1499,Bulk_Upload,42,2026-04-30
ACC1113,Team_Collab,69,2026-04-19
ACC1029,Dashboard,61,2026-04-14
ACC1060,API_Access,3,2026-04-16
ACC1294,Dashboard,95,2026-04-27
ACC1091,Report_Gen,79,2026-04-06
ACC1425,Team_Collab,32,2026-04-30
ACC1326,Dashboard,46,2026-04-29
ACC1304,Dashboard,84,2026-05-03
ACC1285,Bulk_Upload,66,2026-04-18
ACC1389,Dashboard,84,2026-04-18
ACC1040,Report_Gen,13,2026-04-23
ACC1147,Report_Gen,9,2026-04-12
ACC1243,Dashboard,81,2026-04-16
ACC1312,API_Access,57,2026-04-11
ACC1301,Report_Gen,63,2026-04-11
ACC1248,Team_Collab,46,2026-05-01
ACC1087,Bulk_Upload,96,2026-04-07
ACC1412,Dashboard,9,2026-04-25
ACC1112,Bulk_Upload,2,2026-04-23
ACC1127,Team_Collab,3,2026-04-29
ACC1276,Dashboard,92,2026-05-05
ACC1172,Bulk_Upload,97,2026-04-21
ACC1238,API_Access,55,2026-05-05
ACC1393,Report_Gen,7,2026-04-25
ACC1063,Report_Gen,68,2026-04-26
ACC1152,Bulk_Upload,41,2026-04-20
ACC1335,Dashboard,56,2026-04-10
ACC1235,Dashboard,68,2026-05-05
ACC1373,Team_Collab,48,2026-04-19
ACC1033,Bulk_Upload,38,2026-04-13
ACC1446,API_Access,34,2026-04-09
ACC1090,Team_Collab,9,2026-05-02
ACC1493,Bulk_Upload,65,2026-04-17
ACC1274,Report_Gen,6,2026-04-30
ACC1462,Bulk_Upload,74,2026-04-28
ACC1146,Team_Collab,54,2026-04-08
ACC1344,API_Access,13,2026-04-16
ACC1433,API_Access,13,2026-04-28
ACC1456,API_Access,4,2026-04-09
ACC1488,Report_Gen,84,2026-04-15
ACC1281,Team_Collab,87,2026-05-05
ACC1254,Team_Collab,92,2026-04-26
ACC1278,Report_Gen,78,2026-04-16
ACC1208,API_Access,25,2026-05-03
ACC1154,Team_Collab,69,2026-04-17
ACC1389,Dashboard,65,2026-05-01
ACC1087,Dashboard,5,2026-05-04
ACC1190,Team_Collab,8,2026-05-03
ACC1492,Report_Gen,17,2026-04-18
ACC1212,Dashboard,73,2026-04-13
ACC1222,Dashboard,55,2026-04-30
ACC1438,Team_Collab,46,2026-04-27
ACC1307,Team_Collab,69,2026-04-11
ACC1076,API_Access,76,2026-04-12
ACC1366,Team_Collab,13,2026-04-27
ACC1401,Bulk_Upload,61,2026-04-21
ACC1060,Team_Collab,72,2026-04-09
ACC1033,Team_Collab,38,2026-05-01
ACC1455,Team_Collab,19,2026-04-16
ACC1370,Bulk_Upload,68,2026-04-19
ACC1308,Bulk_Upload,76,2026-04-28
ACC1430,API_Access,55,2026-04-16
ACC1410,Dashboard,21,2026-05-05
ACC1410,Team_Collab,49,2026-04-21
ACC1130,Team_Collab,80,2026-04-21
ACC1139,Dashboard,32,2026-05-05
ACC1171,Bulk_Upload,91,2026-04-24
ACC1327,Bulk_Upload,28,2026-04-30
ACC1475,Team_Collab,87,2026-04-08
ACC1483,Report_Gen,42,2026-04-14
ACC1169,Dashboard,72,2026-04-07
ACC1298,Team_Collab,63,2026-04-30
ACC1289,API_Access,29,2026-05-03
ACC1445,Team_Collab,38,2026-04-17
ACC1272,Bulk_Upload,75,2026-04-13
ACC1018,API_Access,54,2026-04-13
ACC1046,Bulk_Upload,15,2026-04-08
ACC1035,API_Access,97,2026-04-20
ACC1412,Bulk_Upload,4,2026-04-06
ACC1483,Team_Collab,20,2026-05-05
ACC1232,Team_Collab,47,2026-05-03
ACC1341,Bulk_Upload,35,2026-04-21
ACC1306,Team_Collab,3,2026-05-05
ACC1011,Team_Collab,78,2026-04-21
ACC1218,Report_Gen,71,2026-04-06
ACC1254,API_Access,93,2026-04-28
ACC1268,API_Access,67,2026-04-30
ACC1373,Team_Collab,78,2026-05-03
ACC1346,Dashboard,98,2026-04-16
ACC1049,Report_Gen,70,2026-05-01
ACC1315,API_Access,35,2026-05-03
ACC1278,Bulk_Upload,16,2026-04-19
ACC1034,Report_Gen,52,2026-04-08
ACC1379,Dashboard,1,2026-04-09
ACC1315,Team_Collab,14,2026-05-05
ACC1478,Bulk_Upload,33,2026-04-25
ACC1105,Bulk_Upload,52,2026-04-18
ACC1470,Team_Collab,62,2026-04-14
ACC1137,Bulk_Upload,61,2026-04-12
ACC1211,Dashboard,41,2026-05-01
ACC1366,API_Access,26,2026-04-07
ACC1274,Bulk_Upload,3,2026-04-14
ACC1158,Report_Gen,31,2026-04-17
ACC1058,Team_Collab,32,2026-05-04
ACC1483,Dashboard,44,2026-04-25
ACC1120,Team_Collab,42,2026-04-26
ACC1121,Dashboard,88,2026-04-06
ACC1085,Team_Collab,74,2026-04-09
ACC1099,Dashboard,21,2026-04-25
ACC1480,Team_Collab,69,2026-04-23
ACC1011,Team_Collab,92,2026-04-14
ACC1083,Report_Gen,50,2026-04-13
ACC1389,API_Access,10,2026-04-16
ACC1025,Team_Collab,16,2026-04-29
ACC1212,Report_Gen,71,2026-04-19
ACC1119,Team_Collab,6,2026-04-14
ACC1143,Bulk_Upload,3,2026-04-06
ACC1383,Team_Collab,91,2026-05-02
ACC1016,API_Access,18,2026-04-21
ACC1494,API_Access,82,2026-04-11
ACC1244,Team_Collab,65,2026-05-03
ACC1256,Dashboard,55,2026-04-26
ACC1424,Report_Gen,32,2026-04-29
ACC1390,Report_Gen,68,2026-05-04
ACC1461,API_Access,32,2026-04-09
ACC1252,Dashboard,54,2026-04-26
ACC1194,Bulk_Upload,85,2026-04-13
ACC1377,Dashboard,97,2026-05-01
ACC1172,Report_Gen,67,2026-04-30
ACC1379,Bulk_Upload,89,2026-04-06
ACC1103,Dashboard,64,2026-05-02
ACC1288,Report_Gen,42,2026-04-27
ACC1193,Bulk_Upload,29,2026-04-23
ACC1243,Report_Gen,57,2026-05-04
ACC1118,API_Access,99,2026-04-09
ACC1409,Report_Gen,35,2026-04-26
ACC1190,Bulk_Upload,92,2026-04-11
ACC1029,Dashboard,58,2026-04-28
ACC1430,Report_Gen,48,2026-04-20
ACC1239,Dashboard,12,2026-04-12
ACC1191,Report_Gen,67,2026-04-28
ACC1120,Dashboard,33,2026-05-04
ACC1018,Dashboard,84,2026-04-15
ACC1256,Team_Collab,42,2026-04-27
ACC1460,Bulk_Upload,58,2026-04-25
ACC1015,Report_Gen,71,2026-04-15
ACC1482,Report_Gen,22,2026-04-18
ACC1052,Report_Gen,74,2026-04-18
ACC1084,API_Access,13,2026-04-21
ACC1115,Bulk_Upload,71,2026-04-07
ACC1401,Report_Gen,25,2026-04-23
ACC1151,Dashboard,22,2026-04-09
ACC1002,Report_Gen,35,2026-04-11
ACC1218,API_Access,42,2026-04-22
ACC1238,API_Access,71,2026-05-03
ACC1240,Report_Gen,45,2026-04-06
ACC1046,API_Access,44,2026-04-25
ACC1149,Report_Gen,55,2026-04-20
ACC1242,Dashboard,10,2026-05-02
ACC1263,Report_Gen,91,2026-04-26
ACC1347,API_Access,32,2026-04-24
ACC1306,Bulk_Upload,15,2026-04-30
ACC1340,Team_Collab,64,2026-04-18
ACC1397,Bulk_Upload,79,2026-05-01
ACC1004,API_Access,61,2026-05-01
ACC1005,Bulk_Upload,59,2026-04-28
ACC1477,Bulk_Upload,73,2026-04-07
ACC1315,Team_Collab,94,2026-04-11
ACC1271,Bulk_Upload,57,2026-04-11
ACC1365,Report_Gen,59,2026-04-16
ACC1015,Dashboard,59,2026-04-21
ACC1015,Team_Collab,71,2026-04-28
ACC1175,Team_Collab,36,2026-04-12
ACC1064,API_Access,89,2026-04-28
ACC1047,Bulk_Upload,51,2026-04-27
ACC1281,API_Access,51,2026-04-26
ACC1141,Dashboard,5,2026-04-20
ACC1489,Dashboard,42,2026-04-24
ACC1287,API_Access,2,2026-04-23
ACC1228,Report_Gen,91,2026-05-04
ACC1088,Report_Gen,32,2026-04-30
ACC1249,Bulk_Upload,41,2026-04-27
ACC1477,Team_Collab,86,2026-05-05
ACC1008,API_Access,27,2026-05-01
ACC1209,Team_Collab,2,2026-04-27
ACC1475,Bulk_Upload,6,2026-04-25
ACC1255,Report_Gen,6,2026-04-06
ACC1371,Bulk_Upload,73,2026-04-17
ACC1224,Report_Gen,15,2026-04-20
ACC1399,Dashboard,95,2026-04-23
ACC1362,API_Access,94,2026-04-25
ACC1447,Dashboard,22,2026-04-30
ACC1456,API_Access,36,2026-04-15
ACC1392,API_Access,12,2026-04-29
ACC1158,Bulk_Upload,46,2026-04-30
ACC1356,Bulk_Upload,2,2026-04-10
ACC1394,Dashboard,16,2026-04-27
ACC1209,Report_Gen,2,2026-04-29
ACC1357,Report_Gen,95,2026-04-09
ACC1090,API_Access,67,2026-04-20
ACC1162,Team_Collab,29,2026-04-30
ACC1396,Report_Gen,5,2026-05-03
ACC1350,Bulk_Upload,33,2026-04-27
ACC1448,Bulk_Upload,35,2026-05-02
ACC1379,Dashboard,21,2026-05-02
ACC1491,Bulk_Upload,63,2026-04-24
ACC1079,Dashboard,11,2026-04-08
ACC1131,Dashboard,17,2026-04-08
ACC1391,Report_Gen,47,2026-04-10
ACC1276,API_Access,9,2026-04-30
ACC1222,API_Access,75,2026-04-15
ACC1260,Bulk_Upload,29,2026-04-24
ACC1133,Bulk_Upload,48,2026-04-19
ACC1178,Bulk_Upload,11,2026-04-11
ACC1415,Dashboard,55,2026-05-03
ACC1476,Dashboard,94,2026-04-25
ACC1430,Dashboard,41,2026-04-30
ACC1231,API_Access,69,2026-05-04
ACC1275,API_Access,11,2026-04-17
ACC1093,Bulk_Upload,82,2026-04-08
ACC1320,Dashboard,7,2026-04-29
ACC1323,API_Access,84,2026-04-08
ACC1064,API_Access,5,2026-04-09
ACC1494,API_Access,66,2026-04-15
ACC1260,Team_Collab,89,2026-04-18
ACC1269,API_Access,96,2026-05-01
ACC1471,API_Access,26,2026-04-29
ACC1132,Bulk_Upload,31,2026-05-03
ACC1090,Report_Gen,79,2026-04-06
ACC1165,Team_Collab,11,2026-04-08
ACC1079,API_Access,55,2026-04-23
ACC1071,API_Access,72,2026-04-22
ACC1201,Team_Collab,88,2026-05-04
ACC1470,Team_Collab,94,2026-05-04
ACC1158,Dashboard,15,2026-04-27
ACC1390,Bulk_Upload,86,2026-04-30
ACC1264,Bulk_Upload,73,2026-04-24
ACC1424,Team_Collab,83,2026-04-15
ACC1450,Team_Collab,16,2026-04-13
ACC1317,Dashboard,72,2026-05-02
ACC1234,Dashboard,20,2026-04-07
ACC1094,Team_Collab,84,2026-05-03
ACC1132,Report_Gen,89,2026-04-27
ACC1469,API_Access,22,2026-05-05
ACC1151,Team_Collab,92,2026-04-25
ACC1247,Team_Collab,68,2026-04-15
ACC1335,Report_Gen,100,2026-04-11
ACC1369,Report_Gen,54,2026-04-07
ACC1299,Team_Collab,27,2026-04-12
ACC1301,Report_Gen,97,2026-04-07
ACC1013,Team_Collab,52,2026-04-26
ACC1263,API_Access,55,2026-04-22
ACC1107,API_Access,82,2026-04-22
ACC1044,API_Access,23,2026-04-22
ACC1310,API_Access,40,2026-05-01
ACC1481,Report_Gen,29,2026-04-28
ACC1233,Report_Gen,56,2026-04-22
ACC1209,Team_Collab,43,2026-04-18
ACC1014,Report_Gen,11,2026-04-26
ACC1115,Bulk_Upload,23,2026-04-20
ACC1079,Report_Gen,25,2026-04-07
ACC1219,Bulk_Upload,43,2026-05-02
ACC1439,Team_Collab,8,2026-04-10
ACC1435,Bulk_Upload,96,2026-05-04
ACC1463,Report_Gen,68,2026-04-27
ACC1274,Report_Gen,71,2026-04-18
ACC1002,Report_Gen,35,2026-05-01
ACC1434,Bulk_Upload,98,2026-04-08
ACC1430,API_Access,4,2026-04-17
ACC1141,Team_Collab,11,2026-05-05
ACC1481,Dashboard,51,2026-04-14
ACC1179,Dashboard,27,2026-04-16
ACC1345,Report_Gen,26,2026-04-23
ACC1065,Report_Gen,21,2026-04-30
ACC1294,Dashboard,96,2026-04-29
ACC1436,Team_Collab,3,2026-04-09
ACC1443,Dashboard,4,2026-04-10
ACC1291,Bulk_Upload,85,2026-04-15
ACC1013,Team_Collab,15,2026-04-08
ACC1491,Report_Gen,74,2026-04-08
ACC1431,Report_Gen,12,2026-05-03
ACC1399,Bulk_Upload,62,2026-04-06
ACC1162,API_Access,93,2026-05-05
ACC1308,API_Access,18,2026-04-20
ACC1240,Report_Gen,27,2026-04-12
ACC1199,API_Access,1,2026-04-09
ACC1000,Team_Collab,69,2026-04-27
ACC1159,Dashboard,5,2026-05-03
ACC1268,Team_Collab,63,2026-05-02
ACC1052,Dashboard,88,2026-04-18
ACC1343,Bulk_Upload,86,2026-04-15
ACC1451,Bulk_Upload,17,2026-05-01
ACC1486,Report_Gen,18,2026-04-25
ACC1138,Team_Collab,72,2026-04-26
ACC1227,Bulk_Upload,61,2026-04-10
ACC1396,Bulk_Upload,77,2026-04-29
ACC1037,Dashboard,23,2026-04-23
ACC1304,Dashboard,51,2026-05-03
ACC1497,API_Access,35,2026-04-17
ACC1232,Report_Gen,80,2026-05-05
ACC1349,Team_Collab,88,2026-04-19
ACC1382,Bulk_Upload,97,2026-04-23
ACC1459,Report_Gen,15,2026-04-13
ACC1284,Bulk_Upload,57,2026-05-02
ACC1098,Dashboard,73,2026-04-28
ACC1124,Team_Collab,55,2026-04-06
ACC1071,Bulk_Upload,28,2026-05-05
ACC1126,Dashboard,55,2026-04-07
ACC1200,Dashboard,87,2026-04-28
ACC1281,Report_Gen,71,2026-05-01
ACC1397,Report_Gen,27,2026-04-15
ACC1133,Report_Gen,4,2026-04-29
ACC1297,API_Access,70,2026-04-23
ACC1082,Report_Gen,68,2026-04-10
ACC1288,Report_Gen,83,2026-04-29
ACC1233,Team_Collab,50,2026-04-09
ACC1032,Bulk_Upload,91,2026-04-07
ACC1102,API_Access,73,2026-05-04
ACC1128,Bulk_Upload,36,2026-04-24
ACC1053,Dashboard,56,2026-04-30
ACC1040,Report_Gen,4,2026-05-04
ACC1226,Team_Collab,10,2026-05-03
ACC1169,Dashboard,2,2026-04-18
ACC1301,Bulk_Upload,48,2026-04-08
ACC1067,Bulk_Upload,22,2026-04-17
ACC1254,API_Access,39,2026-04-16
ACC1293,API_Access,92,2026-04-27
ACC1286,Bulk_Upload,31,2026-04-29
ACC1435,Dashboard,42,2026-04-10
ACC1128,Team_Collab,21,2026-04-13
ACC1478,Team_Collab,1,2026-04-24
ACC1353,Team_Collab,21,2026-04-22
ACC1385,Report_Gen,5,2026-04-22
ACC1040,Dashboard,30,2026-04-13
ACC1022,Team_Collab,78,2026-05-03
ACC1037,Bulk_Upload,72,2026-04-14
ACC1393,Dashboard,78,2026-04-16
ACC1248,Team_Collab,87,2026-04-18
ACC1142,Bulk_Upload,55,2026-04-25
ACC1155,Dashboard,66,2026-04-09
ACC1307,Report_Gen,21,2026-05-04
ACC1122,Dashboard,43,2026-04-13
ACC1134,Dashboard,56,2026-04-13
ACC1094,Dashboard,94,2026-04-27
ACC1288,Team_Collab,46,2026-04-11
ACC1216,Report_Gen,39,2026-04-09
ACC1058,Bulk_Upload,92,2026-04-06
ACC1133,Report_Gen,36,2026-04-08
ACC1451,Report_Gen,86,2026-04-08
ACC1477,Bulk_Upload,60,2026-04-28
ACC1425,Team_Collab,76,2026-04-17
ACC1350,Bulk_Upload,5,2026-04-24
ACC1485,Bulk_Upload,14,2026-04-29
ACC1450,API_Access,34,2026-04-15
ACC1109,API_Access,28,2026-04-15
ACC1286,Dashboard,48,2026-05-02
ACC1149,Report_Gen,5,2026-04-21
ACC1076,API_Access,44,2026-04-18
ACC1339,Bulk_Upload,78,2026-04-26
ACC1052,Report_Gen,41,2026-05-02
ACC1450,Bulk_Upload,81,2026-04-14
ACC1252,Bulk_Upload,55,2026-04-13
ACC1068,API_Access,86,2026-04-18
ACC1251,Report_Gen,70,2026-04-07
ACC1091,Report_Gen,62,2026-04-10
ACC1065,Team_Collab,68,2026-04-09
ACC1159,Report_Gen,33,2026-04-07
ACC1444,Bulk_Upload,68,2026-04-17
ACC1481,Team_Collab,35,2026-04-23
ACC1376,Team_Collab,3,2026-04-30
ACC1011,Report_Gen,73,2026-04-19
ACC1331,Dashboard,7,2026-04-21
ACC1382,API_Access,11,2026-04-16
ACC1056,API_Access,29,2026-04-27
ACC1080,Dashboard,56,2026-04-07
ACC1274,Dashboard,18,2026-04-28
ACC1095,Report_Gen,80,2026-04-12
ACC1108,API_Access,34,2026-04-27
ACC1007,Team_Collab,55,2026-04-19
ACC1039,Bulk_Upload,92,2026-04-21
ACC1327,Report_Gen,51,2026-04-29
ACC1492,Dashboard,44,2026-04-12
ACC1380,Dashboard,75,2026-04-13
ACC1188,API_Access,47,2026-05-04
ACC1497,API_Access,47,2026-04-13
ACC1265,API_Access,44,2026-04-11
ACC1099,Report_Gen,44,2026-05-01
ACC1364,Report_Gen,8,2026-04-30
ACC1027,Bulk_Upload,21,2026-04-08
ACC1124,Report_Gen,85,2026-05-02
ACC1464,Dashboard,86,2026-04-19
ACC1035,Team_Collab,58,2026-04-08
ACC1469,Team_Collab,22,2026-04-14
ACC1261,Report_Gen,47,2026-04-10
ACC1417,Dashboard,29,2026-04-13
ACC1349,Bulk_Upload,77,2026-05-03
ACC1167,Bulk_Upload,43,2026-04-07
ACC1467,Dashboard,87,2026-05-03
ACC1234,API_Access,10,2026-04-11
ACC1028,Bulk_Upload,75,2026-04-15
ACC1115,Team_Collab,42,2026-04-08
ACC1002,Report_Gen,73,2026-04-28
ACC1447,API_Access,88,2026-04-30
ACC1431,Bulk_Upload,29,2026-04-08
ACC1134,Team_Collab,64,2026-04-28
ACC1207,Team_Collab,21,2026-04-18
ACC1106,Team_Collab,94,2026-04-29
ACC1126,Report_Gen,8,2026-04-08
ACC1180,API_Access,67,2026-04-14
ACC1423,API_Access,3,2026-04-28
ACC1474,API_Access,46,2026-04-29
ACC1175,Report_Gen,87,2026-04-11
ACC1272,Team_Collab,47,2026-04-16
ACC1464,Bulk_Upload,82,2026-05-01
ACC1083,Bulk_Upload,27,2026-04-21
ACC1004,Report_Gen,78,2026-04-06
ACC1222,API_Access,62,2026-04-28
ACC1017,Report_Gen,56,2026-04-28
ACC1082,Team_Collab,66,2026-04-20
ACC1243,Bulk_Upload,44,2026-04-20
ACC1007,Team_Collab,12,2026-04-19
ACC1248,Report_Gen,15,2026-04-15
ACC1432,API_Access,11,2026-04-25
ACC1294,Team_Collab,2,2026-04-10
ACC1473,Team_Collab,95,2026-05-01
ACC1445,Report_Gen,82,2026-04-18
ACC1134,Bulk_Upload,68,2026-04-12
ACC1453,Team_Collab,1,2026-04-27
ACC1242,Bulk_Upload,23,2026-05-05
ACC1182,API_Access,2,2026-04-07
ACC1420,Report_Gen,34,2026-04-26
ACC1107,API_Access,11,2026-05-01
ACC1387,Dashboard,40,2026-04-26
ACC1041,Report_Gen,31,2026-04-09
ACC1000,API_Access,96,2026-04-25
ACC1219,Report_Gen,52,2026-05-03
ACC1129,Dashboard,64,2026-04-30
ACC1023,Bulk_Upload,36,2026-04-24
ACC1163,Dashboard,58,2026-05-03
ACC1088,Bulk_Upload,59,2026-04-18
ACC1478,API_Access,22,2026-04-12
ACC1151,Team_Collab,31,2026-04-07
ACC1342,Report_Gen,85,2026-04-22
ACC1316,Bulk_Upload,21,2026-04-19
ACC1345,Report_Gen,15,2026-04-10
ACC1075,Team_Collab,43,2026-05-02
ACC1394,Team_Collab,36,2026-04-27
ACC1388,Team_Collab,99,2026-04-16
ACC1092,Dashboard,10,2026-04-12
ACC1207,Team_Collab,23,2026-04-11
ACC1429,Report_Gen,78,2026-04-25
ACC1248,Dashboard,17,2026-04-09
ACC1285,Bulk_Upload,61,2026-04-20
ACC1365,API_Access,6,2026-04-08
ACC1015,API_Access,31,2026-04-20
ACC1422,Report_Gen,68,2026-04-16
ACC1192,API_Access,75,2026-04-28
ACC1422,Dashboard,98,2026-04-22
ACC1387,Report_Gen,87,2026-04-17
ACC1334,Bulk_Upload,85,2026-04-08
ACC1201,Report_Gen,90,2026-04-12
ACC1456,Bulk_Upload,4,2026-04-23
ACC1352,Bulk_Upload,43,2026-05-03
ACC1485,Bulk_Upload,47,2026-04-14
ACC1323,Team_Collab,82,2026-04-08
ACC1315,Report_Gen,93,2026-05-03
ACC1218,Dashboard,68,2026-04-27
ACC1402,Report_Gen,77,2026-05-03
ACC1227,Dashboard,14,2026-04-26
ACC1199,Dashboard,70,2026-04-09
ACC1280,Bulk_Upload,20,2026-04-14
ACC1366,Bulk_Upload,97,2026-04-07
ACC1134,Team_Collab,52,2026-04-13
ACC1000,Report_Gen,19,2026-05-02
ACC1296,Dashboard,54,2026-04-20
ACC1170,Bulk_Upload,1,2026-04-11
ACC1442,Bulk_Upload,87,2026-04-18
ACC1488,Team_Collab,100,2026-05-05
ACC1251,API_Access,68,2026-04-27
ACC1157,Report_Gen,9,2026-05-01
ACC1287,API_Access,15,2026-04-29
ACC1245,API_Access,91,2026-04-22
ACC1263,Dashboard,77,2026-04-14
ACC1270,Report_Gen,15,2026-04-29
ACC1067,Bulk_Upload,85,2026-04-21
ACC1093,Report_Gen,8,2026-04-27
ACC1109,Bulk_Upload,30,2026-04-15
ACC1370,Team_Collab,62,2026-04-09
ACC1187,Team_Collab,58,2026-04-15
ACC1295,Bulk_Upload,42,2026-04-14
ACC1178,API_Access,79,2026-04-17
ACC1426,Report_Gen,24,2026-04-19
ACC1341,Bulk_Upload,49,2026-04-12
ACC1071,Report_Gen,1,2026-04-29
ACC1072,Bulk_Upload,73,2026-04-18
ACC1281,Team_Collab,49,2026-04-20
ACC1245,API_Access,72,2026-04-29
ACC1468,Dashboard,90,2026-04-07
ACC1369,API_Access,89,2026-04-13
ACC1477,Team_Collab,61,2026-04-22
ACC1025,Team_Collab,30,2026-05-01
ACC1188,Report_Gen,11,2026-04-12
ACC1148,Bulk_Upload,93,2026-04-23
ACC1353,Dashboard,92,2026-04-22
ACC1282,Bulk_Upload,62,2026-04-13
ACC1004,Bulk_Upload,40,2026-04-18
ACC1395,Team_Collab,51,2026-04-23
ACC1205,Report_Gen,51,2026-04-28
ACC1475,Team_Collab,73,2026-04-23
ACC1191,Bulk_Upload,47,2026-04-19
ACC1043,Bulk_Upload,4,2026-04-10
ACC1391,Bulk_Upload,48,2026-04-11
ACC1123,Bulk_Upload,34,2026-05-05
ACC1400,API_Access,19,2026-04-25
ACC1338,Report_Gen,37,2026-04-25
ACC1389,Team_Collab,9,2026-04-08
ACC1238,Dashboard,48,2026-04-30
ACC1014,Bulk_Upload,32,2026-04-10
ACC1266,Report_Gen,59,2026-04-18
ACC1159,Team_Collab,45,2026-04-28
ACC1206,API_Access,66,2026-04-07
ACC1290,Bulk_Upload,68,2026-04-28
ACC1453,API_Access,31,2026-04-28
ACC1217,API_Access,63,2026-05-01
ACC1002,Bulk_Upload,26,2026-04-21
ACC1121,API_Access,37,2026-05-05
ACC1363,Dashboard,28,2026-04-15
ACC1439,API_Access,8,2026-04-15
ACC1187,API_Access,2,2026-04-15
ACC1119,API_Access,76,2026-04-29
ACC1417,Bulk_Upload,88,2026-04-29
ACC1099,Team_Collab,81,2026-04-20
ACC1402,Dashboard,64,2026-04-26
ACC1035,Team_Collab,88,2026-04-10
ACC1151,Report_Gen,99,2026-04-18
ACC1171,Bulk_Upload,93,2026-05-01
ACC1384,Dashboard,6,2026-04-13
ACC1130,Report_Gen,79,2026-04-19
ACC1438,API_Access,15,2026-04-06
ACC1065,API_Access,37,2026-04-18
ACC1411,Bulk_Upload,62,2026-04-18
ACC1371,Report_Gen,89,2026-05-02
ACC1069,API_Access,34,2026-04-08
ACC1387,Dashboard,80,2026-04-18
ACC1008,API_Access,76,2026-04-16
ACC1321,Dashboard,97,2026-04-07
ACC1368,Report_Gen,31,2026-04-13
ACC1431,Dashboard,67,2026-04-18
ACC1338,Dashboard,50,2026-04-25
ACC1424,API_Access,47,2026-04-22
ACC1370,Report_Gen,4,2026-04-28
ACC1083,API_Access,36,2026-04-30
ACC1109,API_Access,62,2026-04-18
ACC1128,Bulk_Upload,85,2026-04-10
ACC1089,Bulk_Upload,51,2026-04-14
ACC1105,Team_Collab,85,2026-04-21
ACC1238,Dashboard,30,2026-04-09
ACC1036,Report_Gen,63,2026-04-20
ACC1005,API_Access,53,2026-04-23
ACC1255,Report_Gen,58,2026-04-18
ACC1142,Team_Collab,83,2026-04-06
ACC1482,Dashboard,79,2026-04-30
ACC1476,API_Access,15,2026-04-28
ACC1349,API_Access,22,2026-04-20
ACC1208,API_Access,62,2026-04-23
ACC1127,API_Access,96,2026-05-02
ACC1020,Team_Collab,66,2026-04-24
ACC1094,Team_Collab,44,2026-04-20
ACC1378,Team_Collab,42,2026-04-23
ACC1230,Dashboard,25,2026-04-24
ACC1317,Bulk_Upload,33,2026-04-22
ACC1434,API_Access,71,2026-04-12
ACC1329,Team_Collab,27,2026-04-21
ACC1034,Report_Gen,97,2026-05-02
ACC1482,Dashboard,29,2026-04-09
ACC1427,Dashboard,46,2026-04-08
ACC1397,Dashboard,93,2026-04-06
ACC1037,Team_Collab,21,2026-05-03
ACC1319,Dashboard,25,2026-04-06
ACC1043,Report_Gen,90,2026-04-11
ACC1263,Dashboard,35,2026-04-28
ACC1384,Bulk_Upload,76,2026-04-20
ACC1224,API_Access,1,2026-04-25
ACC1305,Dashboard,39,2026-04-27
ACC1421,Report_Gen,59,2026-04-30
ACC1121,Dashboard,65,2026-04-27
ACC1009,Report_Gen,100,2026-04-15
ACC1195,Team_Collab,56,2026-04-20
ACC1338,Report_Gen,75,2026-04-17
ACC1406,Bulk_Upload,91,2026-04-20
ACC1265,Dashboard,96,2026-04-27
ACC1061,Bulk_Upload,26,2026-04-12
ACC1217,Report_Gen,50,2026-04-11
ACC1104,API_Access,100,2026-04-06
ACC1484,Dashboard,49,2026-04-12
ACC1466,Dashboard,93,2026-04-29
ACC1198,Team_Collab,43,2026-04-16
ACC1330,Bulk_Upload,41,2026-04-23
ACC1320,Team_Collab,74,2026-04-07
ACC1437,Bulk_Upload,88,2026-05-04
ACC1409,API_Access,3,2026-04-19
ACC1166,Team_Collab,92,2026-04-07
ACC1135,Bulk_Upload,45,2026-05-05
ACC1048,API_Access,15,2026-04-06
ACC1135,Team_Collab,71,2026-04-24
ACC1313,Team_Collab,10,2026-04-06
ACC1432,Dashboard,64,2026-04-17
ACC1448,Team_Collab,44,2026-04-29
ACC1485,Dashboard,96,2026-04-18
ACC1475,Team_Collab,24,2026-04-26
ACC1036,Dashboard,27,2026-04-28
ACC1392,API_Access,29,2026-04-07
ACC1375,Report_Gen,98,2026-04-06
ACC1160,API_Access,53,2026-05-03
ACC1400,Team_Collab,37,2026-04-27
ACC1484,Team_Collab,41,2026-04-06
ACC1489,Report_Gen,43,2026-04-17
ACC1467,Report_Gen,37,2026-04-11
ACC1438,Report_Gen,91,2026-04-14
ACC1321,API_Access,51,2026-04-18
ACC1427,Bulk_Upload,33,2026-04-20
ACC1136,Report_Gen,41,2026-04-09
ACC1067,Report_Gen,52,2026-04-15
ACC1161,API_Access,99,2026-05-02
ACC1010,Report_Gen,47,2026-04-12
ACC1494,Report_Gen,67,2026-04-21
ACC1489,Dashboard,73,2026-04-28
ACC1487,Team_Collab,7,2026-05-02
ACC1116,Dashboard,89,2026-04-18
ACC1463,Bulk_Upload,31,2026-04-17
ACC1463,Team_Collab,96,2026-04-10
ACC1383,Report_Gen,81,2026-04-28
ACC1348,Dashboard,58,2026-04-14
ACC1006,Dashboard,18,2026-04-08
ACC1470,Bulk_Upload,35,2026-04-08
ACC1378,Dashboard,85,2026-05-04
ACC1454,API_Access,80,2026-04-10
ACC1167,Report_Gen,20,2026-04-15
ACC1461,Dashboard,40,2026-04-26
ACC1413,Team_Collab,47,2026-04-25
ACC1296,Report_Gen,26,2026-04-16
ACC1128,Team_Collab,62,2026-04-29
ACC1003,Team_Collab,92,2026-05-04
ACC1152,Bulk_Upload,5,2026-04-26
ACC1258,API_Access,11,2026-04-25
ACC1277,Bulk_Upload,31,2026-04-09
ACC1083,Report_Gen,10,2026-04-11
ACC1126,Bulk_Upload,44,2026-04-29
ACC1067,Report_Gen,46,2026-04-09
ACC1363,Team_Collab,45,2026-04-22
ACC1013,Bulk_Upload,29,2026-05-02
ACC1145,Bulk_Upload,43,2026-04-23
ACC1106,Bulk_Upload,61,2026-04-23
ACC1292,Team_Collab,6,2026-04-16
ACC1433,Dashboard,64,2026-04-15
ACC1197,Bulk_Upload,32,2026-05-03
ACC1043,Bulk_Upload,95,2026-05-03
ACC1222,Bulk_Upload,94,2026-04-06
ACC1204,Report_Gen,70,2026-04-08
ACC1338,Bulk_Upload,2,2026-04-06
ACC1299,Team_Collab,46,2026-04-19
ACC1042,Team_Collab,55,2026-04-07
ACC1290,Dashboard,54,2026-04-28
ACC1452,Report_Gen,42,2026-05-03
ACC1369,API_Access,92,2026-04-06
ACC1046,Team_Collab,67,2026-05-03
ACC1036,API_Access,52,2026-04-19
ACC1009,Bulk_Upload,90,2026-04-27
ACC1112,API_Access,3,2026-04-18
ACC1142,API_Access,19,2026-04-28
ACC1104,Dashboard,59,2026-04-15
ACC1281,Bulk_Upload,30,2026-04-22
ACC1309,Report_Gen,78,2026-04-30
ACC1460,Bulk_Upload,21,2026-05-04
ACC1012,Team_Collab,13,2026-04-29
ACC1417,Team_Collab,3,2026-04-27
ACC1083,Report_Gen,61,2026-04-18
ACC1308,API_Access,50,2026-04-23
ACC1191,Dashboard,46,2026-04-23
ACC1201,Dashboard,91,2026-04-25
ACC1461,Dashboard,42,2026-04-22
ACC1364,Dashboard,61,2026-04-16
ACC1375,Report_Gen,22,2026-04-12
ACC1084,Dashboard,49,2026-04-13
ACC1251,Team_Collab,41,2026-04-24
ACC1014,Report_Gen,69,2026-05-01
ACC1130,Team_Collab,57,2026-05-05
ACC1167,Bulk_Upload,90,2026-04-19
ACC1477,Report_Gen,41,2026-05-05
ACC1351,Bulk_Upload,40,2026-04-29
ACC1432,Bulk_Upload,18,2026-04-17
ACC1348,API_Access,61,2026-05-02
ACC1087,API_Access,48,2026-05-02
ACC1496,Bulk_Upload,80,2026-04-10
ACC1198,Report_Gen,14,2026-05-02
ACC1467,Report_Gen,63,2026-05-05
ACC1024,Team_Collab,63,2026-05-02
ACC1228,Team_Collab,29,2026-05-05
ACC1225,Bulk_Upload,55,2026-04-20
ACC1410,Report_Gen,80,2026-04-10
ACC1437,Dashboard,73,2026-04-21
ACC1228,Report_Gen,58,2026-04-21
ACC1456,Dashboard,13,2026-04-13
ACC1423,Bulk_Upload,14,2026-04-26
ACC1088,Report_Gen,45,2026-04-14
ACC1014,API_Access,99,2026-05-01
ACC1002,Team_Collab,24,2026-04-23
ACC1167,Report_Gen,81,2026-04-26
ACC1110,Dashboard,64,2026-04-15
ACC1020,Team_Collab,86,2026-04-29
ACC1306,Team_Collab,44,2026-04-14
ACC1226,Team_Collab,9,2026-04-27
ACC1442,Team_Collab,30,2026-05-02
ACC1036,Report_Gen,12,2026-04-23
ACC1002,Dashboard,12,2026-04-13
ACC1031,Bulk_Upload,98,2026-04-26
ACC1358,API_Access,21,2026-05-05
ACC1013,Report_Gen,10,2026-05-04
ACC1025,Report_Gen,81,2026-04-25
ACC1270,Dashboard,70,2026-04-23
ACC1180,API_Access,55,2026-04-16
ACC1405,Bulk_Upload,74,2026-04-17
ACC1448,Team_Collab,88,2026-04-20
ACC1153,Bulk_Upload,13,2026-04-20
ACC1249,Team_Collab,75,2026-04-22
ACC1478,Team_Collab,80,2026-05-05
ACC1351,Report_Gen,91,2026-05-05
ACC1387,Report_Gen,89,2026-04-14
ACC1323,Report_Gen,97,2026-04-08
ACC1068,Bulk_Upload,85,2026-04-25
ACC1059,Report_Gen,11,2026-04-18
ACC1255,API_Access,92,2026-04-22
ACC1131,Team_Collab,82,2026-05-04
ACC1004,Bulk_Upload,97,2026-04-25
ACC1007,Report_Gen,53,2026-05-03
ACC1068,Bulk_Upload,62,2026-04-16
ACC1249,Team_Collab,65,2026-04-09
ACC1298,Team_Collab,93,2026-04-10
ACC1393,Team_Collab,14,2026-05-05
ACC1217,API_Access,57,2026-04-20
ACC1406,Team_Collab,39,2026-04-10
ACC1469,API_Access,73,2026-04-30
ACC1070,Team_Collab,43,2026-04-28
ACC1362,Team_Collab,18,2026-05-03
ACC1225,Team_Collab,82,2026-04-18
ACC1215,Report_Gen,87,2026-04-22
ACC1215,Bulk_Upload,38,2026-04-13
ACC1399,API_Access,55,2026-04-29
ACC1148,Team_Collab,100,2026-04-30
ACC1048,API_Access,73,2026-04-13
ACC1359,API_Access,77,2026-04-09
ACC1349,API_Access,78,2026-04-23
ACC1253,Dashboard,4,2026-04-16
ACC1226,Team_Collab,97,2026-04-16
ACC1250,Report_Gen,66,2026-04-22
ACC1035,Report_Gen,35,2026-04-08
ACC1276,Bulk_Upload,45,2026-04-25
ACC1405,API_Access,59,2026-04-08
ACC1099,API_Access,1,2026-04-11
ACC1494,Report_Gen,38,2026-04-20
ACC1475,API_Access,43,2026-04-27
ACC1441,Bulk_Upload,15,2026-04-24
ACC1090,Team_Collab,39,2026-04-29
ACC1456,Dashboard,77,2026-04-12
ACC1260,Dashboard,23,2026-04-06
ACC1146,Report_Gen,81,2026-05-04
ACC1137,Dashboard,69,2026-04-23
ACC1495,Bulk_Upload,23,2026-04-12
ACC1314,API_Access,42,2026-05-02
ACC1358,Bulk_Upload,14,2026-04-28
ACC1369,Bulk_Upload,7,2026-04-17
ACC1264,Bulk_Upload,38,2026-04-24
ACC1250,Bulk_Upload,85,2026-04-21
ACC1217,Report_Gen,3,2026-04-21
ACC1184,API_Access,89,2026-05-05
ACC1362,Dashboard,24,2026-04-26
ACC1044,Dashboard,82,2026-04-27
ACC1156,Team_Collab,89,2026-04-17
ACC1310,Report_Gen,4,2026-04-14
ACC1236,Team_Collab,11,2026-04-09
ACC1485,API_Access,29,2026-04-22
ACC1279,Team_Collab,96,2026-04-23
ACC1376,API_Access,26,2026-04-18
ACC1468,Bulk_Upload,1,2026-04-11
ACC1248,API_Access,22,2026-04-23
ACC1349,Team_Collab,31,2026-04-21
ACC1341,Report_Gen,5,2026-04-15
ACC1367,Team_Collab,73,2026-04-23
ACC1149,API_Access,33,2026-05-05
ACC1279,Dashboard,48,2026-04-22
ACC1374,Report_Gen,92,2026-05-02
ACC1324,Bulk_Upload,77,2026-04-20
ACC1341,Bulk_Upload,91,2026-04-27
ACC1049,Report_Gen,26,2026-05-04
ACC1057,Report_Gen,100,2026-05-04
ACC1319,Dashboard,26,2026-04-06
ACC1232,API_Access,95,2026-05-04
ACC1306,Team_Collab,74,2026-04-29
ACC1447,Team_Collab,47,2026-04-06
ACC1328,API_Access,20,2026-04-18
ACC1256,Bulk_Upload,34,2026-04-23
ACC1051,Dashboard,53,2026-04-20
ACC1251,API_Access,100,2026-04-19
ACC1205,API_Access,88,2026-04-14
ACC1059,Bulk_Upload,55,2026-05-03
ACC1439,API_Access,85,2026-04-14
ACC1448,Team_Collab,49,2026-04-22
ACC1359,Report_Gen,80,2026-04-14
ACC1275,Bulk_Upload,47,2026-04-30
ACC1112,Team_Collab,62,2026-04-22
ACC1123,API_Access,45,2026-04-28
ACC1285,Dashboard,45,2026-04-14
ACC1216,Dashboard,13,2026-04-06
ACC1111,Team_Collab,13,2026-04-22
ACC1088,Team_Collab,59,2026-04-20
ACC1220,Bulk_Upload,99,2026-04-26
ACC1471,Report_Gen,12,2026-04-23
ACC1106,API_Access,39,2026-04-15
ACC1169,Dashboard,9,2026-05-04
ACC1175,Report_Gen,18,2026-04-14
ACC1293,Dashboard,53,2026-04-07
ACC1267,Report_Gen,37,2026-04-07
ACC1050,Report_Gen,33,2026-04-26
ACC1215,Team_Collab,86,2026-05-05
ACC1406,API_Access,32,2026-04-10
ACC1333,Dashboard,47,2026-04-09
ACC1389,Report_Gen,58,2026-04-27
ACC1119,Bulk_Upload,68,2026-05-05
ACC1398,Dashboard,49,2026-04-06
ACC1181,Team_Collab,33,2026-04-28
ACC1195,Team_Collab,8,2026-04-07
ACC1069,Team_Collab,63,2026-04-14
ACC1279,Dashboard,73,2026-04-16
ACC1037,API_Access,9,2026-04-28
ACC1096,Bulk_Upload,34,2026-04-08
ACC1318,Dashboard,3,2026-04-08
ACC1167,Team_Collab,46,2026-04-27
ACC1149,Bulk_Upload,17,2026-04-08
ACC1470,Dashboard,40,2026-04-28
ACC1416,Bulk_Upload,16,2026-04-26
ACC1474,Report_Gen,40,2026-04-10
ACC1167,Dashboard,20,2026-04-17
ACC1356,API_Access,78,2026-05-03
ACC1199,Report_Gen,28,2026-04-23
ACC1310,API_Access,1,2026-04-23
ACC1432,Team_Collab,78,2026-04-14
ACC1145,Team_Collab,31,2026-05-04
ACC1132,Dashboard,58,2026-04-23
ACC1263,Dashboard,27,2026-05-02
ACC1283,Report_Gen,55,2026-04-08
ACC1263,Dashboard,17,2026-04-27
ACC1398,Bulk_Upload,84,2026-04-08
ACC1285,Dashboard,34,2026-04-23
ACC1429,Bulk_Upload,94,2026-05-04
ACC1462,Dashboard,27,2026-04-29
ACC1411,Bulk_Upload,81,2026-04-22
ACC1165,Report_Gen,22,2026-04-15
ACC1493,Team_Collab,61,2026-05-02
ACC1391,Bulk_Upload,65,2026-04-28
ACC1060,Dashboard,30,2026-04-25
ACC1244,Bulk_Upload,67,2026-04-10
ACC1269,Report_Gen,58,2026-04-10
ACC1041,Team_Collab,34,2026-04-29
ACC1348,API_Access,46,2026-05-02
ACC1286,Team_Collab,52,2026-05-04
ACC1075,Dashboard,2,2026-04-17
ACC1464,Bulk_Upload,36,2026-04-22
ACC1274,Report_Gen,74,2026-04-06
ACC1433,API_Access,80,2026-04-24
ACC1031,Bulk_Upload,66,2026-04-29
ACC1468,Team_Collab,84,2026-04-26
ACC1486,Bulk_Upload,57,2026-04-29
ACC1110,Dashboard,41,2026-04-25
ACC1165,API_Access,47,2026-04-24
ACC1053,Team_Collab,97,2026-04-20
ACC1039,Bulk_Upload,81,2026-04-10
ACC1144,Dashboard,79,2026-04-22
ACC1257,Bulk_Upload,49,2026-04-14
ACC1240,Team_Collab,88,2026-04-12
ACC1157,Team_Collab,29,2026-04-15
ACC1207,API_Access,76,2026-04-26
ACC1235,Dashboard,98,2026-04-13
ACC1112,Dashboard,98,2026-05-03
ACC1383,Dashboard,95,2026-04-28
ACC1293,API_Access,48,2026-04-24
ACC1287,Bulk_Upload,33,2026-05-04
ACC1330,Bulk_Upload,42,2026-04-27
ACC1320,API_Access,97,2026-04-15
ACC1009,API_Access,9,2026-04-23
ACC1218,Bulk_Upload,100,2026-04-27
ACC1495,Team_Collab,45,2026-04-18
ACC1269,API_Access,98,2026-04-18
ACC1173,Dashboard,58,2026-04-17
ACC1015,Bulk_Upload,96,2026-04-14
ACC1424,Dashboard,4,2026-04-17
ACC1473,Report_Gen,53,2026-04-28
ACC1442,Dashboard,86,2026-04-07
ACC1055,Bulk_Upload,2,2026-04-10
ACC1074,Report_Gen,51,2026-04-22
ACC1142,Report_Gen,23,2026-04-27
ACC1458,Report_Gen,28,2026-05-03
ACC1011,Report_Gen,89,2026-04-20
ACC1317,Report_Gen,47,2026-04-27
ACC1436,Dashboard,89,2026-04-14
ACC1242,Bulk_Upload,3,2026-04-25
ACC1000,Team_Collab,80,2026-04-15
ACC1271,Report_Gen,80,2026-04-19
ACC1361,Bulk_Upload,74,2026-04-16
ACC1099,Report_Gen,80,2026-04-06
ACC1118,Report_Gen,78,2026-04-17
ACC1258,Bulk_Upload,8,2026-05-04
ACC1298,Dashboard,35,2026-04-08
ACC1048,Dashboard,80,2026-04-28
ACC1350,Report_Gen,81,2026-04-12
ACC1261,Report_Gen,47,2026-04-25
ACC1416,Dashboard,36,2026-04-26
ACC1104,API_Access,19,2026-04-18
ACC1144,Report_Gen,18,2026-04-11
ACC1394,Team_Collab,41,2026-04-26
ACC1457,Report_Gen,10,2026-04-11
ACC1196,Bulk_Upload,64,2026-04-13
ACC1397,Team_Collab,28,2026-04-24
ACC1388,Report_Gen,29,2026-04-21
ACC1486,Report_Gen,51,2026-04-23
ACC1418,Bulk_Upload,73,2026-04-17
ACC1110,API_Access,28,2026-04-17
ACC1081,Report_Gen,42,2026-04-10
ACC1046,Report_Gen,48,2026-04-06
ACC1075,API_Access,69,2026-04-15
ACC1433,Dashboard,94,2026-05-01
ACC1128,API_Access,64,2026-04-29
ACC1021,API_Access,48,2026-04-18
ACC1056,Team_Collab,52,2026-04-07
ACC1147,Dashboard,94,2026-04-07
ACC1389,API_Access,93,2026-04-08
ACC1057,Team_Collab,93,2026-04-19
ACC1094,API_Access,44,2026-04-26
ACC1212,Bulk_Upload,9,2026-04-21
ACC1410,Report_Gen,82,2026-04-20
ACC1484,API_Access,83,2026-04-19
ACC1070,Team_Collab,84,2026-04-17
ACC1264,Team_Collab,73,2026-04-25
ACC1114,Bulk_Upload,19,2026-04-09
ACC1277,Dashboard,80,2026-04-14
ACC1324,Bulk_Upload,25,2026-04-06
ACC1012,Team_Collab,87,2026-04-24
ACC1243,Dashboard,52,2026-04-30
ACC1469,Dashboard,60,2026-04-21
ACC1012,Bulk_Upload,61,2026-04-14
ACC1063,Report_Gen,99,2026-04-17
ACC1042,Team_Collab,91,2026-05-02
ACC1372,Dashboard,74,2026-04-18
ACC1317,Bulk_Upload,93,2026-04-20
ACC1475,Dashboard,67,2026-04-21
ACC1310,Report_Gen,56,2026-04-15
ACC1377,Team_Collab,21,2026-04-18
ACC1421,Report_Gen,2,2026-04-17
ACC1498,Dashboard,59,2026-04-11
ACC1142,Dashboard,88,2026-04-26
ACC1149,Team_Collab,31,2026-05-04
ACC1224,Team_Collab,73,2026-04-27
ACC1213,Team_Collab,3,2026-04-29
ACC1078,Bulk_Upload,17,2026-04-09
ACC1059,Report_Gen,96,2026-04-12
ACC1242,Bulk_Upload,76,2026-04-24
ACC1381,Report_Gen,88,2026-04-28
ACC1448,Report_Gen,83,2026-05-04
ACC1457,Team_Collab,86,2026-04-14
ACC1422,Team_Collab,28,2026-04-14
ACC1285,Team_Collab,83,2026-04-25
ACC1458,Team_Collab,7,2026-04-27
ACC1468,Team_Collab,68,2026-04-07
ACC1277,Team_Collab,3,2026-04-06
ACC1021,Dashboard,74,2026-04-29
ACC1263,Dashboard,37,2026-05-05
ACC1172,Report_Gen,8,2026-04-11
ACC1487,Dashboard,75,2026-04-10
ACC1348,Bulk_Upload,45,2026-04-26
ACC1455,Bulk_Upload,46,2026-05-01
ACC1299,API_Access,100,2026-04-11
ACC1459,Team_Collab,53,2026-04-19
ACC1146,API_Access,58,2026-04-20
ACC1255,Bulk_Upload,46,2026-04-18
ACC1122,API_Access,22,2026-04-11
ACC1073,Team_Collab,40,2026-05-01
ACC1334,Bulk_Upload,88,2026-04-24
ACC1150,Team_Collab,95,2026-04-25
ACC1145,API_Access,81,2026-04-13
ACC1052,Team_Collab,29,2026-04-06
ACC1073,Report_Gen,68,2026-04-21
ACC1060,Dashboard,50,2026-04-19
ACC1483,Report_Gen,28,2026-04-06
ACC1253,Team_Collab,56,2026-05-01
ACC1478,Bulk_Upload,5,2026-04-11
ACC1119,Team_Collab,40,2026-04-15
ACC1467,API_Access,29,2026-04-21
ACC1305,Dashboard,43,2026-05-01
ACC1462,Dashboard,90,2026-04-09
ACC1058,Bulk_Upload,9,2026-05-02
ACC1219,API_Access,12,2026-04-09
ACC1103,API_Access,20,2026-04-18
ACC1340,Dashboard,47,2026-04-23
ACC1497,API_Access,68,2026-04-06
ACC1495,Bulk_Upload,75,2026-05-03
ACC1271,API_Access,92,2026-04-27
ACC1194,Dashboard,40,2026-04-20
ACC1167,Dashboard,24,2026-05-04
ACC1446,API_Access,25,2026-04-06
ACC1281,Dashboard,96,2026-04-16
ACC1212,Bulk_Upload,85,2026-04-09
ACC1005,Team_Collab,92,2026-04-07
ACC1457,Team_Collab,2,2026-05-01
ACC1019,API_Access,93,2026-04-10
ACC1302,Team_Collab,60,2026-04-20
ACC1306,Dashboard,20,2026-04-23
ACC1437,Bulk_Upload,1,2026-04-30
ACC1026,API_Access,50,2026-04-07
ACC1395,API_Access,85,2026-04-06
ACC1425,Report_Gen,90,2026-04-10
ACC1054,API_Access,29,2026-04-21
ACC1412,Report_Gen,64,2026-04-21
ACC1431,Bulk_Upload,14,2026-04-17
ACC1255,API_Access,53,2026-04-08
ACC1478,Report_Gen,86,2026-04-28
ACC1150,Report_Gen,48,2026-04-09
ACC1328,Report_Gen,34,2026-04-19
ACC1107,Bulk_Upload,36,2026-04-20
ACC1345,Bulk_Upload,12,2026-04-24
ACC1162,Team_Collab,39,2026-04-29
ACC1031,Bulk_Upload,69,2026-04-27
ACC1351,Dashboard,89,2026-04-10
ACC1214,API_Access,10,2026-04-27
ACC1066,Bulk_Upload,72,2026-04-12
ACC1474,Bulk_Upload,6,2026-04-27
ACC1036,API_Access,54,2026-05-03
ACC1201,API_Access,23,2026-05-03
ACC1399,API_Access,52,2026-04-08
ACC1356,API_Access,84,2026-05-03
ACC1030,API_Access,24,2026-04-11
ACC1182,Dashboard,56,2026-04-22
ACC1224,Team_Collab,48,2026-04-13
ACC1251,Team_Collab,97,2026-04-24
ACC1358,API_Access,98,2026-04-27
ACC1385,Team_Collab,77,2026-04-14
ACC1285,Dashboard,21,2026-04-27
ACC1093,Dashboard,13,2026-05-03
ACC1200,Dashboard,95,2026-05-05
ACC1110,Team_Collab,75,2026-04-19
ACC1460,Team_Collab,2,2026-04-30
ACC1345,Team_Collab,21,2026-04-24
ACC1054,Dashboard,43,2026-04-20
ACC1157,Bulk_Upload,35,2026-04-09
ACC1354,Team_Collab,1,2026-04-11
ACC1310,Team_Collab,57,2026-04-15
ACC1487,Bulk_Upload,82,2026-04-29
ACC1457,API_Access,11,2026-04-25
ACC1352,Dashboard,19,2026-04-12
ACC1284,Dashboard,99,2026-04-24
ACC1334,Team_Collab,44,2026-04-06
ACC1062,Team_Collab,96,2026-04-21
ACC1035,API_Access,47,2026-04-26
ACC1261,Bulk_Upload,61,2026-04-27
ACC1480,Bulk_Upload,74,2026-04-06
ACC1377,Team_Collab,57,2026-04-08
ACC1175,Dashboard,19,2026-04-06
ACC1109,Report_Gen,29,2026-04-27
ACC1210,Dashboard,20,2026-05-05
ACC1006,API_Access,17,2026-04-19
ACC1258,Dashboard,76,2026-04-15
ACC1118,Team_Collab,75,2026-04-14
ACC1222,Team_Collab,47,2026-04-12
ACC1331,API_Access,65,2026-04-08
ACC1171,Team_Collab,72,2026-04-19
ACC1082,Report_Gen,68,2026-04-20
ACC1111,Team_Collab,69,2026-04-23
ACC1468,Dashboard,20,2026-04-17
ACC1134,Team_Collab,59,2026-04-16
ACC1319,Dashboard,39,2026-04-24
ACC1270,Dashboard,20,2026-04-26
ACC1294,Bulk_Upload,71,2026-05-04
ACC1260,Report_Gen,57,2026-04-19
ACC1255,API_Access,98,2026-04-11
ACC1282,API_Access,72,2026-04-14
ACC1357,Team_Collab,44,2026-04-10
ACC1085,Team_Collab,5,2026-04-14
ACC1264,Team_Collab,80,2026-04-07
ACC1300,Dashboard,82,2026-04-24
ACC1427,Report_Gen,49,2026-04-12
ACC1078,Dashboard,83,2026-04-27
ACC1342,Report_Gen,65,2026-04-12
ACC1026,Dashboard,36,2026-04-30
ACC1167,Report_Gen,96,2026-05-02
ACC1124,Bulk_Upload,63,2026-04-20
ACC1216,Bulk_Upload,76,2026-04-30
ACC1462,Bulk_Upload,47,2026-05-04
ACC1212,Report_Gen,47,2026-04-06
ACC1293,API_Access,67,2026-05-02
ACC1309,API_Access,67,2026-04-27
ACC1371,Report_Gen,10,2026-04-25
ACC1115,Report_Gen,61,2026-04-23
ACC1229,Team_Collab,85,2026-04-13
ACC1218,Dashboard,45,2026-04-29
ACC1397,API_Access,38,2026-04-18
ACC1493,Team_Collab,60,2026-05-02
ACC1027,Dashboard,87,2026-04-28
ACC1061,Team_Collab,96,2026-04-28
ACC1234,Bulk_Upload,8,2026-04-16
ACC1319,Dashboard,91,2026-04-28
ACC1329,Team_Collab,48,2026-04-17
ACC1454,Team_Collab,50,2026-05-01
ACC1393,API_Access,82,2026-04-06
ACC1444,Team_Collab,24,2026-04-21
ACC1331,Team_Collab,65,2026-05-05
ACC1323,Report_Gen,50,2026-04-28
ACC1241,Dashboard,4,2026-04-22
ACC1319,Team_Collab,97,2026-04-12
ACC1000,Team_Collab,54,2026-04-20
ACC1166,API_Access,6,2026-04-26
ACC1063,API_Access,73,2026-04-27
ACC1056,Report_Gen,92,2026-05-02
ACC1055,Report_Gen,79,2026-05-05
ACC1286,API_Access,55,2026-04-27
ACC1186,Team_Collab,13,2026-05-01
ACC1270,Report_Gen,2,2026-04-27
ACC1172,API_Access,38,2026-04-11
ACC1140,Report_Gen,87,2026-04-24
ACC1027,Team_Collab,97,2026-04-09
ACC1014,Dashboard,89,2026-05-04
ACC1187,Report_Gen,3,2026-04-19
ACC1045,Report_Gen,48,2026-04-09
ACC1223,Team_Collab,18,2026-04-27
ACC1010,Team_Collab,28,2026-04-13
ACC1361,Report_Gen,17,2026-05-02
ACC1034,API_Access,96,2026-04-22
ACC1498,Bulk_Upload,48,2026-04-28
ACC1241,API_Access,33,2026-04-29
ACC1208,Dashboard,78,2026-04-17
ACC1497,API_Access,35,2026-04-20
ACC1146,Team_Collab,61,2026-05-01
ACC1374,API_Access,75,2026-04-09
ACC1483,Dashboard,30,2026-04-24
ACC1156,API_Access,5,2026-04-20
ACC1470,Report_Gen,96,2026-04-19
ACC1000,API_Access,64,2026-04-09
ACC1068,Dashboard,14,2026-04-15
ACC1209,Dashboard,17,2026-05-03
ACC1269,Report_Gen,85,2026-05-04
ACC1013,API_Access,46,2026-04-22
ACC1109,Report_Gen,3,2026-04-18
ACC1190,API_Access,33,2026-04-29
ACC1019,API_Access,22,2026-04-14
ACC1036,Team_Collab,21,2026-04-12
ACC1409,Dashboard,56,2026-04-19
ACC1032,Dashboard,81,2026-04-27
ACC1467,Dashboard,13,2026-04-24
ACC1191,Team_Collab,67,2026-04-12
ACC1466,Bulk_Upload,17,2026-04-23
ACC1409,Team_Collab,93,2026-04-14
ACC1374,API_Access,18,2026-04-18
ACC1112,Dashboard,79,2026-04-20
ACC1019,Dashboard,40,2026-04-08
ACC1421,Team_Collab,61,2026-04-20
ACC1486,Team_Collab,8,2026-04-21
ACC1175,Dashboard,21,2026-05-05
ACC1305,API_Access,4,2026-04-21
ACC1327,Bulk_Upload,92,2026-04-22
ACC1335,Report_Gen,10,2026-04-20
ACC1450,Dashboard,26,2026-04-06
ACC1167,Team_Collab,66,2026-04-25
ACC1201,Team_Collab,37,2026-04-20
ACC1480,Team_Collab,77,2026-04-16
ACC1023,Dashboard,33,2026-04-07
ACC1422,API_Access,57,2026-04-20
ACC1024,Dashboard,15,2026-04-06
ACC1264,API_Access,11,2026-04-13
ACC1241,Team_Collab,29,2026-05-03
ACC1105,API_Access,44,2026-04-26
ACC1341,Dashboard,100,2026-04-15
ACC1076,Bulk_Upload,4,2026-04-07
ACC1047,Bulk_Upload,94,2026-05-05
ACC1387,API_Access,69,2026-05-01
ACC1173,API_Access,84,2026-04-17
ACC1088,API_Access,59,2026-04-27
ACC1441,Bulk_Upload,74,2026-04-15
ACC1343,Bulk_Upload,100,2026-05-02
ACC1105,Team_Collab,47,2026-04-26
ACC1143,Bulk_Upload,35,2026-04-17
ACC1215,Report_Gen,78,2026-05-04
ACC1087,Dashboard,4,2026-05-03
ACC1382,Bulk_Upload,11,2026-05-02
ACC1074,Report_Gen,42,2026-04-06
ACC1429,Report_Gen,90,2026-04-29
ACC1019,Team_Collab,70,2026-04-23
ACC1330,Dashboard,36,2026-04-22
ACC1420,Report_Gen,41,2026-04-30
ACC1300,Team_Collab,33,2026-04-16
ACC1297,Report_Gen,83,2026-04-19
ACC1422,Dashboard,25,2026-04-07
ACC1249,Report_Gen,6,2026-04-28
ACC1367,Team_Collab,66,2026-04-27
ACC1286,API_Access,94,2026-04-26
ACC1019,Team_Collab,44,2026-04-07
ACC1166,API_Access,15,2026-04-07
ACC1458,Dashboard,28,2026-05-03
ACC1306,API_Access,2,2026-04-25
ACC1114,Bulk_Upload,83,2026-04-17
ACC1005,API_Access,99,2026-04-11
ACC1174,API_Access,79,2026-04-24
ACC1130,API_Access,51,2026-05-03
ACC1150,Dashboard,47,2026-05-02
ACC1271,Bulk_Upload,92,2026-04-26
ACC1268,Bulk_Upload,9,2026-04-15
ACC1143,Dashboard,73,2026-04-17
ACC1461,Dashboard,59,2026-05-03
ACC1078,Team_Collab,15,2026-05-02
ACC1148,Report_Gen,75,2026-05-05
ACC1203,Dashboard,91,2026-05-04
ACC1286,Bulk_Upload,26,2026-04-28
ACC1071,Report_Gen,65,2026-04-29
ACC1316,Team_Collab,78,2026-04-16
ACC1114,Dashboard,82,2026-04-15
ACC1463,Bulk_Upload,34,2026-04-22
ACC1325,Bulk_Upload,44,2026-04-07
ACC1252,Dashboard,82,2026-04-14
ACC1151,Team_Collab,20,2026-04-07
ACC1372,Team_Collab,3,2026-04-11
ACC1253,Dashboard,41,2026-04-16
ACC1364,Report_Gen,46,2026-04-10
ACC1315,Report_Gen,26,2026-04-15
ACC1024,Bulk_Upload,7,2026-04-23
ACC1047,Team_Collab,61,2026-04-22
ACC1103,Bulk_Upload,5,2026-04-28
ACC1224,API_Access,46,2026-04-19
ACC1053,Team_Collab,23,2026-04-30
ACC1101,API_Access,86,2026-05-03
ACC1149,Team_Collab,61,2026-04-18
ACC1239,Dashboard,15,2026-04-07
ACC1485,API_Access,47,2026-04-21
ACC1270,Bulk_Upload,73,2026-04-22
ACC1070,Dashboard,86,2026-04-18
ACC1254,API_Access,31,2026-04-22
ACC1360,Dashboard,53,2026-04-14
ACC1458,Bulk_Upload,54,2026-04-06
ACC1049,Bulk_Upload,66,2026-05-05
ACC1497,Bulk_Upload,1,2026-04-09
ACC1230,Report_Gen,48,2026-04-11
ACC1214,Bulk_Upload,7,2026-04-13
ACC1329,Bulk_Upload,92,2026-04-18
ACC1061,Dashboard,100,2026-04-20
ACC1321,Dashboard,50,2026-04-07
ACC1448,Team_Collab,68,2026-04-22
ACC1182,Report_Gen,57,2026-04-18
ACC1135,Report_Gen,79,2026-04-25
ACC1282,API_Access,1,2026-04-10
ACC1174,Dashboard,91,2026-04-25
ACC1244,Report_Gen,58,2026-04-09
ACC1168,Team_Collab,69,2026-04-10
ACC1093,API_Access,95,2026-04-24
ACC1103,Dashboard,44,2026-04-16
ACC1416,Report_Gen,41,2026-04-17
ACC1380,Dashboard,21,2026-04-13
ACC1408,API_Access,81,2026-04-17
ACC1413,Report_Gen,43,2026-04-14
ACC1386,Dashboard,68,2026-04-17
ACC1180,Team_Collab,45,2026-04-15
ACC1035,Bulk_Upload,9,2026-04-16
ACC1113,API_Access,100,2026-04-06
ACC1459,Dashboard,25,2026-05-04
ACC1314,Report_Gen,40,2026-04-23
ACC1277,API_Access,14,2026-04-07
ACC1208,Dashboard,99,2026-04-29
ACC1498,Dashboard,23,2026-04-10
ACC1202,Team_Collab,40,2026-04-21
ACC1218,API_Access,49,2026-04-21
ACC1384,Team_Collab,93,2026-04-23
ACC1373,Bulk_Upload,36,2026-04-26
ACC1075,Team_Collab,37,2026-04-24
ACC1225,Team_Collab,81,2026-04-30
ACC1041,Bulk_Upload,44,2026-04-09
ACC1245,Dashboard,6,2026-04-17
ACC1175,Dashboard,52,2026-04-25
ACC1069,Report_Gen,97,2026-04-10
ACC1447,API_Access,39,2026-04-29
ACC1433,API_Access,33,2026-04-30
ACC1491,Team_Collab,11,2026-04-22
ACC1122,Bulk_Upload,80,2026-04-26
ACC1234,Report_Gen,3,2026-04-28
ACC1223,Bulk_Upload,79,2026-04-17
ACC1138,Report_Gen,32,2026-04-26
ACC1433,Bulk_Upload,59,2026-04-28
ACC1078,Report_Gen,85,2026-04-26
ACC1416,Team_Collab,34,2026-04-29
ACC1124,Dashboard,11,2026-05-02
ACC1488,API_Access,63,2026-04-08
ACC1363,Report_Gen,14,2026-05-03
ACC1161,Dashboard,75,2026-05-01
ACC1180,Bulk_Upload,100,2026-04-26
ACC1037,API_Access,29,2026-04-23
ACC1056,Bulk_Upload,92,2026-04-08
ACC1246,Team_Collab,17,2026-04-25
ACC1182,Bulk_Upload,34,2026-05-03
ACC1339,Team_Collab,17,2026-04-07
ACC1452,Team_Collab,98,2026-05-01
ACC1364,Dashboard,19,2026-04-20
ACC1297,API_Access,61,2026-04-20
ACC1425,Dashboard,61,2026-04-27
ACC1180,Team_Collab,75,2026-04-17
ACC1367,Report_Gen,45,2026-04-10
ACC1128,Bulk_Upload,17,2026-04-08
ACC1277,API_Access,77,2026-04-08
ACC1461,Dashboard,69,2026-04-25
ACC1010,Bulk_Upload,45,2026-04-10
ACC1137,Dashboard,94,2026-04-11
ACC1399,Team_Collab,14,2026-04-11
ACC1344,Bulk_Upload,11,2026-04-19
ACC1293,Team_Collab,48,2026-04-08
ACC1323,Team_Collab,85,2026-04-09
ACC1040,Dashboard,80,2026-04-15
ACC1395,Report_Gen,92,2026-04-24
ACC1385,API_Access,52,2026-04-14
ACC1112,Dashboard,34,2026-04-09
ACC1206,Dashboard,17,2026-04-15
ACC1404,Dashboard,73,2026-04-12
ACC1109,Report_Gen,7,2026-04-08
ACC1056,Report_Gen,7,2026-04-13
ACC1350,Team_Collab,41,2026-05-04
ACC1003,Report_Gen,78,2026-04-27
ACC1063,Team_Collab,7,2026-04-09
ACC1348,API_Access,63,2026-04-26
ACC1052,Report_Gen,75,2026-05-01
ACC1375,Bulk_Upload,42,2026-04-19
ACC1279,API_Access,14,2026-04-13
ACC1190,Report_Gen,56,2026-04-22
ACC1017,API_Access,1,2026-04-07
ACC1068,Team_Collab,86,2026-04-27
ACC1326,Team_Collab,75,2026-04-28
ACC1257,Report_Gen,43,2026-04-29
ACC1195,Dashboard,34,2026-04-16
ACC1116,Team_Collab,24,2026-04-06
ACC1208,Team_Collab,58,2026-04-29
ACC1037,Bulk_Upload,26,2026-04-29
ACC1250,Dashboard,51,2026-05-02
ACC1305,Team_Collab,85,2026-04-19
ACC1051,Dashboard,3,2026-04-13
ACC1047,API_Access,62,2026-04-21
ACC1350,Dashboard,42,2026-04-24
ACC1107,API_Access,39,2026-04-26
ACC1110,Report_Gen,65,2026-04-06
ACC1437,Report_Gen,80,2026-04-17
ACC1058,Dashboard,38,2026-04-27
ACC1468,API_Access,68,2026-04-17
ACC1482,Team_Collab,2,2026-04-30
ACC1178,Dashboard,31,2026-04-21
ACC1408,Dashboard,52,2026-04-23
ACC1460,Team_Collab,86,2026-05-03
ACC1060,API_Access,96,2026-04-06
ACC1252,API_Access,81,2026-04-16
ACC1258,Bulk_Upload,53,2026-04-30
ACC1287,API_Access,74,2026-04-19
ACC1149,Bulk_Upload,1,2026-05-05
ACC1448,API_Access,77,2026-04-17
ACC1296,Bulk_Upload,86,2026-04-30
ACC1467,Report_Gen,64,2026-04-18
ACC1276,Team_Collab,44,2026-04-19
ACC1299,Bulk_Upload,30,2026-04-26
ACC1191,Bulk_Upload,22,2026-04-21
ACC1355,Team_Collab,66,2026-04-24
ACC1115,API_Access,81,2026-04-27
ACC1246,Dashboard,5,2026-04-15
ACC1152,Team_Collab,37,2026-04-21
ACC1126,Bulk_Upload,21,2026-04-29
ACC1240,Report_Gen,88,2026-04-14
ACC1283,Report_Gen,16,2026-04-08
ACC1430,Report_Gen,3,2026-04-21
ACC1438,Report_Gen,7,2026-05-03
ACC1001,Report_Gen,66,2026-04-07
ACC1492,Dashboard,49,2026-04-23
ACC1417,Report_Gen,69,2026-04-20
ACC1479,Team_Collab,34,2026-04-29
ACC1374,Report_Gen,96,2026-04-25
ACC1193,Team_Collab,99,2026-05-04
ACC1164,API_Access,20,2026-05-01
ACC1221,Bulk_Upload,91,2026-05-01
ACC1248,Dashboard,92,2026-04-17
ACC1038,Dashboard,21,2026-05-05
ACC1088,API_Access,68,2026-04-29
ACC1001,Bulk_Upload,28,2026-04-17
ACC1376,Team_Collab,66,2026-04-22
ACC1013,Team_Collab,50,2026-04-27
ACC1048,API_Access,49,2026-04-14
ACC1232,Team_Collab,99,2026-05-04
ACC1290,Bulk_Upload,12,2026-04-21
ACC1253,Bulk_Upload,66,2026-04-19
ACC1443,Dashboard,11,2026-04-28
ACC1495,Dashboard,84,2026-04-17
ACC1144,Report_Gen,96,2026-04-15
ACC1279,Dashboard,99,2026-04-21
ACC1343,API_Access,21,2026-04-29
ACC1070,API_Access,71,2026-04-24
ACC1493,API_Access,94,2026-04-21
ACC1473,API_Access,41,2026-04-27
ACC1158,Bulk_Upload,92,2026-04-13
ACC1229,API_Access,79,2026-04-08
ACC1095,Report_Gen,34,2026-04-06
ACC1249,Bulk_Upload,77,2026-04-11
ACC1427,Dashboard,15,2026-04-10
ACC1255,Team_Collab,62,2026-04-25
ACC1249,API_Access,44,2026-04-20
ACC1496,API_Access,69,2026-04-18
ACC1322,Bulk_Upload,48,2026-04-22
ACC1319,Dashboard,100,2026-04-16
ACC1465,Report_Gen,52,2026-05-02
ACC1065,API_Access,27,2026-04-25
ACC1430,API_Access,88,2026-04-18
ACC1447,Team_Collab,30,2026-04-24
ACC1229,Team_Collab,72,2026-04-13
ACC1485,Dashboard,9,2026-05-04
ACC1298,API_Access,7,2026-04-18
ACC1182,Report_Gen,95,2026-04-06
ACC1055,Dashboard,22,2026-04-30
ACC1099,Team_Collab,87,2026-04-15
ACC1032,Dashboard,74,2026-04-10
ACC1264,Dashboard,34,2026-04-24
ACC1243,Bulk_Upload,81,2026-04-27
ACC1210,API_Access,20,2026-04-30
ACC1101,API_Access,22,2026-04-29
ACC1417,Dashboard,39,2026-04-11
ACC1260,Bulk_Upload,80,2026-05-05
ACC1340,Team_Collab,48,2026-04-07
ACC1089,Dashboard,26,2026-04-11
ACC1217,Dashboard,46,2026-04-28
ACC1159,Report_Gen,39,2026-04-10
ACC1012,API_Access,11,2026-04-07
ACC1337,Team_Collab,54,2026-04-08
ACC1030,API_Access,5,2026-04-17
ACC1454,Bulk_Upload,86,2026-04-21
ACC1447,Dashboard,15,2026-05-04
ACC1263,Bulk_Upload,61,2026-04-29
ACC1098,Dashboard,89,2026-04-14
ACC1312,Dashboard,67,2026-04-11
ACC1191,Report_Gen,94,2026-04-18
ACC1377,Team_Collab,1,2026-04-10
ACC1082,API_Access,90,2026-05-04
ACC1366,Bulk_Upload,12,2026-04-12
ACC1050,Report_Gen,56,2026-04-20
ACC1221,Report_Gen,87,2026-04-18
ACC1007,Dashboard,3,2026-04-06
ACC1399,Bulk_Upload,17,2026-04-15
ACC1254,Dashboard,26,2026-04-30
ACC1129,Dashboard,45,2026-04-09
ACC1054,Bulk_Upload,35,2026-04-19
ACC1393,Bulk_Upload,93,2026-04-06
ACC1114,API_Access,27,2026-04-20
ACC1201,Team_Collab,100,2026-04-17
ACC1195,Team_Collab,14,2026-04-21
ACC1034,Report_Gen,43,2026-04-22
ACC1443,Bulk_Upload,38,2026-04-14
ACC1275,Dashboard,28,2026-04-08
ACC1059,Team_Collab,83,2026-04-08
ACC1075,Bulk_Upload,37,2026-04-30
ACC1467,Report_Gen,30,2026-04-23
ACC1116,Team_Collab,21,2026-04-20
ACC1142,Team_Collab,8,2026-04-07
ACC1437,API_Access,37,2026-04-21
ACC1356,API_Access,58,2026-04-08
ACC1231,Team_Collab,81,2026-04-07
ACC1370,Bulk_Upload,37,2026-04-24
ACC1014,Bulk_Upload,68,2026-04-27
ACC1411,Dashboard,41,2026-04-09
ACC1044,Report_Gen,84,2026-04-11
ACC1128,API_Access,10,2026-04-09
ACC1341,Report_Gen,33,2026-04-21
ACC1169,Report_Gen,27,2026-04-11
ACC1004,Report_Gen,37,2026-04-11
ACC1127,API_Access,37,2026-04-30
ACC1121,Team_Collab,83,2026-04-08
ACC1483,Dashboard,90,2026-04-06
ACC1206,Report_Gen,79,2026-04-17
ACC1442,Team_Collab,98,2026-05-01
ACC1331,API_Access,65,2026-04-25
ACC1057,Bulk_Upload,90,2026-04-28
ACC1199,Team_Collab,68,2026-05-03
ACC1138,API_Access,31,2026-04-20
ACC1119,Team_Collab,84,2026-04-29
ACC1016,Bulk_Upload,19,2026-05-03
ACC1387,Dashboard,98,2026-04-29
ACC1037,Bulk_Upload,41,2026-04-29
ACC1251,Report_Gen,79,2026-05-04
ACC1492,Dashboard,77,2026-04-07
ACC1117,Dashboard,18,2026-05-02
ACC1364,Report_Gen,16,2026-04-22
ACC1091,Bulk_Upload,77,2026-05-05
ACC1392,Report_Gen,98,2026-04-23
ACC1190,Report_Gen,25,2026-05-02
ACC1076,Dashboard,1,2026-04-25
ACC1117,Bulk_Upload,97,2026-04-15
ACC1115,Team_Collab,57,2026-04-26
ACC1003,Dashboard,87,2026-04-07
ACC1259,Team_Collab,50,2026-04-07
ACC1375,Bulk_Upload,67,2026-04-27
ACC1088,API_Access,68,2026-04-08
ACC1019,Bulk_Upload,70,2026-04-24
ACC1419,API_Access,29,2026-04-30
ACC1193,Report_Gen,35,2026-04-26
ACC1224,Report_Gen,87,2026-05-04
ACC1483,API_Access,25,2026-04-23
ACC1216,API_Access,57,2026-04-11
ACC1405,API_Access,16,2026-04-15
ACC1200,Team_Collab,18,2026-04-22
ACC1215,Team_Collab,54,2026-05-01
ACC1249,Bulk_Upload,35,2026-04-24
ACC1006,API_Access,70,2026-05-04
ACC1138,Team_Collab,40,2026-04-07
ACC1313,Team_Collab,87,2026-04-30
ACC1001,Team_Collab,24,2026-04-13
ACC1047,Dashboard,8,2026-04-15
ACC1113,Bulk_Upload,96,2026-04-17
ACC1112,API_Access,71,2026-04-10
ACC1040,Report_Gen,31,2026-04-09
ACC1455,Dashboard,99,2026-05-02
ACC1393,Bulk_Upload,71,2026-04-09
ACC1056,Bulk_Upload,11,2026-04-17
ACC1407,Report_Gen,55,2026-04-10
ACC1267,Dashboard,74,2026-04-30
ACC1455,Dashboard,76,2026-04-29
ACC1210,API_Access,91,2026-04-06
ACC1084,Report_Gen,96,2026-05-02
ACC1191,Dashboard,66,2026-04-24
ACC1413,Bulk_Upload,29,2026-04-18
ACC1059,Report_Gen,13,2026-04-15
ACC1101,Report_Gen,49,2026-04-24
ACC1386,Bulk_Upload,51,2026-04-23
ACC1460,Bulk_Upload,93,2026-04-08
ACC1220,Report_Gen,2,2026-04-16
ACC1382,Report_Gen,46,2026-04-21
ACC1113,Dashboard,46,2026-04-08
ACC1461,API_Access,76,2026-05-03
ACC1080,Team_Collab,9,2026-04-06
ACC1199,Dashboard,70,2026-05-04
ACC1341,API_Access,80,2026-04-23
ACC1393,Bulk_Upload,46,2026-04-26
ACC1005,Report_Gen,61,2026-04-07
ACC1178,Team_Collab,35,2026-04-17
ACC1446,Dashboard,81,2026-04-06
ACC1152,Bulk_Upload,33,2026-04-30
ACC1239,API_Access,75,2026-04-17
ACC1069,Team_Collab,47,2026-05-05
ACC1221,API_Access,43,2026-04-20
ACC1229,API_Access,23,2026-04-12
ACC1443,Report_Gen,76,2026-04-11
ACC1344,Dashboard,8,2026-04-21
ACC1452,Dashboard,73,2026-04-21
ACC1460,API_Access,51,2026-04-14
ACC1050,Dashboard,86,2026-04-12
ACC1262,Team_Collab,86,2026-04-25
ACC1233,Dashboard,12,2026-04-29
ACC1114,Report_Gen,16,2026-04-29
ACC1102,Team_Collab,95,2026-04-20
ACC1283,Report_Gen,92,2026-04-29
ACC1146,Report_Gen,8,2026-04-29
ACC1030,Report_Gen,57,2026-04-10
ACC1451,API_Access,28,2026-04-19
ACC1137,Team_Collab,85,2026-04-15
ACC1154,Team_Collab,18,2026-04-25
ACC1348,Report_Gen,63,2026-04-26
ACC1284,Bulk_Upload,91,2026-04-20
ACC1064,API_Access,69,2026-04-29
ACC1106,Team_Collab,44,2026-04-18
ACC1370,Bulk_Upload,99,2026-04-11
ACC1116,Bulk_Upload,60,2026-04-12
ACC1095,Bulk_Upload,4,2026-04-06
ACC1227,Team_Collab,96,2026-04-21
ACC1145,API_Access,55,2026-04-25
ACC1495,Bulk_Upload,63,2026-04-27
ACC1199,Bulk_Upload,75,2026-04-24
ACC1233,Report_Gen,37,2026-04-11
ACC1346,API_Access,91,2026-04-22
ACC1466,API_Access,67,2026-04-15
ACC1257,API_Access,59,2026-04-15
ACC1402,Dashboard,45,2026-04-28
ACC1200,Dashboard,52,2026-04-07
ACC1213,Bulk_Upload,62,2026-04-08
ACC1304,API_Access,97,2026-04-12
ACC1069,Report_Gen,50,2026-04-06
ACC1496,Report_Gen,78,2026-04-30
ACC1010,Bulk_Upload,17,2026-04-25
ACC1468,Team_Collab,19,2026-04-19
ACC1435,Bulk_Upload,61,2026-04-24
ACC1096,Dashboard,72,2026-04-14
ACC1059,Team_Collab,8,2026-04-25
ACC1256,Bulk_Upload,73,2026-04-19
ACC1193,Team_Collab,7,2026-04-30
ACC1322,Bulk_Upload,2,2026-04-14
ACC1097,Bulk_Upload,83,2026-04-29
ACC1456,Report_Gen,75,2026-04-16
ACC1406,API_Access,61,2026-04-16
ACC1445,Bulk_Upload,11,2026-04-13
ACC1201,Report_Gen,49,2026-04-06
ACC1000,Dashboard,41,2026-04-14
ACC1363,Dashboard,27,2026-04-15
ACC1222,Bulk_Upload,72,2026-04-08
ACC1099,Bulk_Upload,42,2026-04-08
ACC1301,Dashboard,48,2026-04-19
ACC1144,Team_Collab,11,2026-04-19
ACC1341,Dashboard,83,2026-04-11
ACC1138,API_Access,1,2026-05-05
ACC1281,Report_Gen,21,2026-04-26
ACC1215,Team_Collab,97,2026-04-14
ACC1033,Report_Gen,37,2026-04-11
ACC1005,Dashboard,64,2026-04-11
ACC1222,Report_Gen,33,2026-05-04
ACC1361,Dashboard,21,2026-04-22
ACC1121,Report_Gen,37,2026-04-30
ACC1080,Report_Gen,62,2026-05-01
ACC1035,Report_Gen,96,2026-04-27
ACC1321,Team_Collab,32,2026-04-06
ACC1205,Dashboard,18,2026-04-18
ACC1348,Team_Collab,34,2026-05-03
ACC1478,Bulk_Upload,54,2026-04-27
ACC1154,Team_Collab,17,2026-04-11
ACC1411,API_Access,31,2026-05-02
ACC1485,Dashboard,6,2026-04-08
ACC1457,API_Access,15,2026-04-08
ACC1165,API_Access,64,2026-04-13
ACC1097,Report_Gen,64,2026-05-04
ACC1336,Dashboard,6,2026-04-22
ACC1474,Dashboard,20,2026-04-28
ACC1221,API_Access,95,2026-04-22
ACC1316,Dashboard,24,2026-04-27
ACC1062,Team_Collab,13,2026-05-05
ACC1377,Dashboard,8,2026-04-30
ACC1127,API_Access,92,2026-04-27
ACC1383,Team_Collab,7,2026-05-02
ACC1211,API_Access,63,2026-04-07
ACC1004,Bulk_Upload,93,2026-04-30
ACC1254,Team_Collab,59,2026-04-11
ACC1063,Bulk_Upload,74,2026-04-07
ACC1171,Team_Collab,88,2026-04-27
ACC1494,Bulk_Upload,92,2026-04-09
ACC1316,API_Access,33,2026-04-12
ACC1003,Dashboard,37,2026-04-27
ACC1160,Report_Gen,99,2026-04-23
ACC1077,API_Access,66,2026-04-09
ACC1123,Report_Gen,25,2026-05-03
ACC1335,Dashboard,96,2026-05-01
ACC1055,Team_Collab,61,2026-05-05
ACC1333,Bulk_Upload,64,2026-04-13
ACC1257,Report_Gen,76,2026-04-29
ACC1332,Team_Collab,68,2026-05-03
ACC1259,Bulk_Upload,26,2026-04-16
ACC1385,Team_Collab,54,2026-05-01
ACC1100,Dashboard,96,2026-04-08
ACC1211,Report_Gen,6,2026-05-05
ACC1472,Dashboard,19,2026-04-30
ACC1344,Report_Gen,21,2026-04-23
ACC1076,API_Access,83,2026-04-07
ACC1393,Team_Collab,2,2026-04-23
ACC1231,API_Access,98,2026-04-28
ACC1093,Dashboard,86,2026-05-03
ACC1161,Report_Gen,92,2026-04-28
ACC1078,Report_Gen,12,2026-04-09
ACC1324,Dashboard,2,2026-04-21
ACC1219,Team_Collab,28,2026-04-07
ACC1147,Report_Gen,55,2026-04-06
ACC1226,Report_Gen,51,2026-04-29
ACC1316,Bulk_Upload,77,2026-05-02
ACC1077,Dashboard,3,2026-04-20
ACC1089,Team_Collab,29,2026-04-26
ACC1335,Dashboard,71,2026-04-21
ACC1420,Bulk_Upload,86,2026-04-06
ACC1490,Report_Gen,72,2026-05-04
ACC1180,Team_Collab,35,2026-04-30
ACC1037,Dashboard,8,2026-05-01
ACC1338,Bulk_Upload,78,2026-04-07
ACC1037,Team_Collab,91,2026-05-03
ACC1442,Report_Gen,4,2026-04-22
ACC1286,Dashboard,32,2026-05-02
ACC1372,Team_Collab,36,2026-04-18
ACC1149,API_Access,72,2026-04-14
ACC1224,Dashboard,13,2026-04-13
ACC1471,Bulk_Upload,64,2026-05-04
ACC1295,Team_Collab,87,2026-04-11
ACC1038,Bulk_Upload,16,2026-04-27
ACC1216,Report_Gen,55,2026-04-11
ACC1005,Team_Collab,40,2026-04-24
ACC1377,API_Access,71,2026-04-17
ACC1389,Bulk_Upload,96,2026-04-27
ACC1253,Dashboard,100,2026-04-28
ACC1350,Dashboard,4,2026-04-16
ACC1030,Dashboard,49,2026-04-12
ACC1439,Team_Collab,64,2026-04-11
ACC1397,Report_Gen,60,2026-04-21
ACC1164,Team_Collab,46,2026-05-04
ACC1487,Bulk_Upload,35,2026-04-20
ACC1318,Team_Collab,89,2026-04-06
ACC1092,API_Access,77,2026-04-11
ACC1395,Team_Collab,96,2026-05-05
ACC1088,API_Access,49,2026-04-30
ACC1044,Report_Gen,77,2026-04-12
ACC1139,Team_Collab,80,2026-04-09
ACC1114,Team_Collab,23,2026-04-07
ACC1265,Dashboard,90,2026-04-26
ACC1243,Report_Gen,79,2026-04-14
ACC1349,API_Access,82,2026-04-07
ACC1305,Dashboard,69,2026-05-05
ACC1493,Bulk_Upload,11,2026-04-16
ACC1069,Dashboard,8,2026-04-27
ACC1309,Team_Collab,27,2026-04-29
ACC1041,Report_Gen,46,2026-04-16
ACC1412,Bulk_Upload,56,2026-05-05
ACC1090,API_Access,17,2026-04-25
ACC1307,Report_Gen,10,2026-04-29
ACC1090,Dashboard,26,2026-04-12
ACC1030,Team_Collab,51,2026-04-25
ACC1488,API_Access,60,2026-05-03
ACC1000,Team_Collab,5,2026-04-21
ACC1313,API_Access,20,2026-04-06
ACC1234,Dashboard,66,2026-04-09
ACC1452,Bulk_Upload,61,2026-05-05
ACC1093,Dashboard,18,2026-05-05
ACC1181,Bulk_Upload,4,2026-05-02
ACC1163,Bulk_Upload,27,2026-04-30
ACC1488,Bulk_Upload,97,2026-05-02
ACC1086,Bulk_Upload,8,2026-04-13
ACC1325,API_Access,100,2026-05-05
ACC1064,Report_Gen,15,2026-05-01
ACC1264,Report_Gen,24,2026-04-20
ACC1039,Dashboard,2,2026-04-08
ACC1013,Dashboard,81,2026-05-05
ACC1367,Dashboard,69,2026-04-28
ACC1410,Dashboard,77,2026-04-24
ACC1287,Report_Gen,20,2026-04-16
ACC1038,Team_Collab,2,2026-04-14
ACC1001,Report_Gen,22,2026-04-13
ACC1228,Team_Collab,13,2026-04-18
ACC1315,API_Access,35,2026-04-28
ACC1365,Report_Gen,14,2026-04-30
ACC1077,Report_Gen,7,2026-04-06
ACC1432,Team_Collab,46,2026-04-14
ACC1034,Team_Collab,61,2026-04-21
ACC1446,Dashboard,98,2026-04-12
ACC1126,Team_Collab,39,2026-05-04
ACC1013,Bulk_Upload,31,2026-04-21
ACC1428,Dashboard,53,2026-04-11
ACC1005,Dashboard,57,2026-04-30
ACC1402,Report_Gen,23,2026-05-03
ACC1441,Report_Gen,37,2026-04-12
ACC1151,Bulk_Upload,38,2026-05-05
ACC1221,Report_Gen,5,2026-04-07
ACC1342,API_Access,31,2026-04-23
ACC1204,Dashboard,79,2026-05-02
ACC1401,API_Access,30,2026-04-08
ACC1346,Dashboard,70,2026-04-27
ACC1467,API_Access,26,2026-04-27
ACC1081,Bulk_Upload,52,2026-05-01
ACC1301,Report_Gen,43,2026-04-25
ACC1314,Bulk_Upload,68,2026-04-09
ACC1073,API_Access,70,2026-04-07
ACC1348,Team_Collab,41,2026-04-25
ACC1235,Bulk_Upload,19,2026-04-07
ACC1452,API_Access,43,2026-05-02
ACC1160,Dashboard,16,2026-04-27
ACC1254,API_Access,27,2026-05-04
ACC1352,Report_Gen,7,2026-04-17
ACC1354,Report_Gen,8,2026-04-09
ACC1467,Team_Collab,87,2026-05-03
ACC1028,Dashboard,24,2026-05-04
ACC1236,Report_Gen,97,2026-04-16
ACC1011,Bulk_Upload,85,2026-04-17
ACC1215,Team_Collab,48,2026-05-05
ACC1437,Dashboard,96,2026-05-01
ACC1197,Report_Gen,73,2026-04-21
ACC1099,Bulk_Upload,80,2026-05-01
ACC1384,Bulk_Upload,49,2026-04-16
ACC1263,Dashboard,93,2026-04-25
ACC1245,Dashboard,71,2026-05-02
ACC1257,Report_Gen,59,2026-04-24
ACC1477,API_Access,52,2026-04-26
ACC1079,Report_Gen,83,2026-04-06
ACC1445,Dashboard,91,2026-04-15
ACC1364,Bulk_Upload,43,2026-05-01
ACC1195,Team_Collab,84,2026-04-17
ACC1008,API_Access,1,2026-04-27
ACC1046,Bulk_Upload,14,2026-05-05
ACC1370,Dashboard,47,2026-04-17
ACC1256,Report_Gen,59,2026-04-18
ACC1292,Report_Gen,95,2026-04-28
ACC1240,Bulk_Upload,31,2026-04-20
ACC1256,Report_Gen,62,2026-04-19
ACC1252,API_Access,99,2026-04-18
ACC1487,Bulk_Upload,86,2026-04-08
ACC1361,Team_Collab,28,2026-04-16
ACC1228,Team_Collab,25,2026-05-03
ACC1183,Dashboard,43,2026-04-14
ACC1124,Team_Collab,4,2026-04-30
ACC1047,Report_Gen,57,2026-05-03
ACC1289,API_Access,61,2026-04-11
ACC1355,Dashboard,17,2026-04-25
ACC1314,Team_Collab,36,2026-04-15
ACC1311,Team_Collab,55,2026-04-13
ACC1286,Bulk_Upload,70,2026-05-04
ACC1464,Dashboard,20,2026-04-28
ACC1143,Report_Gen,19,2026-04-24
ACC1054,Report_Gen,18,2026-04-21
ACC1142,Report_Gen,53,2026-04-16
ACC1285,Dashboard,78,2026-04-14
ACC1111,Report_Gen,100,2026-04-22
ACC1375,Dashboard,90,2026-04-07
ACC1106,Team_Collab,65,2026-04-21
ACC1039,Dashboard,51,2026-04-30
ACC1407,Dashboard,52,2026-04-20
ACC1016,Report_Gen,55,2026-05-02
ACC1352,Dashboard,74,2026-04-19
ACC1279,API_Access,24,2026-04-27
ACC1441,Dashboard,82,2026-04-28
ACC1347,API_Access,30,2026-04-29
ACC1087,Dashboard,26,2026-05-05
ACC1402,API_Access,20,2026-05-02
ACC1149,Report_Gen,5,2026-04-13
ACC1105,API_Access,76,2026-04-17
ACC1056,Dashboard,3,2026-04-22
ACC1182,Bulk_Upload,9,2026-04-09
ACC1450,Dashboard,83,2026-04-06
ACC1380,Bulk_Upload,77,2026-04-16
ACC1394,Report_Gen,27,2026-05-05
ACC1181,Report_Gen,14,2026-04-27
ACC1382,Bulk_Upload,81,2026-04-06
ACC1289,Report_Gen,74,2026-04-10
ACC1423,Report_Gen,2,2026-04-17
ACC1206,Dashboard,92,2026-04-15
ACC1271,Dashboard,44,2026-04-23
ACC1260,API_Access,5,2026-04-20
ACC1468,Report_Gen,19,2026-04-27
ACC1474,Dashboard,35,2026-04-29
ACC1136,Dashboard,68,2026-04-15
ACC1114,Report_Gen,20,2026-04-11
ACC1419,Team_Collab,45,2026-04-21
ACC1125,Bulk_Upload,47,2026-04-17
ACC1455,Bulk_Upload,81,2026-04-06
ACC1413,Team_Collab,73,2026-05-02
ACC1270,API_Access,98,2026-04-16
ACC1328,Dashboard,44,2026-04-19
ACC1154,Team_Collab,80,2026-04-25
ACC1037,Dashboard,54,2026-04-08
ACC1400,Report_Gen,97,2026-04-19
ACC1181,API_Access,71,2026-04-13
ACC1380,Team_Collab,16,2026-04-23
ACC1188,Team_Collab,45,2026-04-24
ACC1333,Bulk_Upload,88,2026-04-11
ACC1239,Dashboard,5,2026-04-25
ACC1429,Team_Collab,17,2026-04-17
ACC1416,API_Access,15,2026-04-22
ACC1169,Dashboard,30,2026-05-03
ACC1410,Report_Gen,38,2026-04-22
ACC1194,Team_Collab,34,2026-04-13
ACC1165,Team_Collab,15,2026-05-04
ACC1206,Report_Gen,42,2026-05-03
ACC1287,Team_Collab,5,2026-04-13
ACC1457,Team_Collab,71,2026-04-06
ACC1033,API_Access,61,2026-04-29
ACC1448,Team_Collab,46,2026-04-27
ACC1401,Team_Collab,84,2026-04-24
ACC1159,Team_Collab,29,2026-04-28
ACC1197,Bulk_Upload,6,2026-05-05
ACC1394,Report_Gen,21,2026-04-18
ACC1168,Dashboard,50,2026-04-06
ACC1101,Team_Collab,86,2026-04-27
ACC1213,Dashboard,10,2026-04-22
ACC1246,Bulk_Upload,85,2026-04-26
ACC1260,Bulk_Upload,22,2026-05-04
ACC1392,Bulk_Upload,14,2026-05-02
ACC1303,Bulk_Upload,55,2026-04-11
ACC1134,Dashboard,54,2026-04-08
ACC1037,Report_Gen,74,2026-04-21
ACC1484,Bulk_Upload,46,2026-04-25
ACC1278,Report_Gen,6,2026-04-25
ACC1315,Report_Gen,51,2026-05-05
ACC1299,Bulk_Upload,50,2026-05-05
ACC1187,Team_Collab,20,2026-04-11
ACC1169,Report_Gen,33,2026-04-18
ACC1331,Report_Gen,60,2026-04-26
ACC1348,Dashboard,30,2026-04-11
ACC1475,Bulk_Upload,100,2026-04-18
ACC1318,Dashboard,44,2026-04-15
ACC1201,Bulk_Upload,28,2026-04-10
ACC1163,Dashboard,18,2026-04-16
ACC1109,Team_Collab,47,2026-04-11
ACC1201,API_Access,79,2026-04-10
ACC1150,Bulk_Upload,20,2026-04-13
ACC1124,Bulk_Upload,28,2026-04-06
ACC1147,Team_Collab,74,2026-04-13
ACC1437,Report_Gen,38,2026-04-16
ACC1167,Dashboard,46,2026-05-03
ACC1400,Team_Collab,68,2026-05-03
ACC1426,Bulk_Upload,19,2026-04-11
ACC1279,Dashboard,100,2026-04-17
ACC1333,API_Access,64,2026-04-29
ACC1158,Dashboard,75,2026-04-29
ACC1100,Report_Gen,93,2026-04-19
ACC1427,Team_Collab,69,2026-04-28
ACC1228,Team_Collab,25,2026-04-19
ACC1171,Report_Gen,49,2026-04-18
ACC1224,API_Access,87,2026-04-25
ACC1218,Dashboard,63,2026-04-11
ACC1392,Report_Gen,96,2026-04-20
ACC1210,Dashboard,60,2026-05-03
ACC1308,Bulk_Upload,47,2026-04-10
ACC1116,Dashboard,97,2026-04-06
ACC1497,Dashboard,67,2026-04-16
ACC1070,Team_Collab,71,2026-04-20
ACC1383,Report_Gen,69,2026-04-18
ACC1366,Team_Collab,78,2026-04-11
ACC1086,Report_Gen,91,2026-04-08
ACC1286,Team_Collab,12,2026-04-08
ACC1387,Bulk_Upload,92,2026-04-17
ACC1022,API_Access,92,2026-04-06
ACC1403,Bulk_Upload,22,2026-04-19
ACC1130,Bulk_Upload,73,2026-04-20
ACC1038,API_Access,32,2026-04-15
ACC1024,Report_Gen,13,2026-05-03
ACC1029,Dashboard,17,2026-04-07
ACC1415,Team_Collab,37,2026-04-08
ACC1228,Report_Gen,34,2026-04-12
ACC1411,Team_Collab,91,2026-05-01
ACC1060,Bulk_Upload,11,2026-04-16
ACC1425,Report_Gen,53,2026-04-29
ACC1297,Report_Gen,9,2026-04-23
ACC1157,Bulk_Upload,7,2026-04-27
ACC1446,Team_Collab,2,2026-04-25
ACC1006,Team_Collab,94,2026-05-05
ACC1125,Team_Collab,43,2026-04-09
ACC1001,Team_Collab,22,2026-04-23
ACC1198,Report_Gen,34,2026-05-04
ACC1139,Bulk_Upload,26,2026-04-11
ACC1453,Bulk_Upload,80,2026-04-12
ACC1127,Dashboard,55,2026-04-26
ACC1433,Report_Gen,93,2026-04-17
ACC1110,Report_Gen,100,2026-05-04
ACC1064,Report_Gen,51,2026-04-11
ACC1384,Report_Gen,86,2026-05-04
ACC1403,Bulk_Upload,16,2026-04-22
ACC1343,Dashboard,47,2026-05-04
ACC1494,API_Access,14,2026-04-14
ACC1456,Team_Collab,70,2026-04-09
ACC1058,Report_Gen,59,2026-04-11
ACC1231,Report_Gen,92,2026-04-07
ACC1276,Dashboard,66,2026-04-29
ACC1396,Report_Gen,70,2026-05-03
ACC1474,Dashboard,75,2026-04-13
ACC1264,Report_Gen,62,2026-04-19
ACC1227,Bulk_Upload,29,2026-04-29
ACC1288,Bulk_Upload,89,2026-04-21
ACC1296,Team_Collab,17,2026-04-21
ACC1030,Bulk_Upload,60,2026-04-23
ACC1428,API_Access,51,2026-04-12
ACC1423,Dashboard,57,2026-04-20
ACC1287,Bulk_Upload,44,2026-04-08
ACC1493,Dashboard,44,2026-04-27
ACC1495,Report_Gen,36,2026-04-17
ACC1472,API_Access,2,2026-04-17
ACC1295,Dashboard,39,2026-04-10
ACC1236,Dashboard,40,2026-04-10
ACC1147,API_Access,3,2026-05-02
ACC1247,Report_Gen,92,2026-04-15
ACC1450,Bulk_Upload,61,2026-04-29
ACC1302,Dashboard,35,2026-04-11
ACC1479,Report_Gen,30,2026-04-25
ACC1150,API_Access,4,2026-05-02
ACC1170,API_Access,29,2026-04-17
ACC1263,Bulk_Upload,97,2026-05-05
ACC1243,Bulk_Upload,16,2026-04-29
ACC1194,API_Access,23,2026-04-29
ACC1345,API_Access,19,2026-04-17
ACC1079,Report_Gen,62,2026-04-23
ACC1086,Bulk_Upload,89,2026-04-28
ACC1115,Bulk_Upload,36,2026-04-21
ACC1249,Dashboard,30,2026-05-03
ACC1333,Bulk_Upload,15,2026-04-29
ACC1280,Bulk_Upload,91,2026-04-19
ACC1261,Dashboard,33,2026-04-11
ACC1309,Bulk_Upload,36,2026-04-06
ACC1414,Dashboard,27,2026-04-09
ACC1327,Bulk_Upload,43,2026-04-21
ACC1306,Report_Gen,67,2026-04-08
ACC1131,Bulk_Upload,99,2026-04-17
ACC1399,Dashboard,8,2026-04-07
ACC1106,Team_Collab,46,2026-04-23
ACC1450,Report_Gen,59,2026-04-16
ACC1334,API_Access,31,2026-04-17
ACC1228,Report_Gen,50,2026-04-21
ACC1172,API_Access,10,2026-04-15
ACC1055,Team_Collab,94,2026-05-03
ACC1412,API_Access,48,2026-04-30
ACC1021,Team_Collab,28,2026-04-08
ACC1212,Bulk_Upload,77,2026-04-17
ACC1129,Bulk_Upload,39,2026-05-02
ACC1151,Dashboard,38,2026-04-14
ACC1266,Team_Collab,69,2026-04-18
ACC1051,API_Access,58,2026-04-18
ACC1210,API_Access,67,2026-05-05
ACC1297,Report_Gen,45,2026-04-07
ACC1474,Bulk_Upload,33,2026-04-07
ACC1256,Bulk_Upload,54,2026-05-01
ACC1231,Report_Gen,79,2026-04-27
ACC1008,Dashboard,2,2026-04-09
ACC1393,Dashboard,2,2026-05-04
ACC1222,API_Access,83,2026-04-18
ACC1373,API_Access,33,2026-04-28
ACC1050,Dashboard,82,2026-05-05
ACC1485,Team_Collab,43,2026-04-21
ACC1395,Report_Gen,29,2026-04-09
ACC1172,Dashboard,66,2026-04-21
ACC1246,Dashboard,45,2026-04-17
ACC1216,Bulk_Upload,22,2026-04-17
ACC1394,API_Access,98,2026-04-25
ACC1426,API_Access,8,2026-04-14
ACC1125,Bulk_Upload,40,2026-05-03
ACC1414,API_Access,76,2026-04-08
ACC1319,Dashboard,64,2026-04-09
ACC1287,Report_Gen,13,2026-04-20
ACC1426,Report_Gen,33,2026-04-19
ACC1030,Report_Gen,97,2026-04-25
ACC1089,Team_Collab,34,2026-04-22
ACC1477,Report_Gen,45,2026-05-02
ACC1404,Team_Collab,76,2026-04-09
ACC1291,Dashboard,7,2026-04-11
ACC1250,Report_Gen,50,2026-05-02
ACC1488,Dashboard,33,2026-04-15
ACC1176,API_Access,97,2026-04-29
ACC1480,Dashboard,21,2026-04-16
ACC1210,Team_Collab,31,2026-04-24
ACC1325,Dashboard,42,2026-04-20
ACC1110,Dashboard,55,2026-04-14
ACC1414,Team_Collab,62,2026-04-18
ACC1483,Team_Collab,51,2026-05-01
ACC1008,Dashboard,25,2026-04-18
ACC1000,API_Access,23,2026-04-24
ACC1427,Dashboard,64,2026-04-17
ACC1473,API_Access,4,2026-04-30
ACC1015,Dashboard,66,2026-05-05
ACC1329,Dashboard,31,2026-04-23
ACC1310,Bulk_Upload,67,2026-04-27
ACC1247,Dashboard,37,2026-05-01
ACC1304,Team_Collab,46,2026-05-02
ACC1015,Report_Gen,51,2026-04-14
ACC1459,API_Access,10,2026-04-26
ACC1408,Report_Gen,28,2026-04-06
ACC1364,Report_Gen,71,2026-04-15
ACC1175,API_Access,75,2026-04-21
ACC1208,Bulk_Upload,68,2026-05-02
ACC1042,API_Access,23,2026-04-29
ACC1318,Bulk_Upload,47,2026-04-25
ACC1258,Bulk_Upload,48,2026-04-08
ACC1425,Bulk_Upload,80,2026-04-10
ACC1278,Report_Gen,71,2026-04-08
ACC1320,Bulk_Upload,65,2026-04-10
ACC1121,Report_Gen,18,2026-04-21
ACC1333,Report_Gen,78,2026-04-17
ACC1062,API_Access,61,2026-04-12
ACC1472,Dashboard,47,2026-04-27
ACC1382,Team_Collab,73,2026-04-17
ACC1029,Bulk_Upload,32,2026-04-19
ACC1031,Bulk_Upload,54,2026-04-12
ACC1147,Team_Collab,99,2026-05-03
ACC1197,Report_Gen,7,2026-05-01
ACC1069,API_Access,59,2026-04-08
ACC1327,Bulk_Upload,36,2026-04-10
ACC1099,API_Access,34,2026-04-30
ACC1007,Report_Gen,40,2026-04-09
ACC1067,Team_Collab,8,2026-05-02
ACC1134,API_Access,90,2026-04-28
ACC1299,Report_Gen,63,2026-04-17
ACC1325,Team_Collab,25,2026-04-06
ACC1197,Dashboard,86,2026-04-12
ACC1411,Report_Gen,54,2026-04-24
ACC1448,Bulk_Upload,54,2026-04-18
ACC1094,Team_Collab,12,2026-04-26
ACC1211,Report_Gen,74,2026-04-23
ACC1085,Bulk_Upload,45,2026-04-11
ACC1255,API_Access,84,2026-04-20
ACC1444,API_Access,20,2026-05-01
ACC1384,Report_Gen,21,2026-04-10
ACC1263,Bulk_Upload,57,2026-05-05
ACC1045,Team_Collab,35,2026-04-22
ACC1047,Team_Collab,98,2026-04-30
ACC1478,Team_Collab,55,2026-04-08
ACC1203,Report_Gen,21,2026-04-07
ACC1022,Team_Collab,52,2026-04-18
ACC1263,Dashboard,35,2026-04-13
ACC1134,API_Access,20,2026-04-25
ACC1301,Bulk_Upload,18,2026-04-18
ACC1191,Bulk_Upload,9,2026-04-22
ACC1162,API_Access,39,2026-04-30
ACC1356,Bulk_Upload,65,2026-04-10
ACC1424,API_Access,19,2026-04-27
ACC1161,API_Access,63,2026-04-08
ACC1096,API_Access,66,2026-04-17
ACC1495,API_Access,83,2026-05-03
ACC1188,Report_Gen,92,2026-04-13
ACC1352,Report_Gen,52,2026-04-20
ACC1372,API_Access,97,2026-04-08
ACC1245,Report_Gen,15,2026-04-13
ACC1358,API_Access,52,2026-04-12
ACC1157,Report_Gen,93,2026-04-19
ACC1314,API_Access,18,2026-04-22
ACC1402,API_Access,1,2026-05-04
ACC1327,API_Access,80,2026-04-18
ACC1425,Report_Gen,72,2026-04-30
ACC1370,Bulk_Upload,57,2026-04-23
ACC1141,API_Access,71,2026-04-19
ACC1447,Team_Collab,70,2026-04-28
ACC1475,Team_Collab,91,2026-04-30
ACC1010,Dashboard,12,2026-04-24
ACC1333,Dashboard,42,2026-04-24
ACC1158,API_Access,58,2026-04-21
ACC1143,Bulk_Upload,67,2026-04-21
ACC1396,Dashboard,47,2026-05-04
ACC1438,Dashboard,71,2026-05-04
ACC1386,Report_Gen,11,2026-04-10
ACC1389,Dashboard,37,2026-04-10
ACC1339,Dashboard,77,2026-04-06
ACC1181,Report_Gen,42,2026-04-27
ACC1466,Bulk_Upload,41,2026-04-09
ACC1134,Bulk_Upload,62,2026-04-25
ACC1260,Team_Collab,93,2026-04-28
ACC1030,API_Access,60,2026-04-22
ACC1362,API_Access,81,2026-04-10
ACC1152,Bulk_Upload,81,2026-04-06
ACC1008,Bulk_Upload,40,2026-04-17
ACC1294,Team_Collab,8,2026-05-05
ACC1470,API_Access,97,2026-04-12
ACC1168,Dashboard,21,2026-04-12
ACC1261,Team_Collab,12,2026-04-30
ACC1089,Report_Gen,59,2026-04-27
ACC1224,Bulk_Upload,11,2026-04-28
ACC1458,Team_Collab,10,2026-04-21
ACC1221,Dashboard,35,2026-04-22
ACC1075,Team_Collab,60,2026-04-28
ACC1135,Team_Collab,79,2026-04-15
ACC1073,Bulk_Upload,62,2026-04-27
ACC1096,Team_Collab,81,2026-04-20
ACC1241,Bulk_Upload,87,2026-04-07
ACC1043,Report_Gen,23,2026-05-03
ACC1182,Dashboard,57,2026-04-17
ACC1404,API_Access,37,2026-04-09
ACC1412,API_Access,85,2026-04-30
ACC1416,Report_Gen,68,2026-04-15
ACC1185,Bulk_Upload,44,2026-05-03
ACC1021,Report_Gen,69,2026-04-23
ACC1403,API_Access,36,2026-04-07
ACC1196,API_Access,39,2026-04-17
ACC1064,Bulk_Upload,5,2026-04-09
ACC1100,Report_Gen,31,2026-05-03
ACC1372,Report_Gen,44,2026-05-04
ACC1339,Team_Collab,70,2026-04-16
ACC1399,Bulk_Upload,6,2026-04-21
ACC1114,Bulk_Upload,45,2026-04-15
ACC1475,API_Access,37,2026-04-15
ACC1393,Report_Gen,37,2026-04-17
ACC1015,Bulk_Upload,3,2026-04-15
ACC1256,Team_Collab,25,2026-04-28
ACC1187,API_Access,70,2026-04-09
ACC1497,API_Access,46,2026-04-25
ACC1135,Team_Collab,30,2026-04-15
ACC1306,Team_Collab,2,2026-04-30
ACC1432,API_Access,89,2026-05-05
ACC1035,API_Access,65,2026-05-02
ACC1181,Report_Gen,46,2026-04-17
ACC1009,Team_Collab,19,2026-04-28
ACC1119,Team_Collab,39,2026-04-21
ACC1379,Team_Collab,5,2026-04-16
ACC1157,Bulk_Upload,14,2026-04-27
ACC1117,API_Access,31,2026-04-22
ACC1147,Report_Gen,60,2026-04-07
ACC1110,Dashboard,55,2026-05-01
ACC1250,Report_Gen,20,2026-04-14
ACC1285,Dashboard,25,2026-04-26
ACC1074,API_Access,72,2026-04-12
ACC1281,Dashboard,27,2026-04-16
ACC1133,Dashboard,2,2026-05-05
ACC1449,Team_Collab,27,2026-04-16
ACC1228,Bulk_Upload,90,2026-04-07
ACC1427,Report_Gen,71,2026-04-06
ACC1261,Bulk_Upload,58,2026-04-14
ACC1184,Team_Collab,81,2026-05-04
ACC1010,API_Access,86,2026-04-24
ACC1094,API_Access,10,2026-04-20
ACC1336,Report_Gen,14,2026-04-29
ACC1005,Dashboard,75,2026-04-21
ACC1422,API_Access,61,2026-04-23
ACC1100,API_Access,68,2026-04-30
ACC1389,Dashboard,44,2026-04-20
ACC1207,Dashboard,80,2026-04-13
ACC1369,API_Access,77,2026-04-07
ACC1375,Report_Gen,86,2026-04-13
ACC1255,API_Access,42,2026-04-06
ACC1368,Team_Collab,52,2026-04-06
ACC1388,Team_Collab,93,2026-04-30
ACC1026,Dashboard,56,2026-04-20
ACC1030,Report_Gen,22,2026-04-09
ACC1440,Report_Gen,62,2026-04-11
ACC1334,Team_Collab,11,2026-04-13
ACC1296,Bulk_Upload,21,2026-04-12
ACC1321,API_Access,30,2026-05-01
ACC1288,API_Access,33,2026-04-14
ACC1462,Bulk_Upload,51,2026-04-09
ACC1440,Report_Gen,22,2026-04-13
ACC1436,Report_Gen,80,2026-04-15
ACC1165,Team_Collab,57,2026-05-04
ACC1215,API_Access,19,2026-04-13
ACC1400,Report_Gen,94,2026-05-01
ACC1002,Dashboard,51,2026-04-17
ACC1245,API_Access,82,2026-05-04
ACC1041,Report_Gen,34,2026-04-18
ACC1191,Bulk_Upload,61,2026-04-12
ACC1148,Bulk_Upload,52,2026-04-06
ACC1155,API_Access,88,2026-04-12
ACC1097,Report_Gen,73,2026-04-18
ACC1316,Team_Collab,95,2026-04-11
ACC1453,Report_Gen,80,2026-04-13
ACC1452,Bulk_Upload,46,2026-04-06
ACC1070,Dashboard,53,2026-04-15
ACC1285,Team_Collab,89,2026-04-28
ACC1463,Bulk_Upload,15,2026-04-20
ACC1070,Bulk_Upload,28,2026-04-14
ACC1261,Report_Gen,9,2026-04-17
ACC1234,Team_Collab,59,2026-04-18
ACC1398,API_Access,26,2026-04-20
ACC1142,Bulk_Upload,4,2026-04-11
ACC1194,Bulk_Upload,38,2026-05-04
ACC1468,Bulk_Upload,2,2026-04-23
ACC1416,Bulk_Upload,15,2026-04-13
ACC1034,Team_Collab,100,2026-04-27
ACC1486,Dashboard,60,2026-04-28
ACC1031,Dashboard,23,2026-04-11
ACC1011,Team_Collab,74,2026-04-30
ACC1420,Bulk_Upload,66,2026-05-02
ACC1302,Bulk_Upload,73,2026-04-09
ACC1004,Dashboard,75,2026-05-04
ACC1275,API_Access,78,2026-05-04
ACC1050,Dashboard,96,2026-04-23
ACC1489,Team_Collab,11,2026-04-21
ACC1446,Bulk_Upload,16,2026-04-07
ACC1343,Dashboard,17,2026-05-04
ACC1427,Bulk_Upload,73,2026-04-16
ACC1299,Dashboard,60,2026-04-17
ACC1198,Team_Collab,100,2026-04-12
ACC1160,Report_Gen,54,2026-04-20
ACC1019,Bulk_Upload,41,2026-04-18
ACC1424,Team_Collab,64,2026-04-21
ACC1280,Team_Collab,37,2026-04-12
ACC1203,Team_Collab,94,2026-04-19
ACC1343,API_Access,50,2026-04-06
ACC1360,Team_Collab,99,2026-04-18
ACC1249,Team_Collab,22,2026-04-16
ACC1495,Dashboard,85,2026-04-24
ACC1031,Dashboard,31,2026-04-15
ACC1283,Dashboard,12,2026-04-16
ACC1046,Report_Gen,64,2026-04-29
ACC1017,Dashboard,17,2026-04-19
ACC1262,Report_Gen,21,2026-04-30
ACC1033,Bulk_Upload,84,2026-04-20
ACC1255,Team_Collab,88,2026-04-15
ACC1481,Team_Collab,90,2026-04-26
ACC1078,Bulk_Upload,30,2026-04-06
ACC1392,Team_Collab,12,2026-04-25
ACC1260,Bulk_Upload,86,2026-04-25
ACC1305,Team_Collab,81,2026-05-02
ACC1201,Bulk_Upload,12,2026-04-13
ACC1302,Dashboard,49,2026-04-25
ACC1203,Dashboard,17,2026-04-17
ACC1360,Report_Gen,7,2026-04-18
ACC1010,Dashboard,48,2026-05-04
ACC1364,Report_Gen,30,2026-04-10
ACC1181,API_Access,94,2026-04-30
ACC1108,Dashboard,87,2026-04-17
ACC1099,API_Access,98,2026-04-09
ACC1382,Team_Collab,21,2026-04-26
ACC1233,API_Access,64,2026-04-15
ACC1127,Dashboard,71,2026-05-03
ACC1241,Dashboard,15,2026-05-01
ACC1316,Dashboard,18,2026-04-15
ACC1211,Bulk_Upload,21,2026-04-15
ACC1195,Dashboard,57,2026-04-08
ACC1283,Report_Gen,67,2026-04-07
ACC1169,Dashboard,22,2026-04-10
ACC1146,Team_Collab,24,2026-04-12
ACC1292,Dashboard,91,2026-04-19
ACC1254,Dashboard,35,2026-04-18
ACC1133,Dashboard,62,2026-04-15
ACC1095,Dashboard,84,2026-04-24
ACC1276,Dashboard,77,2026-04-13
ACC1079,Team_Collab,60,2026-04-29
ACC1073,Report_Gen,57,2026-04-13
ACC1166,Bulk_Upload,79,2026-04-15
ACC1224,API_Access,39,2026-04-30
ACC1307,Report_Gen,61,2026-04-06
ACC1176,Bulk_Upload,34,2026-04-23
ACC1102,API_Access,60,2026-04-21
ACC1085,API_Access,1,2026-04-12
ACC1036,API_Access,34,2026-04-20
ACC1126,Dashboard,96,2026-04-26
ACC1479,Bulk_Upload,35,2026-04-30
ACC1014,Dashboard,69,2026-04-06
ACC1236,Report_Gen,67,2026-04-12
ACC1439,Report_Gen,42,2026-05-01
ACC1275,Bulk_Upload,82,2026-04-30
ACC1301,API_Access,78,2026-04-09
ACC1109,Report_Gen,71,2026-04-13
ACC1466,Dashboard,99,2026-04-20
ACC1064,Bulk_Upload,2,2026-04-07
ACC1013,API_Access,54,2026-04-30
ACC1060,API_Access,88,2026-05-03
ACC1404,Dashboard,32,2026-04-14
ACC1107,API_Access,78,2026-04-11
ACC1219,Dashboard,86,2026-04-22
ACC1061,Dashboard,11,2026-04-11
ACC1316,Report_Gen,70,2026-05-01
ACC1423,API_Access,57,2026-04-08
ACC1020,Dashboard,77,2026-04-19
ACC1248,API_Access,48,2026-04-19
ACC1140,Team_Collab,69,2026-04-25
ACC1435,Dashboard,84,2026-04-15
ACC1344,Bulk_Upload,36,2026-04-28
ACC1271,Dashboard,8,2026-05-03
ACC1213,Dashboard,57,2026-05-05
ACC1065,Bulk_Upload,39,2026-04-09
ACC1423,API_Access,53,2026-04-11
ACC1343,API_Access,12,2026-04-30
ACC1239,Bulk_Upload,89,2026-04-21
ACC1472,API_Access,13,2026-04-21
ACC1051,Report_Gen,65,2026-04-06
ACC1392,Bulk_Upload,54,2026-04-06
ACC1132,Team_Collab,23,2026-05-02
ACC1227,Bulk_Upload,54,2026-04-27
ACC1308,API_Access,51,2026-04-22
ACC1237,API_Access,82,2026-05-02
ACC1244,Team_Collab,12,2026-04-17
ACC1455,Team_Collab,1,2026-04-12
ACC1155,API_Access,82,2026-04-27
ACC1270,Bulk_Upload,81,2026-04-22
ACC1455,Report_Gen,28,2026-04-28
ACC1120,Report_Gen,72,2026-05-01
ACC1484,Report_Gen,4,2026-05-02
ACC1375,Bulk_Upload,66,2026-04-30
ACC1397,Team_Collab,71,2026-05-02
ACC1414,Dashboard,21,2026-04-20
ACC1436,API_Access,33,2026-04-13
ACC1461,Dashboard,75,2026-04-13
ACC1460,API_Access,22,2026-04-21
ACC1201,Dashboard,66,2026-04-15
ACC1057,Report_Gen,40,2026-04-25
ACC1440,Report_Gen,25,2026-04-06
ACC1200,Bulk_Upload,38,2026-04-22
ACC1250,Team_Collab,76,2026-04-16
ACC1348,Bulk_Upload,89,2026-04-14
ACC1338,API_Access,58,2026-04-13
ACC1150,Dashboard,50,2026-04-06
ACC1460,Dashboard,9,2026-04-13
ACC1070,Bulk_Upload,97,2026-04-27
ACC1023,API_Access,71,2026-04-07
ACC1149,Dashboard,72,2026-04-23
ACC1230,API_Access,11,2026-04-15
ACC1229,Team_Collab,70,2026-04-25
ACC1408,Dashboard,95,2026-05-03
ACC1158,Report_Gen,28,2026-04-09
ACC1032,Report_Gen,41,2026-04-12
ACC1429,Report_Gen,97,2026-04-25
ACC1097,Dashboard,18,2026-04-30
ACC1366,Bulk_Upload,14,2026-04-27
ACC1130,Team_Collab,70,2026-04-09
ACC1020,Dashboard,4,2026-05-04
ACC1075,Report_Gen,55,2026-05-02
ACC1352,API_Access,36,2026-04-20
ACC1150,API_Access,87,2026-05-01
ACC1392,Dashboard,51,2026-04-27
ACC1475,Team_Collab,18,2026-04-13
ACC1421,Dashboard,40,2026-05-03
ACC1086,Team_Collab,31,2026-04-14
ACC1327,API_Access,96,2026-04-10
ACC1079,Bulk_Upload,44,2026-04-16
ACC1310,Report_Gen,31,2026-04-23
ACC1279,API_Access,95,2026-04-25
ACC1140,Dashboard,45,2026-04-18
ACC1263,Bulk_Upload,24,2026-04-09
ACC1195,Report_Gen,77,2026-04-11
ACC1204,Report_Gen,49,2026-05-01
ACC1304,Bulk_Upload,72,2026-04-07
ACC1059,Dashboard,41,2026-04-30
ACC1154,API_Access,26,2026-04-24
ACC1188,Report_Gen,22,2026-04-06
ACC1128,API_Access,15,2026-04-15
ACC1443,API_Access,57,2026-04-17
ACC1351,Dashboard,89,2026-05-05
ACC1417,Team_Collab,81,2026-04-19
ACC1469,Team_Collab,50,2026-04-27
ACC1095,Bulk_Upload,27,2026-04-09
ACC1327,Report_Gen,76,2026-05-02
ACC1456,Team_Collab,16,2026-04-24
ACC1215,Dashboard,95,2026-04-12
ACC1418,API_Access,44,2026-04-30
ACC1037,Dashboard,90,2026-04-17
ACC1169,Dashboard,13,2026-04-16
ACC1048,Report_Gen,38,2026-04-23
ACC1229,API_Access,92,2026-04-11
ACC1425,API_Access,91,2026-04-21
ACC1434,Report_Gen,3,2026-04-08
ACC1181,Report_Gen,80,2026-04-07
ACC1234,Dashboard,2,2026-05-05
ACC1269,Team_Collab,22,2026-04-18
ACC1476,Bulk_Upload,18,2026-04-17
ACC1368,Report_Gen,60,2026-04-17
ACC1327,Bulk_Upload,98,2026-04-29
ACC1249,Dashboard,52,2026-04-19
ACC1465,Report_Gen,6,2026-04-08
ACC1284,Team_Collab,47,2026-04-30
ACC1391,Team_Collab,86,2026-04-24
ACC1005,Team_Collab,53,2026-04-14
ACC1066,Bulk_Upload,86,2026-04-30
ACC1155,Dashboard,37,2026-04-08
ACC1294,Dashboard,43,2026-04-12
ACC1217,API_Access,30,2026-05-02
ACC1424,Bulk_Upload,89,2026-04-16
ACC1402,API_Access,16,2026-04-21
ACC1248,Dashboard,64,2026-04-21
ACC1078,Bulk_Upload,25,2026-04-27
ACC1451,Report_Gen,60,2026-04-20
ACC1343,Team_Collab,22,2026-04-07
ACC1395,Dashboard,39,2026-04-28
ACC1194,Bulk_Upload,47,2026-04-24
ACC1386,Dashboard,67,2026-04-18
ACC1491,Bulk_Upload,21,2026-05-04
ACC1270,API_Access,32,2026-04-07
ACC1028,API_Access,49,2026-04-07
ACC1057,Report_Gen,35,2026-04-27
ACC1058,API_Access,46,2026-04-18
ACC1284,Dashboard,79,2026-05-02
ACC1002,API_Access,45,2026-04-24
ACC1020,Team_Collab,44,2026-04-22
ACC1442,Report_Gen,27,2026-05-01
ACC1479,Team_Collab,99,2026-04-14
ACC1276,API_Access,59,2026-04-25
ACC1348,Report_Gen,79,2026-04-15
ACC1158,Bulk_Upload,56,2026-05-05
ACC1489,Bulk_Upload,78,2026-04-13
ACC1254,Dashboard,21,2026-04-27
ACC1012,Dashboard,20,2026-04-16
ACC1432,Bulk_Upload,15,2026-04-24
ACC1093,Team_Collab,33,2026-04-12
ACC1450,Dashboard,78,2026-05-01
ACC1068,API_Access,9,2026-04-08
ACC1013,Dashboard,9,2026-04-16
ACC1171,Team_Collab,80,2026-04-19
ACC1345,Team_Collab,99,2026-04-30
ACC1212,Report_Gen,15,2026-04-19
ACC1412,Report_Gen,31,2026-04-23
ACC1437,Report_Gen,13,2026-05-01
ACC1479,Bulk_Upload,41,2026-04-28
ACC1318,Team_Collab,79,2026-04-20
ACC1195,Bulk_Upload,41,2026-04-15
ACC1295,API_Access,35,2026-04-21
ACC1299,Report_Gen,4,2026-05-02
ACC1408,API_Access,30,2026-04-19
ACC1146,Report_Gen,41,2026-04-13
ACC1352,API_Access,91,2026-04-06
ACC1466,Team_Collab,15,2026-04-11
ACC1269,Bulk_Upload,55,2026-05-05
ACC1296,API_Access,2,2026-05-05
ACC1353,Team_Collab,35,2026-04-07
ACC1276,Report_Gen,64,2026-05-02
ACC1031,Team_Collab,92,2026-04-08
ACC1058,Bulk_Upload,27,2026-04-17
ACC1096,Report_Gen,7,2026-05-04
ACC1163,Dashboard,49,2026-04-28
ACC1037,Dashboard,42,2026-04-10
ACC1403,Bulk_Upload,67,2026-04-19
ACC1426,Dashboard,60,2026-04-22
ACC1397,Bulk_Upload,4,2026-04-23
ACC1492,Dashboard,19,2026-04-23
ACC1277,Dashboard,34,2026-04-29
ACC1342,Report_Gen,69,2026-04-20
ACC1015,Report_Gen,10,2026-04-26
ACC1300,Dashboard,25,2026-04-17
ACC1022,Bulk_Upload,60,2026-04-26
ACC1448,API_Access,74,2026-04-16
ACC1107,Dashboard,5,2026-05-04
ACC1179,Dashboard,62,2026-04-25
ACC1041,API_Access,8,2026-04-06
ACC1317,Report_Gen,73,2026-04-18
ACC1250,Report_Gen,79,2026-04-22
ACC1072,Team_Collab,50,2026-04-26
ACC1201,Team_Collab,89,2026-04-06
ACC1338,API_Access,49,2026-04-27
ACC1047,Team_Collab,91,2026-04-12
ACC1023,Team_Collab,33,2026-05-02
ACC1009,API_Access,69,2026-04-07
ACC1137,Bulk_Upload,89,2026-04-25
ACC1096,Team_Collab,81,2026-04-08
ACC1471,Report_Gen,87,2026-04-27
ACC1385,Team_Collab,75,2026-04-28
ACC1053,Report_Gen,55,2026-04-08
ACC1311,Dashboard,43,2026-04-22
ACC1355,Bulk_Upload,23,2026-05-03
ACC1423,Team_Collab,3,2026-04-18
ACC1064,API_Access,99,2026-04-25
ACC1484,Bulk_Upload,89,2026-04-11
ACC1255,Team_Collab,88,2026-05-01
ACC1183,Team_Collab,97,2026-04-20
ACC1232,API_Access,34,2026-04-21
ACC1281,Report_Gen,55,2026-04-14
ACC1001,API_Access,35,2026-04-18
ACC1185,Bulk_Upload,39,2026-04-15
ACC1462,Bulk_Upload,86,2026-04-09
ACC1345,API_Access,16,2026-04-23
ACC1302,API_Access,87,2026-04-26
ACC1225,Team_Collab,94,2026-04-06
ACC1017,API_Access,92,2026-04-13
ACC1120,Bulk_Upload,76,2026-04-13
ACC1102,Report_Gen,20,2026-05-01
ACC1217,Dashboard,27,2026-04-12
ACC1154,Dashboard,9,2026-05-02
ACC1173,Bulk_Upload,99,2026-05-04
ACC1063,Dashboard,20,2026-04-24
ACC1021,Bulk_Upload,14,2026-04-22
ACC1265,Dashboard,51,2026-04-18
ACC1048,Bulk_Upload,62,2026-04-09
ACC1056,API_Access,72,2026-04-12
ACC1416,Team_Collab,84,2026-04-21
ACC1251,Dashboard,26,2026-04-24
ACC1265,API_Access,29,2026-04-15
ACC1388,Bulk_Upload,33,2026-04-25
ACC1420,Bulk_Upload,22,2026-05-02
ACC1083,Team_Collab,96,2026-05-03
ACC1406,Bulk_Upload,36,2026-05-04
ACC1135,API_Access,78,2026-04-26
ACC1236,Dashboard,75,2026-05-02
ACC1099,Bulk_Upload,13,2026-04-10
ACC1477,Bulk_Upload,70,2026-04-11
ACC1442,Report_Gen,24,2026-04-26
ACC1214,Team_Collab,18,2026-04-17
ACC1069,Team_Collab,58,2026-04-11
ACC1346,API_Access,22,2026-04-16
ACC1011,Bulk_Upload,85,2026-04-10
ACC1048,Dashboard,13,2026-04-06
ACC1424,Bulk_Upload,33,2026-05-04
ACC1031,API_Access,27,2026-04-18
ACC1487,Report_Gen,46,2026-04-17
ACC1153,API_Access,80,2026-04-12
ACC1344,Report_Gen,16,2026-04-19
ACC1289,Bulk_Upload,32,2026-04-24
ACC1364,Dashboard,49,2026-05-02
ACC1182,API_Access,98,2026-04-19
ACC1392,Dashboard,43,2026-04-11
ACC1309,Report_Gen,91,2026-04-29
ACC1299,Dashboard,94,2026-04-09
ACC1244,Report_Gen,27,2026-04-12
ACC1113,Bulk_Upload,75,2026-04-20
ACC1085,Dashboard,34,2026-04-28
ACC1254,Dashboard,7,2026-04-09
ACC1207,Team_Collab,39,2026-05-02
ACC1158,Report_Gen,94,2026-04-11
ACC1149,Team_Collab,54,2026-04-08
ACC1114,Report_Gen,9,2026-04-07
ACC1235,Team_Collab,51,2026-04-26
ACC1088,Bulk_Upload,69,2026-04-27
ACC1334,Dashboard,46,2026-05-05
ACC1110,Report_Gen,80,2026-05-03
ACC1217,Dashboard,53,2026-04-15
ACC1436,Dashboard,46,2026-05-05
ACC1303,API_Access,23,2026-04-11
ACC1006,Bulk_Upload,44,2026-04-08
ACC1024,Team_Collab,5,2026-04-18
ACC1373,Bulk_Upload,12,2026-04-15
ACC1387,API_Access,18,2026-04-14
ACC1383,Dashboard,60,2026-04-16
ACC1464,Team_Collab,73,2026-04-15
ACC1323,Bulk_Upload,76,2026-04-06
ACC1321,Dashboard,32,2026-04-28
ACC1247,Report_Gen,42,2026-04-14
ACC1297,Team_Collab,38,2026-04-20
ACC1137,Dashboard,62,2026-05-02
ACC1112,Team_Collab,87,2026-05-04
ACC1181,Bulk_Upload,15,2026-04-14
ACC1071,Dashboard,59,2026-04-12
ACC1368,API_Access,33,2026-04-30
ACC1049,Report_Gen,63,2026-04-21
ACC1065,Dashboard,42,2026-04-14
ACC1021,API_Access,9,2026-04-29
ACC1193,Report_Gen,71,2026-04-20
ACC1294,Report_Gen,81,2026-04-24
ACC1161,API_Access,83,2026-04-28
ACC1066,Dashboard,63,2026-04-29
ACC1384,API_Access,69,2026-04-14
ACC1341,API_Access,83,2026-04-26
ACC1057,Report_Gen,74,2026-04-19
ACC1252,Dashboard,63,2026-05-01
ACC1071,Team_Collab,99,2026-04-20
ACC1389,Report_Gen,64,2026-04-24
ACC1475,Team_Collab,57,2026-04-25
ACC1061,Team_Collab,46,2026-04-07
ACC1298,Team_Collab,31,2026-04-25
ACC1435,Report_Gen,56,2026-04-18
ACC1128,Report_Gen,14,2026-04-18
ACC1103,Dashboard,39,2026-04-18
ACC1075,Dashboard,59,2026-04-14
ACC1035,Team_Collab,93,2026-05-01
ACC1091,Dashboard,82,2026-05-02
ACC1145,Team_Collab,22,2026-04-17
ACC1256,Bulk_Upload,40,2026-04-14
ACC1136,Report_Gen,76,2026-04-16
ACC1475,Report_Gen,88,2026-04-12
ACC1153,API_Access,43,2026-04-26
ACC1174,API_Access,60,2026-04-17
ACC1247,Team_Collab,88,2026-04-25
ACC1273,Dashboard,63,2026-05-05
ACC1331,Team_Collab,20,2026-04-25
ACC1118,Dashboard,83,2026-04-20
ACC1356,API_Access,56,2026-04-15
ACC1211,Team_Collab,72,2026-04-30
ACC1474,Dashboard,59,2026-04-30
ACC1237,Team_Collab,39,2026-04-20
ACC1453,Bulk_Upload,44,2026-05-02
ACC1483,API_Access,9,2026-04-21
ACC1142,API_Access,19,2026-04-12
ACC1037,API_Access,10,2026-04-26
ACC1377,Bulk_Upload,7,2026-04-09
ACC1431,Bulk_Upload,68,2026-04-28
ACC1275,Dashboard,11,2026-04-08
ACC1150,Team_Collab,69,2026-04-28
ACC1333,Bulk_Upload,74,2026-04-23
ACC1482,Bulk_Upload,96,2026-04-16
ACC1025,API_Access,49,2026-05-03
ACC1313,Bulk_Upload,24,2026-04-10
ACC1379,Dashboard,46,2026-04-19
ACC1445,API_Access,87,2026-04-09
ACC1185,API_Access,100,2026-04-25
ACC1235,Team_Collab,30,2026-04-19
ACC1364,Dashboard,62,2026-04-07
ACC1386,Report_Gen,73,2026-04-29
ACC1324,Team_Collab,10,2026-05-02
ACC1127,API_Access,93,2026-04-28
ACC1023,Team_Collab,87,2026-04-08
ACC1067,Report_Gen,53,2026-04-23
ACC1405,Dashboard,63,2026-04-14
ACC1309,Dashboard,55,2026-04-20
ACC1296,Bulk_Upload,10,2026-05-05
ACC1420,Team_Collab,19,2026-04-06
ACC1449,Bulk_Upload,47,2026-05-01
ACC1160,API_Access,6,2026-04-14
ACC1386,Bulk_Upload,9,2026-04-30
ACC1465,Bulk_Upload,13,2026-04-19
ACC1213,Report_Gen,13,2026-04-23
ACC1263,Report_Gen,69,2026-04-08
ACC1197,Team_Collab,94,2026-04-08
ACC1248,Report_Gen,92,2026-04-24
ACC1081,Team_Collab,2,2026-04-14
ACC1319,Team_Collab,55,2026-04-14
ACC1363,Report_Gen,79,2026-04-25
ACC1327,Team_Collab,23,2026-04-30
ACC1275,API_Access,70,2026-04-11
ACC1302,Team_Collab,66,2026-05-03
ACC1224,Report_Gen,35,2026-04-29
ACC1418,Bulk_Upload,1,2026-04-08
ACC1400,Bulk_Upload,1,2026-04-18
ACC1228,Report_Gen,36,2026-04-13
ACC1064,Dashboard,2,2026-04-20
ACC1387,Report_Gen,63,2026-04-06
ACC1488,Bulk_Upload,63,2026-05-02
ACC1142,Dashboard,87,2026-04-10
ACC1270,API_Access,99,2026-04-14
ACC1220,API_Access,67,2026-04-07
ACC1224,API_Access,48,2026-04-20
ACC1088,Dashboard,97,2026-04-20
ACC1053,Dashboard,61,2026-04-07
ACC1428,Dashboard,22,2026-04-06
ACC1375,Report_Gen,72,2026-04-30
ACC1249,Bulk_Upload,46,2026-04-15
ACC1258,API_Access,74,2026-04-17
ACC1062,Dashboard,53,2026-05-04
ACC1369,Report_Gen,64,2026-04-30
ACC1281,API_Access,23,2026-04-25
ACC1099,Report_Gen,32,2026-04-23
ACC1246,API_Access,19,2026-05-05
ACC1215,Dashboard,79,2026-04-06
ACC1221,Team_Collab,75,2026-04-20
ACC1053,API_Access,90,2026-04-14
ACC1187,Bulk_Upload,47,2026-04-13
ACC1047,Dashboard,14,2026-04-13
ACC1379,Dashboard,42,2026-04-07
ACC1104,Team_Collab,46,2026-04-21
ACC1097,Dashboard,12,2026-04-23
ACC1335,API_Access,12,2026-04-10
ACC1403,Dashboard,47,2026-05-04
ACC1265,Dashboard,4,2026-05-01
ACC1073,Dashboard,72,2026-04-23
ACC1143,API_Access,22,2026-04-14
ACC1494,Team_Collab,6,2026-04-10
ACC1484,Report_Gen,49,2026-04-22
ACC1168,Bulk_Upload,47,2026-05-05
ACC1149,Report_Gen,29,2026-04-10
ACC1343,Dashboard,57,2026-04-11
ACC1114,Dashboard,44,2026-04-08
ACC1116,Report_Gen,76,2026-04-27
ACC1490,Report_Gen,25,2026-05-01
ACC1348,Bulk_Upload,18,2026-04-15
ACC1184,Dashboard,65,2026-04-15
ACC1195,API_Access,69,2026-04-26
ACC1105,Dashboard,36,2026-04-12
ACC1123,API_Access,49,2026-04-28
ACC1094,API_Access,98,2026-04-18
ACC1015,Dashboard,86,2026-04-27
ACC1270,Dashboard,6,2026-04-27
ACC1078,Report_Gen,36,2026-05-03
ACC1246,Bulk_Upload,37,2026-04-29
ACC1286,Team_Collab,47,2026-04-14
ACC1477,Bulk_Upload,55,2026-05-05
ACC1245,Team_Collab,1,2026-04-07
ACC1390,Bulk_Upload,90,2026-04-10
ACC1252,Dashboard,24,2026-04-27
ACC1186,API_Access,40,2026-04-28
ACC1284,API_Access,78,2026-04-30
ACC1002,Report_Gen,34,2026-04-16
ACC1480,Bulk_Upload,11,2026-04-11
ACC1023,Report_Gen,32,2026-04-06
ACC1061,Team_Collab,7,2026-04-22
ACC1446,Team_Collab,36,2026-04-26
ACC1259,API_Access,37,2026-04-25
ACC1062,Team_Collab,19,2026-04-17
ACC1145,Bulk_Upload,94,2026-05-01
ACC1229,Dashboard,96,2026-04-14
ACC1200,Team_Collab,66,2026-04-30
ACC1366,Dashboard,22,2026-04-09
ACC1149,Dashboard,59,2026-04-29
ACC1035,Report_Gen,71,2026-04-22
ACC1180,Team_Collab,68,2026-04-26
ACC1295,Bulk_Upload,25,2026-05-02
ACC1039,Report_Gen,27,2026-04-24
ACC1022,Bulk_Upload,46,2026-04-18
ACC1135,Report_Gen,21,2026-04-21
ACC1138,Report_Gen,6,2026-04-07
ACC1479,Report_Gen,13,2026-04-11
ACC1248,Bulk_Upload,28,2026-04-06
ACC1073,API_Access,71,2026-05-01
ACC1201,Team_Collab,75,2026-04-25
ACC1391,Dashboard,22,2026-05-05
ACC1146,API_Access,9,2026-04-07
ACC1039,Dashboard,88,2026-04-14
ACC1230,Report_Gen,86,2026-05-02
ACC1040,API_Access,5,2026-04-17
ACC1193,Report_Gen,44,2026-04-25
ACC1142,Bulk_Upload,5,2026-04-14
ACC1241,Team_Collab,2,2026-04-22
ACC1459,Report_Gen,21,2026-04-17
ACC1176,API_Access,63,2026-05-02
ACC1254,API_Access,24,2026-05-05
ACC1015,Bulk_Upload,94,2026-05-01
ACC1133,Team_Collab,29,2026-04-30
ACC1010,Dashboard,19,2026-04-15
ACC1166,Bulk_Upload,20,2026-04-14
ACC1037,Team_Collab,93,2026-04-24
ACC1038,Bulk_Upload,69,2026-04-10
ACC1001,API_Access,91,2026-04-24
ACC1475,Team_Collab,77,2026-04-09
ACC1102,Dashboard,27,2026-04-06
ACC1383,API_Access,9,2026-04-06
ACC1225,Bulk_Upload,84,2026-04-19
ACC1064,API_Access,76,2026-05-05
ACC1441,Dashboard,44,2026-04-20
ACC1241,Team_Collab,55,2026-04-12
ACC1099,Report_Gen,84,2026-04-10
ACC1261,Dashboard,86,2026-04-08
ACC1200,Report_Gen,39,2026-04-11
ACC1247,Bulk_Upload,31,2026-04-24
ACC1286,API_Access,95,2026-05-04
ACC1238,API_Access,35,2026-04-14
ACC1325,Team_Collab,90,2026-04-10
ACC1200,Dashboard,70,2026-04-28
ACC1433,API_Access,19,2026-05-04
ACC1402,API_Access,98,2026-04-21
ACC1489,Report_Gen,26,2026-04-15
ACC1201,Dashboard,4,2026-04-23
ACC1455,Report_Gen,32,2026-04-29
ACC1456,Bulk_Upload,80,2026-04-08
ACC1102,API_Access,50,2026-04-28
ACC1167,Report_Gen,61,2026-04-19
ACC1000,Dashboard,45,2026-04-29
ACC1446,Bulk_Upload,5,2026-04-25
ACC1227,Team_Collab,92,2026-04-10
ACC1186,Team_Collab,80,2026-05-04
ACC1179,Team_Collab,46,2026-04-24
ACC1443,Dashboard,79,2026-04-16
ACC1203,Report_Gen,37,2026-04-20
ACC1011,Bulk_Upload,84,2026-04-18
ACC1476,Team_Collab,52,2026-04-29
ACC1322,Report_Gen,91,2026-04-28
ACC1136,Bulk_Upload,18,2026-04-12
ACC1447,API_Access,52,2026-04-18
ACC1279,API_Access,87,2026-05-02
ACC1380,API_Access,84,2026-04-17
ACC1190,Dashboard,64,2026-04-06
ACC1380,Dashboard,60,2026-04-21
ACC1243,Report_Gen,91,2026-04-22
ACC1390,Bulk_Upload,37,2026-04-09
ACC1467,Bulk_Upload,62,2026-04-21
ACC1224,API_Access,64,2026-05-05
ACC1425,Dashboard,27,2026-04-28
ACC1007,API_Access,89,2026-05-01
ACC1034,Team_Collab,24,2026-04-17
ACC1018,Report_Gen,35,2026-04-09
ACC1444,Team_Collab,33,2026-04-08
ACC1169,Dashboard,9,2026-04-07
ACC1449,Report_Gen,44,2026-04-20
ACC1319,Report_Gen,35,2026-04-18
ACC1312,Bulk_Upload,7,2026-04-17
ACC1226,Report_Gen,31,2026-04-11
ACC1493,Team_Collab,4,2026-04-25
ACC1254,Team_Collab,88,2026-04-13
ACC1248,Dashboard,65,2026-04-24
ACC1027,Bulk_Upload,30,2026-04-14
ACC1455,Dashboard,70,2026-05-04
ACC1144,Report_Gen,91,2026-04-08
ACC1045,API_Access,65,2026-05-03
ACC1182,Report_Gen,37,2026-04-19
ACC1404,Team_Collab,28,2026-04-25
ACC1383,Report_Gen,94,2026-05-04
ACC1335,Dashboard,15,2026-04-30
ACC1402,Report_Gen,23,2026-04-26
ACC1394,Team_Collab,92,2026-05-03
ACC1147,Bulk_Upload,48,2026-05-04
ACC1332,Dashboard,34,2026-04-18
ACC1005,Dashboard,21,2026-04-20
ACC1394,Team_Collab,11,2026-04-16
ACC1342,Dashboard,80,2026-04-27
ACC1479,Dashboard,7,2026-04-06
ACC1100,API_Access,26,2026-04-19
ACC1253,Bulk_Upload,85,2026-04-11
ACC1162,Bulk_Upload,32,2026-04-13
ACC1069,Team_Collab,59,2026-04-08
ACC1466,Bulk_Upload,28,2026-05-05
ACC1235,Report_Gen,16,2026-04-27
ACC1280,Bulk_Upload,35,2026-04-13
ACC1327,Team_Collab,3,2026-05-05
ACC1083,API_Access,17,2026-04-28
ACC1050,Report_Gen,7,2026-04-16
ACC1225,API_Access,79,2026-04-10
ACC1308,Team_Collab,77,2026-04-30
ACC1356,Team_Collab,41,2026-04-16
ACC1234,API_Access,20,2026-04-22
ACC1309,Team_Collab,90,2026-04-29
ACC1421,Report_Gen,29,2026-04-06
ACC1023,Bulk_Upload,36,2026-04-24
ACC1237,Dashboard,81,2026-04-16
ACC1284,API_Access,49,2026-04-18
ACC1277,Team_Collab,58,2026-04-20
ACC1402,Team_Collab,33,2026-04-21
ACC1197,Report_Gen,88,2026-05-03
ACC1172,API_Access,25,2026-04-21
ACC1183,Dashboard,74,2026-04-29
ACC1259,API_Access,41,2026-04-25
ACC1065,API_Access,27,2026-05-01
ACC1462,Bulk_Upload,10,2026-04-27
ACC1408,Bulk_Upload,65,2026-04-12
ACC1144,Dashboard,75,2026-04-06
ACC1187,Bulk_Upload,92,2026-04-27
ACC1194,Dashboard,11,2026-04-20
ACC1458,Team_Collab,92,2026-04-20
ACC1409,API_Access,2,2026-04-29
ACC1152,Report_Gen,56,2026-04-14
ACC1298,Report_Gen,64,2026-04-21
ACC1339,Dashboard,31,2026-04-22
ACC1241,Team_Collab,98,2026-04-29
ACC1419,Report_Gen,23,2026-04-30
ACC1460,Report_Gen,19,2026-04-07
ACC1342,Report_Gen,99,2026-05-02
ACC1202,API_Access,63,2026-04-06
ACC1443,Report_Gen,67,2026-04-30
ACC1338,Report_Gen,27,2026-04-26
ACC1394,Bulk_Upload,75,2026-04-19
ACC1205,API_Access,67,2026-04-29
ACC1109,Report_Gen,34,2026-04-28
ACC1047,Dashboard,1,2026-04-14
ACC1427,API_Access,53,2026-04-29
ACC1074,Dashboard,51,2026-04-27
ACC1201,Report_Gen,43,2026-04-24
ACC1172,Report_Gen,14,2026-04-07
ACC1283,Bulk_Upload,86,2026-04-27
ACC1104,Report_Gen,31,2026-04-23
ACC1331,Bulk_Upload,79,2026-04-10
ACC1246,Bulk_Upload,89,2026-04-22
ACC1256,API_Access,71,2026-04-10
ACC1402,Report_Gen,96,2026-05-03
ACC1479,API_Access,69,2026-04-25
ACC1281,API_Access,74,2026-04-10
ACC1038,API_Access,1,2026-04-12
ACC1159,Report_Gen,32,2026-05-02
ACC1271,API_Access,92,2026-04-25
ACC1292,Dashboard,5,2026-04-23
ACC1424,Report_Gen,52,2026-04-23
ACC1118,Bulk_Upload,95,2026-04-26
ACC1014,Bulk_Upload,23,2026-04-07
ACC1002,Report_Gen,4,2026-04-17
ACC1127,API_Access,13,2026-04-18
ACC1362,API_Access,69,2026-05-03
ACC1449,Report_Gen,10,2026-04-26
ACC1449,Dashboard,4,2026-04-24
ACC1394,Bulk_Upload,83,2026-04-11
ACC1216,Report_Gen,91,2026-05-03
ACC1427,API_Access,26,2026-04-22
ACC1179,Dashboard,24,2026-04-26
ACC1413,Dashboard,14,2026-05-03
ACC1112,API_Access,21,2026-04-27
ACC1348,Report_Gen,80,2026-04-12
ACC1301,Dashboard,92,2026-04-30
ACC1097,Bulk_Upload,66,2026-04-14
ACC1093,Team_Collab,48,2026-04-12
ACC1244,API_Access,1,2026-04-16
ACC1410,Report_Gen,61,2026-04-15
ACC1315,API_Access,97,2026-04-08
ACC1362,Dashboard,71,2026-04-11
ACC1371,Dashboard,3,2026-04-27
ACC1116,Team_Collab,8,2026-04-23
ACC1397,Report_Gen,21,2026-04-13
ACC1449,Dashboard,95,2026-04-18
ACC1365,API_Access,48,2026-04-20
ACC1464,Report_Gen,35,2026-04-23
ACC1019,API_Access,73,2026-04-13
ACC1456,Dashboard,72,2026-05-05
ACC1129,Bulk_Upload,40,2026-04-11
ACC1243,Report_Gen,26,2026-04-07
ACC1407,Bulk_Upload,2,2026-04-06
ACC1355,Team_Collab,5,2026-04-22
ACC1238,Dashboard,1,2026-04-22
ACC1352,API_Access,37,2026-04-08
ACC1050,Team_Collab,33,2026-04-17
ACC1334,Team_Collab,75,2026-04-15
ACC1208,Bulk_Upload,57,2026-04-13
ACC1222,Dashboard,5,2026-04-30
ACC1445,Report_Gen,82,2026-04-28
ACC1108,Report_Gen,78,2026-04-09
ACC1062,Bulk_Upload,11,2026-05-02
ACC1266,Dashboard,76,2026-04-26
ACC1079,Report_Gen,5,2026-04-15
ACC1123,Bulk_Upload,95,2026-04-22
ACC1129,Dashboard,15,2026-05-04
ACC1439,Dashboard,28,2026-04-16
ACC1100,API_Access,94,2026-04-15
ACC1062,API_Access,49,2026-04-09
ACC1110,Bulk_Upload,38,2026-04-29
ACC1066,Bulk_Upload,22,2026-04-06
ACC1496,Report_Gen,70,2026-04-26
ACC1020,Dashboard,7,2026-04-10
ACC1311,Dashboard,94,2026-04-30
ACC1275,API_Access,36,2026-04-30
ACC1188,Bulk_Upload,77,2026-04-09
ACC1430,Team_Collab,87,2026-04-19
ACC1393,Team_Collab,2,2026-04-23
ACC1224,Team_Collab,72,2026-04-11
ACC1158,Team_Collab,73,2026-04-25
ACC1201,API_Access,56,2026-04-07
ACC1036,Report_Gen,37,2026-04-11
ACC1261,Team_Collab,69,2026-05-01
ACC1160,Team_Collab,62,2026-04-22
ACC1345,API_Access,73,2026-04-28
ACC1176,Report_Gen,95,2026-04-15
ACC1100,Bulk_Upload,98,2026-04-15
ACC1367,Team_Collab,60,2026-04-07
ACC1061,Team_Collab,89,2026-04-11
ACC1401,API_Access,29,2026-04-25
ACC1119,Report_Gen,12,2026-05-04
ACC1235,Bulk_Upload,50,2026-04-13
ACC1187,Report_Gen,83,2026-04-16
ACC1289,Report_Gen,29,2026-04-09
ACC1047,Team_Collab,77,2026-04-26
ACC1231,Dashboard,75,2026-04-16
ACC1110,API_Access,36,2026-04-23
ACC1258,Dashboard,78,2026-04-06
ACC1065,Bulk_Upload,78,2026-04-15
ACC1379,API_Access,70,2026-04-23
ACC1358,Team_Collab,39,2026-04-22
ACC1229,Team_Collab,89,2026-04-07
ACC1088,API_Access,31,2026-04-19
ACC1419,Dashboard,80,2026-04-20
ACC1097,Team_Collab,99,2026-04-15
ACC1009,Team_Collab,93,2026-04-19
ACC1315,API_Access,84,2026-04-08
ACC1168,Report_Gen,5,2026-04-23
ACC1322,API_Access,96,2026-04-21
ACC1285,Team_Collab,10,2026-04-20
ACC1221,API_Access,37,2026-04-28
ACC1221,API_Access,7,2026-04-21
ACC1272,API_Access,19,2026-04-06
ACC1282,API_Access,35,2026-04-23
ACC1290,Bulk_Upload,55,2026-04-26
ACC1460,API_Access,67,2026-04-07
ACC1191,Report_Gen,43,2026-04-21
ACC1448,API_Access,52,2026-04-25
ACC1002,Team_Collab,31,2026-04-23
ACC1274,API_Access,35,2026-04-21
ACC1018,API_Access,31,2026-05-05
ACC1025,API_Access,61,2026-04-26
ACC1217,API_Access,24,2026-04-21
ACC1003,Team_Collab,28,2026-04-23
ACC1341,Dashboard,62,2026-04-20
ACC1224,Bulk_Upload,68,2026-04-30
ACC1058,Team_Collab,6,2026-04-17
ACC1246,Report_Gen,34,2026-04-22
ACC1025,Bulk_Upload,49,2026-04-08
ACC1131,Bulk_Upload,87,2026-05-04
ACC1166,Report_Gen,17,2026-04-19
ACC1352,Team_Collab,8,2026-04-24
ACC1396,Bulk_Upload,38,2026-04-25
ACC1176,API_Access,60,2026-04-27
ACC1334,API_Access,23,2026-04-28
ACC1463,Bulk_Upload,18,2026-04-28
ACC1183,Dashboard,34,2026-05-04
ACC1268,Bulk_Upload,22,2026-04-24
ACC1118,Report_Gen,26,2026-04-14
ACC1002,Team_Collab,10,2026-04-12
ACC1411,Bulk_Upload,3,2026-04-06
ACC1481,Dashboard,73,2026-04-17
ACC1465,Bulk_Upload,16,2026-04-29
ACC1058,Dashboard,9,2026-04-06
ACC1335,Bulk_Upload,83,2026-04-28
ACC1356,Report_Gen,11,2026-04-14
ACC1483,Team_Collab,39,2026-04-26
ACC1083,Team_Collab,22,2026-04-12
ACC1387,Dashboard,61,2026-04-11
ACC1271,Dashboard,24,2026-05-05
ACC1399,Bulk_Upload,49,2026-05-02
ACC1290,Dashboard,55,2026-05-02
ACC1439,Team_Collab,97,2026-04-06
ACC1220,Report_Gen,69,2026-04-09
ACC1114,Bulk_Upload,37,2026-05-04
ACC1461,Dashboard,82,2026-04-11
ACC1393,API_Access,56,2026-04-20
ACC1047,Bulk_Upload,18,2026-04-07
ACC1120,Report_Gen,10,2026-05-03
ACC1215,Team_Collab,70,2026-04-10
ACC1066,Team_Collab,86,2026-04-14
ACC1206,Dashboard,28,2026-05-01
ACC1307,Bulk_Upload,81,2026-04-17
ACC1432,Bulk_Upload,63,2026-04-12
ACC1193,Report_Gen,54,2026-05-05
ACC1461,API_Access,5,2026-04-29
ACC1195,API_Access,82,2026-04-23
ACC1454,Bulk_Upload,88,2026-04-18
ACC1179,API_Access,23,2026-04-12
ACC1420,Report_Gen,44,2026-04-18
ACC1381,Team_Collab,70,2026-04-17
ACC1428,Team_Collab,93,2026-04-10
ACC1113,Team_Collab,37,2026-04-07
ACC1359,Dashboard,10,2026-04-06
ACC1406,Bulk_Upload,55,2026-04-10
ACC1041,Bulk_Upload,65,2026-04-29
ACC1159,Report_Gen,96,2026-04-12
ACC1287,Bulk_Upload,100,2026-04-14
ACC1148,API_Access,63,2026-04-13
ACC1241,API_Access,28,2026-04-30
ACC1218,Dashboard,88,2026-04-16
ACC1417,Dashboard,94,2026-04-09
ACC1438,Report_Gen,42,2026-04-23
ACC1353,Report_Gen,43,2026-04-17
ACC1286,Team_Collab,18,2026-04-28
ACC1123,Dashboard,86,2026-04-15
ACC1059,Dashboard,73,2026-04-23
ACC1312,Report_Gen,81,2026-04-27
ACC1274,Report_Gen,9,2026-05-01
ACC1270,Dashboard,29,2026-04-10
ACC1320,Team_Collab,68,2026-05-05
ACC1341,Report_Gen,55,2026-04-15
ACC1369,Report_Gen,9,2026-05-04
ACC1090,Report_Gen,36,2026-05-03
ACC1495,Dashboard,63,2026-04-19
ACC1443,API_Access,3,2026-04-16
ACC1045,Team_Collab,11,2026-04-10
ACC1488,Bulk_Upload,21,2026-04-07
ACC1366,Team_Collab,67,2026-04-29
ACC1421,Dashboard,18,2026-04-18
ACC1417,API_Access,84,2026-04-15
ACC1273,Bulk_Upload,36,2026-04-13
ACC1326,Team_Collab,72,2026-04-10
ACC1402,Bulk_Upload,73,2026-04-17
ACC1030,Team_Collab,18,2026-04-18
ACC1452,Report_Gen,41,2026-04-11
ACC1317,Report_Gen,67,2026-04-24
ACC1320,Team_Collab,29,2026-04-25
ACC1498,Report_Gen,53,2026-05-02
ACC1386,Team_Collab,93,2026-04-15
ACC1121,Report_Gen,22,2026-04-24
ACC1076,API_Access,31,2026-04-27
ACC1029,Bulk_Upload,57,2026-04-09
ACC1391,Report_Gen,93,2026-04-29
ACC1337,Bulk_Upload,41,2026-04-14
ACC1093,API_Access,53,2026-05-05
ACC1460,API_Access,48,2026-05-05
ACC1291,Bulk_Upload,54,2026-04-23
ACC1164,Dashboard,97,2026-04-24
ACC1086,Bulk_Upload,60,2026-05-02
ACC1103,Bulk_Upload,94,2026-04-29
ACC1374,Bulk_Upload,26,2026-04-08
ACC1197,Report_Gen,56,2026-04-08
ACC1182,Bulk_Upload,72,2026-04-16
ACC1495,Dashboard,10,2026-04-13
ACC1352,API_Access,5,2026-05-02
ACC1254,Report_Gen,7,2026-04-30
ACC1288,Bulk_Upload,35,2026-04-17
ACC1260,Dashboard,53,2026-04-16
ACC1146,Report_Gen,53,2026-04-29
ACC1429,Dashboard,21,2026-04-24
ACC1266,Report_Gen,30,2026-04-30
ACC1038,Bulk_Upload,64,2026-04-12
ACC1367,Team_Collab,9,2026-04-10
ACC1387,Team_Collab,84,2026-04-25
ACC1422,Bulk_Upload,31,2026-04-28
ACC1469,Bulk_Upload,27,2026-04-28
ACC1101,Team_Collab,48,2026-04-30
ACC1347,Team_Collab,64,2026-04-20
ACC1027,Dashboard,3,2026-04-18
ACC1478,Bulk_Upload,40,2026-04-10
ACC1336,Dashboard,39,2026-04-19
ACC1149,Team_Collab,40,2026-04-10
ACC1446,Bulk_Upload,35,2026-04-21
ACC1179,Dashboard,62,2026-05-03
ACC1162,Bulk_Upload,46,2026-04-25
ACC1392,Team_Collab,76,2026-04-20
ACC1382,Bulk_Upload,63,2026-04-08
ACC1187,Dashboard,27,2026-04-17
ACC1106,Bulk_Upload,48,2026-04-26
ACC1314,Report_Gen,58,2026-04-25
ACC1021,Report_Gen,67,2026-04-09
ACC1183,Report_Gen,43,2026-04-09
ACC1040,Team_Collab,36,2026-04-30
ACC1049,Team_Collab,61,2026-04-26
ACC1355,API_Access,30,2026-04-27
ACC1304,Bulk_Upload,35,2026-04-18
ACC1470,Dashboard,67,2026-04-18
ACC1245,Bulk_Upload,46,2026-05-02
ACC1162,Bulk_Upload,62,2026-05-05
ACC1354,Team_Collab,28,2026-04-27
ACC1327,Dashboard,35,2026-04-21
ACC1403,Team_Collab,67,2026-04-28
ACC1261,Team_Collab,48,2026-04-14
ACC1393,API_Access,11,2026-04-10
ACC1485,Bulk_Upload,65,2026-05-03
ACC1389,Team_Collab,11,2026-05-05
ACC1312,API_Access,84,2026-04-23
ACC1170,Team_Collab,100,2026-04-14
ACC1237,Dashboard,97,2026-04-19
ACC1250,Report_Gen,49,2026-04-08
ACC1120,API_Access,71,2026-04-24
ACC1473,Bulk_Upload,71,2026-04-19
ACC1310,Bulk_Upload,78,2026-04-28
ACC1429,Dashboard,44,2026-04-09
ACC1146,API_Access,20,2026-05-03
ACC1209,Bulk_Upload,36,2026-04-30
ACC1118,Team_Collab,27,2026-05-01
ACC1439,Dashboard,61,2026-04-24
ACC1096,Dashboard,99,2026-05-04
ACC1072,Bulk_Upload,38,2026-05-05
ACC1063,Bulk_Upload,11,2026-04-11
ACC1159,Report_Gen,78,2026-04-19
ACC1088,Report_Gen,24,2026-04-24
ACC1117,Report_Gen,44,2026-04-24
ACC1119,Report_Gen,34,2026-05-04
ACC1136,Dashboard,84,2026-04-29
ACC1401,API_Access,16,2026-04-22
ACC1334,Report_Gen,5,2026-04-25
ACC1472,Team_Collab,80,2026-04-27
ACC1424,Bulk_Upload,35,2026-04-09
ACC1350,Bulk_Upload,97,2026-04-30
ACC1327,API_Access,25,2026-04-13
ACC1352,Report_Gen,9,2026-04-21
ACC1003,Report_Gen,34,2026-05-05
ACC1179,Bulk_Upload,81,2026-04-26
ACC1184,API_Access,13,2026-04-12
ACC1322,API_Access,82,2026-04-30
ACC1231,Dashboard,45,2026-04-23
ACC1132,API_Access,48,2026-04-22
ACC1155,Dashboard,75,2026-04-30
ACC1166,API_Access,49,2026-04-29
ACC1007,Bulk_Upload,5,2026-04-24
ACC1206,Team_Collab,91,2026-04-12
ACC1037,Team_Collab,2,2026-04-21
ACC1314,Dashboard,80,2026-04-20
ACC1068,API_Access,20,2026-05-02
ACC1328,Dashboard,56,2026-04-09
ACC1283,API_Access,11,2026-04-27
ACC1468,Team_Collab,82,2026-04-29
ACC1412,Team_Collab,36,2026-04-28
ACC1099,API_Access,64,2026-05-03
ACC1175,Team_Collab,2,2026-04-12
ACC1466,Dashboard,18,2026-04-22
ACC1163,Bulk_Upload,75,2026-04-11
ACC1293,Bulk_Upload,86,2026-04-22
ACC1146,Dashboard,24,2026-04-26
ACC1449,Dashboard,37,2026-04-29
ACC1302,Bulk_Upload,50,2026-04-25
ACC1454,Dashboard,97,2026-04-09
ACC1305,API_Access,84,2026-04-11
ACC1203,Report_Gen,34,2026-04-11
ACC1420,Team_Collab,41,2026-04-09
ACC1225,Dashboard,60,2026-04-19
ACC1289,Bulk_Upload,64,2026-04-10
ACC1046,Team_Collab,46,2026-05-03
ACC1198,Report_Gen,56,2026-04-15
ACC1315,Dashboard,85,2026-05-05
ACC1496,Bulk_Upload,51,2026-04-07
ACC1078,Dashboard,74,2026-05-05
ACC1445,API_Access,55,2026-04-10
ACC1118,Dashboard,75,2026-04-13
ACC1259,Bulk_Upload,25,2026-05-02
ACC1218,API_Access,46,2026-04-16
ACC1330,Report_Gen,77,2026-04-15
ACC1377,Bulk_Upload,51,2026-04-16
ACC1236,Report_Gen,74,2026-04-24
ACC1137,API_Access,50,2026-05-05
ACC1357,Report_Gen,53,2026-04-25
ACC1321,Bulk_Upload,68,2026-04-27
ACC1280,Report_Gen,9,2026-04-19
ACC1454,API_Access,60,2026-04-19
ACC1159,API_Access,53,2026-05-04
ACC1072,Report_Gen,6,2026-04-12
ACC1268,API_Access,27,2026-04-19
ACC1393,Dashboard,50,2026-04-22
ACC1317,Bulk_Upload,33,2026-04-18
ACC1329,API_Access,68,2026-04-27
ACC1038,API_Access,18,2026-04-29
ACC1001,Bulk_Upload,26,2026-04-08
ACC1094,Team_Collab,46,2026-04-16
ACC1261,Dashboard,82,2026-04-15
ACC1441,Bulk_Upload,22,2026-04-14
ACC1386,Team_Collab,57,2026-04-20
ACC1181,Dashboard,90,2026-04-20
ACC1337,Dashboard,22,2026-04-09
ACC1344,Dashboard,45,2026-05-02
ACC1142,Dashboard,21,2026-04-08
ACC1133,Team_Collab,10,2026-04-10
ACC1103,Report_Gen,34,2026-04-09
ACC1143,Dashboard,94,2026-04-17
ACC1172,Dashboard,93,2026-04-09
ACC1109,API_Access,59,2026-04-15
ACC1188,API_Access,87,2026-04-10
ACC1337,Bulk_Upload,58,2026-04-29
ACC1426,Bulk_Upload,82,2026-04-17
ACC1044,Team_Collab,48,2026-04-22
ACC1324,Dashboard,7,2026-04-08
ACC1380,Team_Collab,78,2026-04-21
ACC1475,Bulk_Upload,22,2026-04-07
ACC1175,Dashboard,26,2026-04-06
ACC1392,API_Access,67,2026-05-02
ACC1030,API_Access,91,2026-04-12
ACC1262,Report_Gen,93,2026-04-11
ACC1186,Report_Gen,82,2026-04-19
ACC1356,Team_Collab,75,2026-04-06
ACC1021,Dashboard,99,2026-04-12
ACC1265,Report_Gen,60,2026-04-26
ACC1036,Report_Gen,40,2026-04-12
ACC1460,Report_Gen,12,2026-04-28
ACC1308,Report_Gen,77,2026-04-20
ACC1408,Bulk_Upload,50,2026-04-20
ACC1425,API_Access,79,2026-04-14
ACC1104,Bulk_Upload,19,2026-04-07
ACC1351,Bulk_Upload,29,2026-04-16
ACC1061,Report_Gen,29,2026-04-30
ACC1303,Team_Collab,72,2026-04-09
ACC1490,Bulk_Upload,94,2026-05-04
ACC1135,Bulk_Upload,48,2026-04-13
ACC1150,API_Access,90,2026-04-20
ACC1045,Bulk_Upload,86,2026-04-11
ACC1164,Team_Collab,38,2026-05-04
ACC1475,Report_Gen,47,2026-05-03
ACC1293,Report_Gen,60,2026-05-05
ACC1108,Team_Collab,85,2026-04-11
ACC1352,Report_Gen,87,2026-04-26
ACC1163,Dashboard,69,2026-04-11
ACC1389,Dashboard,13,2026-04-20
ACC1157,Bulk_Upload,58,2026-05-03
ACC1322,API_Access,93,2026-04-19
ACC1473,Report_Gen,20,2026-05-01
ACC1486,Team_Collab,91,2026-05-04
ACC1192,Bulk_Upload,9,2026-04-29
ACC1173,Bulk_Upload,75,2026-04-15
ACC1119,Report_Gen,88,2026-04-08
ACC1135,Bulk_Upload,51,2026-04-30
ACC1189,Bulk_Upload,72,2026-05-05
ACC1314,Dashboard,93,2026-04-17
ACC1155,Bulk_Upload,89,2026-04-14
ACC1019,Bulk_Upload,25,2026-05-01
ACC1433,API_Access,9,2026-04-10
ACC1117,API_Access,1,2026-04-27
ACC1392,Dashboard,34,2026-04-07
ACC1367,Dashboard,70,2026-04-24
ACC1116,API_Access,20,2026-04-28
ACC1132,API_Access,8,2026-04-26
ACC1406,Report_Gen,70,2026-05-04
ACC1211,Dashboard,48,2026-04-16
ACC1269,Bulk_Upload,81,2026-04-20
ACC1245,API_Access,74,2026-04-29
ACC1322,Bulk_Upload,53,2026-04-11
ACC1451,API_Access,19,2026-04-24
ACC1356,API_Access,91,2026-04-30
ACC1409,API_Access,68,2026-04-07
ACC1445,Dashboard,40,2026-04-06
ACC1160,Team_Collab,72,2026-05-02
ACC1014,Dashboard,22,2026-04-07
ACC1414,Dashboard,88,2026-04-14
ACC1091,API_Access,68,2026-04-30
ACC1216,Report_Gen,17,2026-04-23
ACC1205,Report_Gen,43,2026-04-09
ACC1100,Dashboard,33,2026-04-11
ACC1498,Dashboard,2,2026-04-15
ACC1221,Bulk_Upload,89,2026-04-22
ACC1298,Bulk_Upload,55,2026-05-03
ACC1450,Team_Collab,40,2026-04-20
ACC1138,Report_Gen,74,2026-05-01
ACC1015,API_Access,48,2026-04-08
ACC1484,Report_Gen,81,2026-05-03
ACC1490,Dashboard,23,2026-04-11
ACC1179,API_Access,28,2026-04-11
ACC1411,Dashboard,69,2026-04-12
ACC1391,Report_Gen,89,2026-04-14
ACC1158,Bulk_Upload,75,2026-04-07
ACC1215,Team_Collab,36,2026-04-21
ACC1430,Dashboard,51,2026-05-04
ACC1093,API_Access,95,2026-04-19
ACC1081,Report_Gen,11,2026-04-06
ACC1124,API_Access,55,2026-04-15
ACC1074,Bulk_Upload,98,2026-04-29
ACC1472,Team_Collab,73,2026-04-24
ACC1084,Dashboard,71,2026-04-11
ACC1179,Dashboard,8,2026-04-27
ACC1187,Bulk_Upload,30,2026-04-29
ACC1102,Report_Gen,52,2026-04-17
ACC1186,Dashboard,65,2026-05-05
ACC1108,API_Access,47,2026-04-23
ACC1236,Bulk_Upload,37,2026-04-09
ACC1177,Dashboard,5,2026-04-06
ACC1145,API_Access,98,2026-05-04
ACC1000,Report_Gen,43,2026-04-12
ACC1045,Dashboard,30,2026-04-24
ACC1122,Team_Collab,89,2026-04-20
ACC1085,API_Access,85,2026-04-09
ACC1484,Bulk_Upload,53,2026-04-13
ACC1350,API_Access,67,2026-04-07
ACC1199,Dashboard,83,2026-05-02
ACC1314,Dashboard,6,2026-04-22
ACC1254,Dashboard,9,2026-04-16
ACC1057,Dashboard,79,2026-04-09
ACC1368,Team_Collab,69,2026-04-18
ACC1389,Dashboard,52,2026-04-27
ACC1192,Dashboard,8,2026-05-05
ACC1199,Report_Gen,25,2026-05-03
ACC1005,API_Access,58,2026-04-09
ACC1406,Dashboard,63,2026-04-11
ACC1361,API_Access,100,2026-04-25
ACC1251,Team_Collab,39,2026-04-11
ACC1354,Team_Collab,20,2026-04-23
ACC1274,Report_Gen,93,2026-04-16
ACC1481,Report_Gen,46,2026-04-23
ACC1361,Report_Gen,41,2026-04-07
ACC1449,Dashboard,34,2026-04-12
ACC1347,Report_Gen,16,2026-04-08
ACC1028,Dashboard,36,2026-04-11
ACC1157,Report_Gen,77,2026-04-14
ACC1295,Dashboard,15,2026-04-10
ACC1082,API_Access,2,2026-04-24
ACC1353,API_Access,86,2026-05-01
ACC1398,Team_Collab,100,2026-04-17
ACC1178,Dashboard,43,2026-04-26
ACC1173,Bulk_Upload,90,2026-04-06
ACC1302,API_Access,25,2026-04-26
ACC1018,API_Access,69,2026-04-28
ACC1180,API_Access,98,2026-04-11
ACC1266,Team_Collab,22,2026-05-01
ACC1088,Report_Gen,99,2026-04-07
ACC1410,Team_Collab,4,2026-04-08
ACC1105,Dashboard,97,2026-04-27
ACC1092,Team_Collab,57,2026-04-20
ACC1108,Bulk_Upload,4,2026-04-30
ACC1132,Team_Collab,44,2026-04-18
ACC1394,Dashboard,20,2026-04-12
ACC1290,Team_Collab,73,2026-04-16
ACC1125,Dashboard,71,2026-04-28
ACC1068,Dashboard,71,2026-05-02
ACC1047,Dashboard,93,2026-04-09
ACC1135,Bulk_Upload,43,2026-04-28
ACC1296,Team_Collab,63,2026-04-22
ACC1445,Team_Collab,47,2026-04-07
ACC1425,Bulk_Upload,53,2026-05-04
ACC1035,Bulk_Upload,69,2026-04-20
ACC1079,Dashboard,83,2026-04-07
ACC1120,Report_Gen,84,2026-04-17
ACC1487,Bulk_Upload,68,2026-04-21
ACC1170,Report_Gen,31,2026-04-06
ACC1381,API_Access,9,2026-04-06
ACC1075,Team_Collab,44,2026-04-09
ACC1151,Team_Collab,77,2026-04-12
ACC1339,Report_Gen,57,2026-04-23
ACC1482,Report_Gen,67,2026-04-24
ACC1373,Report_Gen,100,2026-04-07
ACC1129,Bulk_Upload,52,2026-04-29
ACC1340,Dashboard,5,2026-04-18
ACC1139,Report_Gen,69,2026-04-30
ACC1190,API_Access,75,2026-04-23
ACC1192,Dashboard,46,2026-04-24
ACC1484,API_Access,21,2026-04-28
ACC1445,Dashboard,40,2026-04-09
ACC1265,API_Access,30,2026-04-28
ACC1125,Report_Gen,97,2026-05-05
ACC1371,Dashboard,4,2026-05-02
ACC1262,API_Access,7,2026-04-13
ACC1302,Team_Collab,95,2026-05-03
ACC1363,Dashboard,87,2026-04-15
ACC1484,Dashboard,98,2026-04-15
ACC1166,API_Access,19,2026-04-22
ACC1254,Bulk_Upload,1,2026-04-29
ACC1374,Bulk_Upload,59,2026-05-04
ACC1405,Report_Gen,34,2026-04-09
ACC1005,Report_Gen,56,2026-04-27
ACC1300,API_Access,68,2026-04-06
ACC1298,Report_Gen,18,2026-04-13
ACC1361,Dashboard,91,2026-04-14
ACC1172,Bulk_Upload,81,2026-04-14
ACC1126,Report_Gen,48,2026-04-21
ACC1210,Bulk_Upload,16,2026-04-13
ACC1131,Dashboard,63,2026-04-10
ACC1209,Team_Collab,45,2026-04-24
ACC1438,Team_Collab,24,2026-04-25
ACC1291,Team_Collab,49,2026-04-17
ACC1148,Report_Gen,62,2026-04-18
ACC1476,Report_Gen,61,2026-04-25
ACC1461,Team_Collab,49,2026-04-12
ACC1370,Report_Gen,17,2026-04-07
ACC1149,API_Access,94,2026-04-23
ACC1205,Report_Gen,64,2026-05-01
ACC1338,Team_Collab,12,2026-04-24
ACC1472,Report_Gen,67,2026-04-19
ACC1302,Bulk_Upload,49,2026-04-24
ACC1059,Report_Gen,23,2026-05-04
ACC1359,Report_Gen,74,2026-04-13
ACC1179,Team_Collab,78,2026-05-03
ACC1302,Dashboard,60,2026-04-13
ACC1155,Bulk_Upload,11,2026-04-13
ACC1274,Report_Gen,87,2026-04-27
ACC1433,Team_Collab,8,2026-04-09
ACC1402,Bulk_Upload,21,2026-04-21
ACC1391,Report_Gen,86,2026-04-20
ACC1269,Team_Collab,49,2026-04-17
ACC1083,Bulk_Upload,74,2026-05-03
ACC1166,API_Access,30,2026-05-04
ACC1085,Report_Gen,81,2026-04-13
ACC1388,API_Access,6,2026-04-13
ACC1419,Dashboard,68,2026-04-20
ACC1200,Dashboard,29,2026-04-23
ACC1069,Team_Collab,92,2026-04-13
ACC1366,Team_Collab,85,2026-04-26
ACC1386,API_Access,72,2026-05-01
ACC1441,Team_Collab,67,2026-04-21
ACC1165,API_Access,82,2026-04-21
ACC1179,Team_Collab,58,2026-04-10
ACC1424,Bulk_Upload,26,2026-04-26
ACC1198,Team_Collab,65,2026-04-30
ACC1268,Report_Gen,16,2026-04-18
ACC1291,Dashboard,70,2026-04-13
ACC1490,Team_Collab,78,2026-05-03
ACC1112,API_Access,23,2026-04-12
ACC1006,Report_Gen,85,2026-05-02
ACC1264,Bulk_Upload,81,2026-04-06
ACC1451,API_Access,42,2026-04-27
ACC1462,Bulk_Upload,70,2026-05-02
ACC1040,Team_Collab,92,2026-04-12
ACC1016,Team_Collab,66,2026-04-12
ACC1045,Report_Gen,79,2026-04-15
ACC1444,Dashboard,54,2026-04-25
ACC1168,Bulk_Upload,16,2026-04-08
ACC1311,Dashboard,38,2026-04-13
ACC1274,Dashboard,41,2026-04-09
ACC1147,API_Access,47,2026-04-28
ACC1467,Report_Gen,72,2026-05-05
ACC1125,Dashboard,20,2026-04-27
ACC1039,Team_Collab,34,2026-04-06
ACC1446,API_Access,29,2026-04-18
ACC1070,Bulk_Upload,79,2026-05-04
ACC1418,Dashboard,51,2026-05-05
ACC1352,Team_Collab,60,2026-04-13
ACC1204,Team_Collab,94,2026-04-22
ACC1077,API_Access,34,2026-04-21
ACC1255,Team_Collab,77,2026-04-06
ACC1029,Dashboard,66,2026-04-07
ACC1428,Team_Collab,52,2026-04-28
ACC1308,API_Access,21,2026-04-17
ACC1000,Dashboard,71,2026-05-02
ACC1139,Bulk_Upload,23,2026-04-17
ACC1466,API_Access,22,2026-04-08
ACC1213,Report_Gen,55,2026-04-14
ACC1280,API_Access,73,2026-04-27
ACC1252,API_Access,24,2026-04-19
ACC1220,Team_Collab,12,2026-04-18
ACC1279,Dashboard,44,2026-04-12
ACC1339,Team_Collab,81,2026-04-09
ACC1218,Report_Gen,9,2026-04-29
ACC1102,API_Access,10,2026-05-02
ACC1125,Dashboard,75,2026-04-18
ACC1309,Dashboard,53,2026-04-30
ACC1080,Report_Gen,95,2026-04-22
ACC1437,Dashboard,63,2026-04-26
ACC1153,Bulk_Upload,10,2026-04-16
ACC1452,Report_Gen,59,2026-04-26
ACC1006,Report_Gen,51,2026-04-20
ACC1265,Team_Collab,70,2026-05-05
ACC1278,Report_Gen,98,2026-04-16
ACC1071,API_Access,73,2026-04-23
ACC1051,Team_Collab,11,2026-05-02
ACC1143,Team_Collab,19,2026-05-04
ACC1449,Team_Collab,64,2026-04-16
ACC1097,Dashboard,39,2026-04-29
ACC1461,Bulk_Upload,56,2026-04-28
ACC1327,Dashboard,98,2026-04-27
ACC1186,Dashboard,41,2026-04-25
ACC1224,Report_Gen,1,2026-04-14
ACC1099,Report_Gen,4,2026-04-08
ACC1017,Dashboard,48,2026-05-05
ACC1479,Report_Gen,84,2026-04-27
ACC1338,Team_Collab,18,2026-04-27
ACC1426,API_Access,90,2026-04-18
ACC1352,Bulk_Upload,47,2026-04-07
ACC1031,Team_Collab,37,2026-04-18
ACC1327,Dashboard,24,2026-05-04
ACC1224,API_Access,67,2026-04-09
ACC1310,API_Access,17,2026-04-22
ACC1038,API_Access,45,2026-05-01
ACC1356,Dashboard,99,2026-04-21
ACC1160,Team_Collab,48,2026-04-13
ACC1162,Report_Gen,56,2026-04-18
ACC1277,Dashboard,5,2026-04-16
ACC1058,Dashboard,83,2026-04-24
ACC1262,Report_Gen,71,2026-04-07
ACC1255,API_Access,93,2026-04-27
ACC1403,API_Access,59,2026-05-01
ACC1248,API_Access,40,2026-05-05
ACC1208,Dashboard,7,2026-04-11
ACC1219,Bulk_Upload,25,2026-04-07
ACC1225,Bulk_Upload,83,2026-04-14
ACC1184,Report_Gen,88,2026-04-16
ACC1251,Report_Gen,20,2026-04-23
ACC1474,Report_Gen,14,2026-04-10
ACC1418,Team_Collab,52,2026-04-26
ACC1105,API_Access,54,2026-05-03
ACC1342,Bulk_Upload,21,2026-04-24
ACC1017,Team_Collab,38,2026-04-09
ACC1157,Team_Collab,7,2026-04-26
ACC1024,Report_Gen,99,2026-04-06
ACC1326,Report_Gen,19,2026-04-17
ACC1298,Report_Gen,58,2026-05-05
ACC1150,Bulk_Upload,92,2026-04-09
ACC1478,Team_Collab,65,2026-04-19
ACC1477,Team_Collab,45,2026-05-05
ACC1247,Bulk_Upload,80,2026-04-26
ACC1115,Report_Gen,99,2026-05-01
ACC1321,Team_Collab,56,2026-04-13
ACC1141,API_Access,86,2026-04-15
ACC1325,Report_Gen,24,2026-04-14
ACC1284,Bulk_Upload,34,2026-05-04
ACC1279,Team_Collab,3,2026-04-12
ACC1376,Dashboard,25,2026-04-26
ACC1046,Dashboard,43,2026-04-22
ACC1456,API_Access,70,2026-04-26
ACC1195,Bulk_Upload,28,2026-05-02
ACC1227,Team_Collab,14,2026-04-07
ACC1461,Report_Gen,92,2026-04-23
ACC1116,Report_Gen,21,2026-04-15
ACC1272,Team_Collab,99,2026-05-02
ACC1460,API_Access,54,2026-04-10
ACC1464,Bulk_Upload,70,2026-04-25
ACC1150,Team_Collab,3,2026-04-15
ACC1330,Team_Collab,89,2026-04-07
ACC1216,Team_Collab,40,2026-04-29
ACC1329,Team_Collab,34,2026-04-11
ACC1005,API_Access,65,2026-04-29
ACC1493,Bulk_Upload,83,2026-05-03
ACC1187,Report_Gen,21,2026-04-26
ACC1443,Dashboard,30,2026-04-27
ACC1305,Team_Collab,69,2026-04-17
ACC1474,Dashboard,75,2026-04-08
ACC1238,Team_Collab,67,2026-04-09
ACC1083,Team_Collab,8,2026-04-19
ACC1007,API_Access,9,2026-04-08
ACC1301,Bulk_Upload,11,2026-04-15
ACC1021,Report_Gen,21,2026-05-02
ACC1411,API_Access,51,2026-04-09
ACC1269,API_Access,48,2026-04-11
ACC1080,Bulk_Upload,90,2026-04-22
ACC1099,Dashboard,5,2026-04-21
ACC1174,Dashboard,6,2026-04-28
ACC1484,Team_Collab,84,2026-04-12
ACC1260,Team_Collab,68,2026-04-13
ACC1321,API_Access,43,2026-04-30
ACC1160,Bulk_Upload,62,2026-04-12
ACC1427,Bulk_Upload,84,2026-04-28
ACC1385,Bulk_Upload,79,2026-04-06
ACC1154,Bulk_Upload,14,2026-04-08
ACC1046,Report_Gen,75,2026-04-22
ACC1444,Dashboard,26,2026-05-01
ACC1078,Bulk_Upload,6,2026-04-18
ACC1398,Dashboard,46,2026-04-21
ACC1349,API_Access,81,2026-05-02
ACC1113,Report_Gen,13,2026-04-15
ACC1115,Bulk_Upload,15,2026-04-20
ACC1043,Report_Gen,100,2026-04-17
ACC1065,Dashboard,98,2026-04-11
ACC1366,Team_Collab,68,2026-04-19
ACC1042,API_Access,32,2026-04-25
ACC1166,API_Access,40,2026-04-12
ACC1356,Dashboard,46,2026-05-04
ACC1012,API_Access,31,2026-04-14
ACC1372,Bulk_Upload,39,2026-04-28
ACC1234,Dashboard,16,2026-04-27
ACC1474,Dashboard,95,2026-04-23
ACC1247,API_Access,45,2026-04-25
ACC1017,Dashboard,15,2026-05-04
ACC1129,API_Access,47,2026-04-13
ACC1005,Report_Gen,75,2026-04-27
ACC1000,Team_Collab,54,2026-04-15
ACC1424,Dashboard,35,2026-04-25
ACC1313,Bulk_Upload,80,2026-04-30
ACC1357,Dashboard,54,2026-04-07
ACC1031,Team_Collab,34,2026-05-03
ACC1114,API_Access,27,2026-05-03
ACC1209,Team_Collab,69,2026-04-10
ACC1145,Dashboard,66,2026-04-06
ACC1363,API_Access,100,2026-04-11
ACC1263,API_Access,26,2026-04-25
ACC1227,Bulk_Upload,85,2026-04-06
ACC1003,Team_Collab,75,2026-05-02
ACC1114,Team_Collab,26,2026-04-18
ACC1166,Bulk_Upload,68,2026-04-26
ACC1272,Report_Gen,92,2026-04-16
ACC1265,Team_Collab,76,2026-04-26
ACC1443,Team_Collab,98,2026-04-26
ACC1382,API_Access,33,2026-04-09
ACC1124,Dashboard,92,2026-04-06
ACC1258,Bulk_Upload,55,2026-05-04
ACC1364,API_Access,20,2026-04-11
ACC1180,Team_Collab,87,2026-04-27
ACC1499,API_Access,42,2026-04-16
ACC1229,API_Access,62,2026-04-28
ACC1071,Bulk_Upload,100,2026-04-18
ACC1268,Team_Collab,89,2026-05-01
ACC1076,Team_Collab,97,2026-04-11
ACC1388,Bulk_Upload,12,2026-05-05
ACC1348,API_Access,30,2026-04-11
ACC1400,Bulk_Upload,18,2026-04-14
ACC1470,Team_Collab,30,2026-04-20
ACC1047,Dashboard,40,2026-04-26
ACC1207,Bulk_Upload,32,2026-04-09
ACC1262,API_Access,92,2026-04-14
ACC1204,Bulk_Upload,18,2026-04-19
ACC1483,Report_Gen,19,2026-04-22
ACC1218,Bulk_Upload,7,2026-04-13
ACC1193,Team_Collab,50,2026-04-30
ACC1108,API_Access,35,2026-04-23
ACC1362,Report_Gen,22,2026-04-10
ACC1176,Dashboard,27,2026-04-26
ACC1429,Bulk_Upload,52,2026-04-23
ACC1358,Bulk_Upload,46,2026-05-01
ACC1289,API_Access,90,2026-04-18
ACC1266,Team_Collab,41,2026-04-21
ACC1231,API_Access,31,2026-04-23
ACC1230,Dashboard,75,2026-04-22
ACC1354,Report_Gen,79,2026-04-10
ACC1346,API_Access,31,2026-04-10
ACC1000,Team_Collab,91,2026-04-12
ACC1033,Dashboard,11,2026-05-02
ACC1431,Bulk_Upload,25,2026-04-29
ACC1096,Team_Collab,25,2026-04-17
ACC1061,Bulk_Upload,56,2026-04-15
ACC1224,Report_Gen,60,2026-04-14
ACC1188,Dashboard,42,2026-04-23
ACC1139,Bulk_Upload,30,2026-04-07
ACC1338,Report_Gen,97,2026-04-06
ACC1331,Dashboard,38,2026-05-04
ACC1311,Bulk_Upload,80,2026-04-28
ACC1218,Report_Gen,38,2026-04-18
ACC1199,API_Access,65,2026-05-05
ACC1140,Team_Collab,32,2026-04-22
ACC1418,Report_Gen,80,2026-04-18
ACC1400,API_Access,23,2026-04-22
ACC1065,Report_Gen,81,2026-04-08
ACC1244,API_Access,88,2026-04-27
ACC1149,API_Access,42,2026-04-08
ACC1452,Report_Gen,93,2026-04-24
ACC1264,Dashboard,79,2026-04-13
ACC1092,Dashboard,28,2026-04-27
ACC1434,Report_Gen,44,2026-04-21
ACC1218,Report_Gen,23,2026-04-22
ACC1375,Dashboard,90,2026-04-16
ACC1428,API_Access,91,2026-04-13
ACC1284,Dashboard,83,2026-04-17
ACC1048,Dashboard,6,2026-04-07
ACC1164,Bulk_Upload,75,2026-04-08
ACC1157,API_Access,3,2026-04-11
ACC1032,Bulk_Upload,79,2026-04-18
ACC1200,Dashboard,48,2026-04-23
ACC1314,API_Access,7,2026-04-21
ACC1238,Dashboard,5,2026-04-20
ACC1036,API_Access,16,2026-04-30
ACC1392,Dashboard,4,2026-05-03
ACC1439,API_Access,25,2026-04-20
ACC1456,API_Access,28,2026-04-13
ACC1093,Dashboard,95,2026-04-26
ACC1083,Report_Gen,64,2026-04-12
ACC1130,Report_Gen,72,2026-04-06
ACC1251,Bulk_Upload,100,2026-04-24
ACC1305,Team_Collab,97,2026-04-07
ACC1122,Report_Gen,17,2026-04-29
ACC1269,Dashboard,8,2026-04-26
ACC1150,API_Access,78,2026-04-25
ACC1325,Dashboard,66,2026-04-11
ACC1185,Dashboard,76,2026-05-01
ACC1200,Report_Gen,100,2026-05-03
ACC1034,API_Access,10,2026-04-28
ACC1202,Bulk_Upload,23,2026-04-19
ACC1494,Report_Gen,85,2026-04-17
ACC1174,Team_Collab,93,2026-04-08
ACC1468,Team_Collab,65,2026-04-28
ACC1272,Dashboard,42,2026-05-03
ACC1342,Report_Gen,62,2026-04-18
ACC1184,Team_Collab,7,2026-04-13
ACC1326,Dashboard,55,2026-04-15
ACC1008,Team_Collab,64,2026-04-24
ACC1197,API_Access,37,2026-05-01
ACC1233,Dashboard,8,2026-04-26
ACC1125,API_Access,33,2026-05-02
ACC1403,Team_Collab,9,2026-05-02
ACC1483,Team_Collab,4,2026-05-01
ACC1114,Team_Collab,74,2026-05-04
ACC1223,API_Access,2,2026-04-09
ACC1020,Dashboard,60,2026-04-16
ACC1090,Dashboard,47,2026-04-13
ACC1187,Team_Collab,94,2026-04-19
ACC1107,Team_Collab,70,2026-04-29
ACC1245,API_Access,59,2026-04-16
ACC1273,Report_Gen,63,2026-05-05
ACC1470,Report_Gen,2,2026-04-27
ACC1455,Team_Collab,68,2026-04-08
ACC1394,Bulk_Upload,16,2026-04-25
ACC1104,Team_Collab,52,2026-04-20
ACC1333,Report_Gen,57,2026-04-12
ACC1373,Dashboard,70,2026-05-02
ACC1157,Team_Collab,76,2026-04-10
ACC1146,Team_Collab,77,2026-04-19
ACC1229,Team_Collab,10,2026-04-20
ACC1104,Team_Collab,47,2026-04-16
ACC1192,API_Access,90,2026-04-20
ACC1049,Report_Gen,6,2026-04-26
ACC1038,Dashboard,65,2026-04-21
ACC1483,Bulk_Upload,1,2026-04-25
ACC1248,Report_Gen,38,2026-04-06
ACC1234,Bulk_Upload,46,2026-04-28
ACC1418,Team_Collab,20,2026-04-10
ACC1326,Report_Gen,77,2026-05-05
ACC1374,API_Access,48,2026-04-21
ACC1147,Team_Collab,3,2026-04-14
ACC1190,Dashboard,73,2026-04-14
ACC1139,Bulk_Upload,19,2026-04-19
ACC1170,Report_Gen,19,2026-04-15
ACC1029,Bulk_Upload,49,2026-04-26
ACC1419,Bulk_Upload,89,2026-04-26
ACC1345,Dashboard,93,2026-04-08
ACC1380,Report_Gen,80,2026-04-17
ACC1167,Report_Gen,81,2026-04-11
ACC1026,API_Access,77,2026-05-01
ACC1211,API_Access,24,2026-04-16
ACC1013,API_Access,21,2026-04-11
ACC1425,Team_Collab,30,2026-04-26
ACC1126,Dashboard,77,2026-04-21
ACC1062,Report_Gen,88,2026-04-23
ACC1011,Dashboard,27,2026-04-18
ACC1493,Dashboard,41,2026-04-16
ACC1168,Report_Gen,19,2026-04-25
ACC1351,Team_Collab,94,2026-04-15
ACC1229,Dashboard,2,2026-04-13
ACC1330,Dashboard,91,2026-04-06
ACC1452,Dashboard,51,2026-04-15
ACC1179,Team_Collab,62,2026-04-16
ACC1221,Report_Gen,77,2026-04-30
ACC1318,API_Access,67,2026-04-10
ACC1016,API_Access,45,2026-05-01
ACC1140,Bulk_Upload,4,2026-04-24
ACC1203,Bulk_Upload,61,2026-04-30
ACC1067,Team_Collab,4,2026-05-04
ACC1388,Report_Gen,16,2026-04-06
ACC1433,Bulk_Upload,39,2026-04-22
ACC1310,Report_Gen,94,2026-04-24
ACC1462,Team_Collab,51,2026-04-08
ACC1342,Dashboard,56,2026-04-20
ACC1287,Team_Collab,74,2026-04-15
ACC1441,Bulk_Upload,66,2026-04-21
ACC1065,Team_Collab,9,2026-05-01
ACC1118,Dashboard,64,2026-04-07
ACC1454,API_Access,38,2026-05-03
ACC1156,API_Access,10,2026-04-17
ACC1496,Team_Collab,47,2026-04-26
ACC1236,Team_Collab,25,2026-05-01
ACC1051,Report_Gen,43,2026-04-25
ACC1044,Bulk_Upload,55,2026-04-19
ACC1207,Bulk_Upload,91,2026-05-01
ACC1018,Report_Gen,30,2026-04-15
ACC1253,Bulk_Upload,40,2026-04-30
ACC1340,Team_Collab,95,2026-04-08
ACC1290,Dashboard,100,2026-05-02
ACC1232,Dashboard,45,2026-04-18
ACC1124,Team_Collab,81,2026-05-05
ACC1013,Report_Gen,90,2026-04-30
ACC1119,API_Access,80,2026-05-04
ACC1253,Team_Collab,75,2026-04-16
ACC1334,Bulk_Upload,21,2026-05-03
ACC1215,Report_Gen,71,2026-04-16
ACC1207,Report_Gen,94,2026-04-08
ACC1439,Team_Collab,67,2026-04-22
ACC1188,Dashboard,20,2026-04-19
ACC1345,Dashboard,9,2026-05-02
ACC1264,Report_Gen,82,2026-04-13
ACC1232,API_Access,2,2026-04-06
ACC1353,API_Access,36,2026-04-30
ACC1382,Bulk_Upload,82,2026-04-11
ACC1088,API_Access,54,2026-04-30
ACC1457,Bulk_Upload,11,2026-04-13
ACC1471,Bulk_Upload,52,2026-04-20
ACC1421,Dashboard,22,2026-04-28
ACC1498,Bulk_Upload,97,2026-04-21
ACC1499,Dashboard,30,2026-04-19
ACC1133,Dashboard,48,2026-04-29
ACC1197,Dashboard,70,2026-04-27
ACC1209,Dashboard,45,2026-04-19
ACC1081,API_Access,61,2026-04-08
ACC1184,Dashboard,25,2026-04-17
ACC1348,Bulk_Upload,1,2026-04-17
ACC1413,API_Access,24,2026-05-02
ACC1048,Bulk_Upload,10,2026-04-29
ACC1181,Report_Gen,19,2026-04-10
ACC1366,Team_Collab,72,2026-04-29
ACC1279,Report_Gen,61,2026-05-02
ACC1392,Dashboard,23,2026-04-10
ACC1380,Team_Collab,92,2026-04-10
ACC1316,Dashboard,67,2026-04-11
ACC1275,Bulk_Upload,98,2026-04-14
ACC1476,Team_Collab,10,2026-04-27
ACC1090,API_Access,12,2026-04-11
ACC1075,API_Access,12,2026-04-13
ACC1339,Bulk_Upload,3,2026-04-09
ACC1051,Dashboard,8,2026-04-17
ACC1030,Team_Collab,26,2026-04-23
ACC1019,Dashboard,74,2026-04-10
ACC1149,API_Access,13,2026-04-10
ACC1109,Team_Collab,9,2026-04-11
ACC1319,API_Access,21,2026-05-01
ACC1224,Report_Gen,75,2026-04-21
ACC1340,Bulk_Upload,60,2026-04-23
ACC1415,Team_Collab,7,2026-05-05
ACC1016,Dashboard,98,2026-04-30
ACC1494,Report_Gen,73,2026-04-10
ACC1233,Report_Gen,95,2026-04-15
ACC1491,Bulk_Upload,79,2026-04-28
ACC1218,Dashboard,79,2026-04-30
ACC1154,API_Access,30,2026-04-22
ACC1170,Dashboard,70,2026-04-17
ACC1488,Team_Collab,47,2026-04-15
ACC1102,Report_Gen,43,2026-04-10
ACC1102,Dashboard,82,2026-04-20
ACC1388,API_Access,18,2026-04-27
ACC1389,Bulk_Upload,58,2026-04-19
ACC1243,API_Access,8,2026-04-11
ACC1086,Bulk_Upload,16,2026-04-18
ACC1165,API_Access,76,2026-04-18
ACC1412,Bulk_Upload,75,2026-04-27
ACC1330,Dashboard,86,2026-04-06
ACC1149,Dashboard,3,2026-04-19
ACC1381,Dashboard,61,2026-04-30
ACC1066,Dashboard,2,2026-04-13
ACC1244,API_Access,33,2026-04-25
ACC1328,Report_Gen,24,2026-04-26
ACC1126,Report_Gen,15,2026-04-25
ACC1331,Bulk_Upload,31,2026-04-20
ACC1074,Dashboard,81,2026-04-17
ACC1022,Bulk_Upload,77,2026-04-15
ACC1415,Report_Gen,63,2026-04-13
ACC1035,Team_Collab,39,2026-04-22
ACC1415,Bulk_Upload,44,2026-05-04
ACC1275,Dashboard,81,2026-04-30
ACC1339,Bulk_Upload,30,2026-05-02
ACC1009,Dashboard,85,2026-04-07
ACC1150,Report_Gen,69,2026-04-18
ACC1193,Report_Gen,64,2026-04-09
ACC1310,API_Access,21,2026-05-04
ACC1288,API_Access,33,2026-04-26
ACC1455,Bulk_Upload,7,2026-04-21
ACC1185,API_Access,18,2026-04-17
ACC1497,Bulk_Upload,99,2026-04-12
ACC1253,Dashboard,92,2026-04-06
ACC1066,Report_Gen,64,2026-04-12
ACC1100,Report_Gen,65,2026-05-01
ACC1250,Bulk_Upload,5,2026-04-30
ACC1130,Dashboard,30,2026-05-05
ACC1006,Report_Gen,5,2026-04-10
ACC1076,API_Access,79,2026-04-15
ACC1391,Dashboard,41,2026-04-15
ACC1491,Bulk_Upload,31,2026-04-28
ACC1267,API_Access,29,2026-04-06
ACC1307,Team_Collab,24,2026-04-25
ACC1491,Bulk_Upload,75,2026-04-09
ACC1251,Bulk_Upload,27,2026-04-11
ACC1115,API_Access,52,2026-04-19
ACC1465,API_Access,85,2026-04-23
ACC1129,API_Access,3,2026-05-03
ACC1322,Team_Collab,96,2026-04-13
ACC1246,Team_Collab,66,2026-04-25
ACC1470,Bulk_Upload,47,2026-04-14
ACC1128,Report_Gen,17,2026-04-18
ACC1473,Team_Collab,21,2026-04-08
ACC1223,Report_Gen,62,2026-04-23
ACC1366,API_Access,62,2026-04-22
ACC1278,Team_Collab,63,2026-04-23
ACC1189,Team_Collab,16,2026-04-13
ACC1171,Bulk_Upload,31,2026-05-03
ACC1218,Bulk_Upload,3,2026-04-11
ACC1147,Bulk_Upload,1,2026-05-02
ACC1265,Team_Collab,57,2026-04-20
ACC1280,Team_Collab,87,2026-04-21
ACC1113,Bulk_Upload,85,2026-04-10
ACC1252,Dashboard,13,2026-05-05
ACC1136,API_Access,44,2026-05-04
ACC1104,Team_Collab,66,2026-05-05
ACC1311,Bulk_Upload,36,2026-04-22
ACC1048,Team_Collab,63,2026-04-08
ACC1150,Report_Gen,90,2026-04-13
ACC1352,Report_Gen,92,2026-04-19
ACC1175,Report_Gen,41,2026-05-01
ACC1195,Team_Collab,20,2026-05-03
ACC1139,API_Access,6,2026-04-24
ACC1392,Bulk_Upload,47,2026-04-23
ACC1091,API_Access,1,2026-04-17
ACC1134,Dashboard,46,2026-04-28
ACC1292,Team_Collab,17,2026-04-08
ACC1051,Dashboard,51,2026-04-16
ACC1302,API_Access,19,2026-04-18
ACC1139,API_Access,69,2026-04-30
ACC1222,Bulk_Upload,100,2026-04-09
ACC1345,Bulk_Upload,33,2026-04-10
ACC1085,Team_Collab,74,2026-04-16
ACC1421,Report_Gen,19,2026-05-01
ACC1048,Bulk_Upload,19,2026-04-14
ACC1188,API_Access,36,2026-04-23
ACC1392,Report_Gen,1,2026-05-05
ACC1451,Dashboard,23,2026-04-28
ACC1117,Bulk_Upload,83,2026-04-23
ACC1005,Report_Gen,56,2026-04-27
ACC1383,API_Access,52,2026-04-29
ACC1426,Team_Collab,5,2026-04-24
ACC1233,Team_Collab,14,2026-04-20
ACC1193,Dashboard,94,2026-04-24
ACC1207,API_Access,72,2026-04-08
ACC1180,Dashboard,53,2026-04-11
ACC1044,Bulk_Upload,87,2026-04-14
ACC1322,Report_Gen,58,2026-04-29
ACC1463,Team_Collab,9,2026-04-10
ACC1461,Dashboard,26,2026-05-04
ACC1147,Dashboard,1,2026-04-15
ACC1322,Report_Gen,51,2026-04-10
ACC1299,Report_Gen,15,2026-04-16
ACC1492,Bulk_Upload,8,2026-04-16
ACC1458,Dashboard,60,2026-05-02
ACC1173,API_Access,96,2026-04-19
ACC1040,Report_Gen,16,2026-04-09
ACC1181,Bulk_Upload,72,2026-04-16
ACC1438,Team_Collab,87,2026-04-26
ACC1494,API_Access,68,2026-04-23
ACC1290,Report_Gen,25,2026-04-26
ACC1076,Dashboard,29,2026-04-26
ACC1300,Bulk_Upload,40,2026-04-24
ACC1054,Dashboard,88,2026-04-30
ACC1029,Dashboard,57,2026-05-05
ACC1053,Report_Gen,32,2026-04-14
ACC1360,Dashboard,57,2026-05-02
ACC1490,Dashboard,63,2026-04-07
ACC1410,Bulk_Upload,82,2026-04-22
ACC1216,Report_Gen,81,2026-04-26
ACC1060,Dashboard,29,2026-05-01
ACC1014,Team_Collab,54,2026-04-08
ACC1363,Dashboard,91,2026-04-30
ACC1212,Dashboard,23,2026-04-12
ACC1368,Team_Collab,26,2026-04-29
ACC1141,Bulk_Upload,55,2026-05-03
ACC1282,API_Access,78,2026-04-24
ACC1357,Team_Collab,87,2026-05-04
ACC1480,Bulk_Upload,61,2026-05-05
ACC1242,Bulk_Upload,32,2026-04-07
ACC1411,Report_Gen,78,2026-04-20
ACC1377,API_Access,85,2026-04-10
ACC1114,Dashboard,2,2026-04-15
ACC1218,Bulk_Upload,38,2026-04-21
ACC1020,Report_Gen,29,2026-04-15
ACC1054,Dashboard,57,2026-04-28
ACC1126,Report_Gen,19,2026-05-03
ACC1184,Team_Collab,30,2026-04-10
ACC1244,API_Access,1,2026-04-15
ACC1215,API_Access,45,2026-04-14
ACC1188,Team_Collab,73,2026-04-17
ACC1365,Report_Gen,15,2026-04-20
ACC1447,Bulk_Upload,7,2026-04-21
ACC1059,API_Access,87,2026-04-13
ACC1009,API_Access,37,2026-04-28
ACC1225,Bulk_Upload,62,2026-04-17
ACC1327,Dashboard,66,2026-04-10
ACC1007,Bulk_Upload,32,2026-04-22
ACC1030,API_Access,98,2026-04-12
ACC1186,Report_Gen,16,2026-04-12
ACC1225,Bulk_Upload,82,2026-04-17
ACC1142,API_Access,9,2026-04-12
ACC1355,Report_Gen,11,2026-04-08
ACC1385,API_Access,54,2026-04-30
ACC1115,API_Access,87,2026-04-14
ACC1248,API_Access,28,2026-04-25
ACC1072,API_Access,18,2026-04-26
ACC1109,Bulk_Upload,17,2026-04-20
ACC1241,Dashboard,53,2026-04-26
ACC1488,API_Access,5,2026-04-29
ACC1340,Dashboard,7,2026-04-17
ACC1213,Team_Collab,38,2026-04-26
ACC1244,Dashboard,16,2026-05-04
ACC1400,Team_Collab,91,2026-04-08
ACC1028,Bulk_Upload,91,2026-04-27
ACC1310,Dashboard,28,2026-04-12
ACC1124,Dashboard,27,2026-04-20
ACC1468,Bulk_Upload,35,2026-04-09
ACC1097,Report_Gen,6,2026-04-16
ACC1035,Team_Collab,13,2026-05-05
ACC1029,API_Access,57,2026-04-07
ACC1254,Team_Collab,11,2026-05-02
ACC1063,Dashboard,16,2026-04-10
ACC1079,Report_Gen,27,2026-04-11
ACC1367,API_Access,5,2026-04-20
ACC1438,Report_Gen,35,2026-04-27
ACC1243,Bulk_Upload,78,2026-05-04
ACC1234,API_Access,44,2026-04-11
ACC1323,Report_Gen,66,2026-05-05
ACC1235,Dashboard,60,2026-04-08
ACC1070,Team_Collab,54,2026-04-29
ACC1311,Dashboard,50,2026-04-12
ACC1473,Team_Collab,32,2026-05-01
ACC1025,API_Access,97,2026-04-08
ACC1121,API_Access,72,2026-04-15
ACC1234,Bulk_Upload,62,2026-04-29
ACC1108,Dashboard,17,2026-04-12
ACC1030,API_Access,60,2026-04-11
ACC1122,Report_Gen,62,2026-04-19
ACC1306,Team_Collab,22,2026-05-04
ACC1254,API_Access,25,2026-04-29
ACC1437,Report_Gen,30,2026-04-29
ACC1044,Dashboard,24,2026-04-22
ACC1286,Team_Collab,93,2026-04-21
ACC1065,API_Access,42,2026-04-22
ACC1265,API_Access,98,2026-05-02
ACC1056,API_Access,24,2026-04-15
ACC1464,Dashboard,28,2026-05-02
ACC1159,Report_Gen,30,2026-04-26
ACC1358,API_Access,54,2026-04-23
ACC1286,Report_Gen,44,2026-04-16
ACC1461,Team_Collab,34,2026-04-20
ACC1187,Team_Collab,34,2026-04-30
ACC1258,Dashboard,17,2026-04-15
ACC1266,Dashboard,79,2026-04-24
ACC1445,API_Access,94,2026-04-08
ACC1481,Report_Gen,75,2026-04-06
ACC1054,Bulk_Upload,57,2026-04-12
ACC1284,API_Access,43,2026-04-26
ACC1076,Dashboard,14,2026-04-12
ACC1199,Report_Gen,95,2026-04-19
ACC1250,Dashboard,29,2026-05-02
ACC1392,API_Access,76,2026-04-14
ACC1165,Dashboard,17,2026-04-14
ACC1125,Team_Collab,70,2026-05-05
ACC1360,Bulk_Upload,87,2026-04-26
ACC1188,Bulk_Upload,12,2026-05-02
ACC1443,Bulk_Upload,51,2026-04-25
ACC1453,Dashboard,32,2026-04-25
ACC1256,Report_Gen,45,2026-04-27
ACC1213,Team_Collab,40,2026-05-03
ACC1052,API_Access,51,2026-04-10
ACC1096,Team_Collab,9,2026-04-14
ACC1184,Team_Collab,39,2026-04-13
ACC1118,Bulk_Upload,34,2026-04-08
ACC1256,Report_Gen,5,2026-05-01
ACC1106,API_Access,70,2026-04-06
ACC1179,Team_Collab,9,2026-04-19
ACC1387,Dashboard,92,2026-04-27
ACC1443,Report_Gen,97,2026-04-21
ACC1190,Dashboard,12,2026-04-23
ACC1269,Team_Collab,14,2026-04-22
ACC1059,Bulk_Upload,96,2026-04-08
ACC1466,Team_Collab,62,2026-04-17
ACC1459,Bulk_Upload,31,2026-05-04
ACC1010,Report_Gen,76,2026-04-29
ACC1270,Dashboard,86,2026-04-22
ACC1207,Team_Collab,67,2026-04-24
ACC1364,Report_Gen,36,2026-04-11
ACC1158,Dashboard,30,2026-05-02
ACC1337,Bulk_Upload,43,2026-04-16
ACC1208,Dashboard,68,2026-05-03
ACC1486,API_Access,90,2026-04-11
ACC1393,Report_Gen,31,2026-05-02
ACC1420,Dashboard,64,2026-05-04
ACC1077,Dashboard,56,2026-04-27
ACC1112,Dashboard,47,2026-04-12
ACC1438,Bulk_Upload,12,2026-05-04
ACC1033,Dashboard,68,2026-04-30
ACC1062,API_Access,65,2026-04-21
ACC1082,Bulk_Upload,2,2026-04-25
ACC1207,Team_Collab,46,2026-04-12
ACC1449,Team_Collab,65,2026-04-08
ACC1023,Dashboard,12,2026-04-23
ACC1340,Report_Gen,54,2026-04-14
ACC1223,API_Access,34,2026-04-26
ACC1142,Team_Collab,79,2026-04-23
ACC1239,Dashboard,59,2026-04-19
ACC1218,Report_Gen,83,2026-04-13
ACC1305,API_Access,45,2026-04-11
ACC1487,Report_Gen,66,2026-04-21
ACC1324,Bulk_Upload,65,2026-04-07
ACC1101,API_Access,39,2026-04-08
ACC1028,API_Access,48,2026-04-19
ACC1433,API_Access,56,2026-04-30
ACC1127,Bulk_Upload,45,2026-04-21
ACC1494,Report_Gen,68,2026-04-14
ACC1224,Team_Collab,47,2026-04-26
ACC1440,Dashboard,52,2026-04-12
ACC1136,Report_Gen,56,2026-05-02
ACC1336,API_Access,53,2026-04-16
ACC1371,Dashboard,99,2026-04-18
ACC1112,Team_Collab,82,2026-04-09
ACC1272,Report_Gen,93,2026-04-07
ACC1164,Team_Collab,56,2026-04-11
ACC1422,Bulk_Upload,32,2026-04-14
ACC1223,Team_Collab,18,2026-04-13
ACC1214,Dashboard,72,2026-04-06
ACC1060,Bulk_Upload,85,2026-04-27
ACC1319,Bulk_Upload,99,2026-04-11
ACC1034,API_Access,1,2026-04-10
ACC1432,Dashboard,55,2026-05-01
ACC1421,Team_Collab,45,2026-04-10
ACC1059,Bulk_Upload,79,2026-04-19
ACC1226,Report_Gen,41,2026-04-08
ACC1371,Report_Gen,49,2026-05-05
ACC1166,API_Access,54,2026-05-02
ACC1323,Report_Gen,81,2026-04-25
ACC1175,API_Access,72,2026-04-25
ACC1240,Dashboard,3,2026-04-22
ACC1279,API_Access,57,2026-04-30
ACC1247,API_Access,9,2026-04-12
ACC1339,Team_Collab,37,2026-04-24
ACC1254,API_Access,64,2026-04-15
ACC1007,Bulk_Upload,97,2026-04-30
ACC1231,Dashboard,50,2026-05-02
ACC1089,API_Access,100,2026-05-04
ACC1391,API_Access,8,2026-05-02
ACC1343,Report_Gen,54,2026-04-11
ACC1022,Team_Collab,11,2026-04-10
ACC1011,Team_Collab,86,2026-04-24
ACC1414,Team_Collab,33,2026-04-18
ACC1450,Report_Gen,64,2026-04-17
ACC1433,API_Access,75,2026-05-02
ACC1324,Report_Gen,52,2026-04-16
ACC1028,Dashboard,21,2026-04-10
ACC1333,Team_Collab,96,2026-05-03
ACC1385,Report_Gen,69,2026-04-10
ACC1361,Dashboard,24,2026-04-27
ACC1026,Bulk_Upload,45,2026-04-25
ACC1373,API_Access,8,2026-04-28
ACC1201,Team_Collab,35,2026-04-19
ACC1278,Team_Collab,68,2026-04-30
ACC1001,Report_Gen,7,2026-04-20
ACC1185,Dashboard,82,2026-04-29
ACC1402,Team_Collab,73,2026-04-07
ACC1117,Bulk_Upload,14,2026-04-25
ACC1123,Dashboard,83,2026-04-29
ACC1106,Bulk_Upload,44,2026-04-26
ACC1306,API_Access,11,2026-04-26
ACC1026,API_Access,87,2026-05-02
ACC1401,Team_Collab,89,2026-04-10
ACC1084,Report_Gen,50,2026-05-03
ACC1296,Bulk_Upload,15,2026-05-03
ACC1440,Report_Gen,32,2026-04-14
ACC1349,Dashboard,58,2026-05-01
ACC1227,Team_Collab,14,2026-04-28
ACC1446,Bulk_Upload,42,2026-04-19
ACC1072,Dashboard,97,2026-04-22
ACC1350,Report_Gen,10,2026-04-15
ACC1015,Dashboard,24,2026-04-28
ACC1217,Bulk_Upload,56,2026-04-14
ACC1001,API_Access,29,2026-04-15
ACC1451,API_Access,31,2026-04-22
ACC1301,API_Access,42,2026-04-28
ACC1459,API_Access,10,2026-05-05
ACC1028,Team_Collab,7,2026-04-11
ACC1394,Dashboard,49,2026-04-25
ACC1485,API_Access,91,2026-04-21
ACC1150,Dashboard,6,2026-04-17
ACC1469,Bulk_Upload,52,2026-04-30
ACC1226,Bulk_Upload,87,2026-05-04
ACC1298,API_Access,20,2026-04-09
ACC1430,Team_Collab,87,2026-04-07
ACC1427,Dashboard,57,2026-04-17
ACC1168,Dashboard,33,2026-05-02
ACC1311,Team_Collab,24,2026-04-18
ACC1380,Bulk_Upload,26,2026-04-12
ACC1026,Team_Collab,44,2026-04-13
ACC1373,Report_Gen,34,2026-04-06
ACC1309,Dashboard,67,2026-04-29
ACC1351,Bulk_Upload,18,2026-04-30
ACC1490,Team_Collab,59,2026-04-09
ACC1476,Bulk_Upload,28,2026-04-29
ACC1458,Team_Collab,87,2026-04-29
ACC1148,Team_Collab,24,2026-05-04
ACC1365,API_Access,11,2026-04-06
ACC1191,Report_Gen,54,2026-04-17
ACC1128,Report_Gen,96,2026-04-29
ACC1287,Team_Collab,2,2026-05-01
ACC1471,Team_Collab,59,2026-04-25
ACC1302,Team_Collab,46,2026-04-16
ACC1344,Dashboard,25,2026-04-08
ACC1410,Team_Collab,19,2026-04-25
ACC1416,API_Access,47,2026-05-03
ACC1343,Dashboard,96,2026-04-26
ACC1403,Team_Collab,70,2026-04-26
ACC1300,Team_Collab,70,2026-04-13
ACC1173,Team_Collab,13,2026-05-04
ACC1155,Team_Collab,20,2026-05-02
ACC1198,API_Access,25,2026-04-22
ACC1083,Report_Gen,69,2026-04-15
ACC1104,Report_Gen,92,2026-05-05
ACC1481,Team_Collab,41,2026-04-07
ACC1137,Team_Collab,2,2026-05-05
ACC1141,API_Access,35,2026-05-04
ACC1060,Team_Collab,46,2026-04-06
ACC1479,Report_Gen,76,2026-04-20
ACC1149,Bulk_Upload,68,2026-04-18
ACC1314,Report_Gen,73,2026-04-29
ACC1264,API_Access,46,2026-04-16
ACC1128,API_Access,52,2026-04-16
ACC1314,Dashboard,2,2026-05-04
ACC1238,Bulk_Upload,44,2026-04-12
ACC1456,Bulk_Upload,33,2026-04-16
ACC1033,Team_Collab,75,2026-04-24
ACC1037,API_Access,85,2026-04-30
ACC1404,Bulk_Upload,95,2026-04-09
ACC1442,Team_Collab,84,2026-05-01
ACC1124,Team_Collab,71,2026-04-22
ACC1493,Team_Collab,52,2026-05-04
ACC1142,API_Access,73,2026-04-22
ACC1142,Team_Collab,56,2026-04-14
ACC1187,Team_Collab,99,2026-04-18
ACC1014,API_Access,7,2026-04-29
ACC1032,API_Access,28,2026-04-18
ACC1431,Team_Collab,26,2026-04-12
ACC1319,Dashboard,87,2026-05-05
ACC1452,Dashboard,37,2026-04-29
ACC1281,API_Access,70,2026-04-16
ACC1111,Team_Collab,80,2026-04-07
ACC1112,Dashboard,34,2026-04-21
ACC1142,Team_Collab,94,2026-05-02
ACC1420,Team_Collab,34,2026-04-25
ACC1349,API_Access,88,2026-04-16
ACC1029,Dashboard,46,2026-04-28
ACC1316,Team_Collab,58,2026-04-09
ACC1132,Dashboard,55,2026-04-11
ACC1159,Dashboard,79,2026-05-03
ACC1337,Bulk_Upload,99,2026-04-22
ACC1350,API_Access,25,2026-04-21
ACC1271,Report_Gen,31,2026-05-01
ACC1193,Dashboard,57,2026-04-30
ACC1345,Dashboard,90,2026-05-02
ACC1010,Report_Gen,25,2026-04-13
ACC1160,Dashboard,24,2026-04-27
ACC1314,Report_Gen,38,2026-04-18
ACC1152,Team_Collab,25,2026-04-30
ACC1285,Bulk_Upload,27,2026-04-11
ACC1196,Team_Collab,58,2026-05-02
ACC1000,Team_Collab,45,2026-04-11
ACC1091,Dashboard,3,2026-04-21
ACC1030,Bulk_Upload,35,2026-04-24
ACC1143,Bulk_Upload,29,2026-04-16
ACC1254,Bulk_Upload,23,2026-04-29
ACC1467,Dashboard,76,2026-04-25
ACC1182,Bulk_Upload,44,2026-04-11
ACC1343,Dashboard,72,2026-04-27
ACC1013,API_Access,63,2026-04-10
ACC1394,Dashboard,69,2026-04-07
ACC1048,Team_Collab,38,2026-04-07
ACC1379,Report_Gen,37,2026-04-13
ACC1027,Team_Collab,74,2026-05-05
ACC1282,Report_Gen,51,2026-04-29
ACC1489,Bulk_Upload,61,2026-04-24
ACC1355,API_Access,44,2026-05-02
ACC1122,Bulk_Upload,92,2026-04-28
ACC1346,Bulk_Upload,82,2026-04-28
ACC1211,Dashboard,31,2026-04-29
ACC1158,Report_Gen,71,2026-04-24
ACC1304,Bulk_Upload,57,2026-04-29
ACC1389,API_Access,49,2026-04-12
ACC1271,Team_Collab,44,2026-04-14
ACC1249,Dashboard,47,2026-04-22
ACC1450,Report_Gen,17,2026-04-10
ACC1148,Bulk_Upload,22,2026-05-02
ACC1425,Team_Collab,95,2026-04-30
ACC1477,API_Access,43,2026-04-09
ACC1481,API_Access,70,2026-05-05
ACC1194,Team_Collab,43,2026-04-21
ACC1141,Bulk_Upload,79,2026-05-03
ACC1268,Team_Collab,76,2026-04-27
ACC1012,API_Access,8,2026-04-09
ACC1237,Dashboard,25,2026-04-29
ACC1096,Dashboard,52,2026-05-03
ACC1291,API_Access,28,2026-05-02
ACC1294,API_Access,19,2026-04-18
ACC1111,Bulk_Upload,17,2026-04-21
ACC1434,Bulk_Upload,96,2026-05-02
ACC1106,Report_Gen,85,2026-04-09
ACC1127,Dashboard,1,2026-04-08
ACC1443,Bulk_Upload,33,2026-04-12
ACC1020,Report_Gen,66,2026-04-25
ACC1314,Dashboard,43,2026-04-14
ACC1460,Bulk_Upload,23,2026-04-29
ACC1157,Team_Collab,45,2026-04-18
ACC1340,Team_Collab,38,2026-04-13
ACC1385,Report_Gen,20,2026-04-23
ACC1409,Team_Collab,9,2026-04-27
ACC1360,Bulk_Upload,60,2026-04-18
ACC1070,Bulk_Upload,86,2026-04-14
ACC1200,Dashboard,15,2026-04-26
ACC1485,Dashboard,18,2026-04-23
ACC1461,Report_Gen,99,2026-04-20
ACC1288,Dashboard,31,2026-05-02
ACC1418,Report_Gen,2,2026-04-24
ACC1109,Dashboard,11,2026-04-15
ACC1466,Report_Gen,51,2026-05-02
ACC1177,Dashboard,15,2026-04-10
ACC1043,API_Access,58,2026-04-24
ACC1201,Report_Gen,35,2026-04-19
ACC1155,Team_Collab,69,2026-04-24
ACC1359,Bulk_Upload,53,2026-04-10
ACC1303,API_Access,82,2026-04-16
ACC1363,Bulk_Upload,47,2026-04-28
ACC1357,API_Access,43,2026-04-29
ACC1438,Team_Collab,5,2026-04-16
ACC1278,Team_Collab,25,2026-04-07
ACC1351,Bulk_Upload,63,2026-04-27
ACC1071,Bulk_Upload,90,2026-04-21
ACC1151,Bulk_Upload,22,2026-04-30
ACC1024,API_Access,22,2026-04-20
ACC1115,Report_Gen,44,2026-04-08
ACC1259,API_Access,72,2026-05-03
ACC1078,API_Access,82,2026-04-07
ACC1103,Team_Collab,19,2026-04-30
ACC1043,Dashboard,12,2026-05-01
ACC1264,Report_Gen,42,2026-04-23
ACC1403,Team_Collab,31,2026-04-08
ACC1257,API_Access,96,2026-04-16
ACC1417,API_Access,51,2026-05-04
ACC1364,Team_Collab,85,2026-04-23
ACC1188,Team_Collab,6,2026-04-13
ACC1066,Team_Collab,96,2026-05-03
ACC1034,Dashboard,12,2026-04-14
ACC1232,API_Access,89,2026-04-18
ACC1268,API_Access,6,2026-04-12
ACC1449,Team_Collab,66,2026-04-27
ACC1224,Dashboard,34,2026-04-27
ACC1387,Team_Collab,100,2026-04-30
ACC1322,API_Access,34,2026-04-22
ACC1004,Dashboard,26,2026-05-02
ACC1439,Report_Gen,48,2026-04-22
ACC1446,Team_Collab,32,2026-04-25
ACC1059,Report_Gen,24,2026-05-03
ACC1053,API_Access,55,2026-04-21
ACC1399,Bulk_Upload,21,2026-04-07
ACC1368,Dashboard,67,2026-04-19
ACC1452,Report_Gen,95,2026-04-18
ACC1013,Dashboard,33,2026-05-03
ACC1283,Bulk_Upload,33,2026-04-22
ACC1363,Bulk_Upload,94,2026-04-11
ACC1308,API_Access,97,2026-04-23
ACC1183,Dashboard,70,2026-04-14
ACC1369,API_Access,24,2026-04-11
ACC1153,Report_Gen,45,2026-04-26
ACC1227,Dashboard,47,2026-04-18
ACC1111,API_Access,65,2026-04-29
ACC1016,Dashboard,51,2026-04-11
ACC1240,Bulk_Upload,9,2026-04-29
ACC1276,API_Access,93,2026-04-07
ACC1315,API_Access,12,2026-04-14
ACC1459,API_Access,21,2026-05-05
ACC1449,Team_Collab,56,2026-04-09
ACC1220,Bulk_Upload,27,2026-04-13
ACC1331,Team_Collab,20,2026-04-19
ACC1378,Bulk_Upload,73,2026-04-26
ACC1052,Bulk_Upload,21,2026-05-02
ACC1279,Bulk_Upload,29,2026-05-02
ACC1494,Dashboard,82,2026-05-05
ACC1231,Report_Gen,44,2026-04-24
ACC1059,Bulk_Upload,30,2026-04-28
ACC1149,Team_Collab,99,2026-04-17
ACC1073,Dashboard,70,2026-04-28
ACC1481,Dashboard,73,2026-05-03
ACC1348,Team_Collab,25,2026-04-18
ACC1024,Dashboard,98,2026-05-02
ACC1453,Dashboard,28,2026-04-27
ACC1007,Team_Collab,10,2026-04-15
ACC1114,Bulk_Upload,46,2026-04-24
ACC1177,API_Access,29,2026-04-11
ACC1298,Dashboard,12,2026-04-08
ACC1084,API_Access,93,2026-04-07
ACC1200,Report_Gen,18,2026-04-14
ACC1404,Report_Gen,30,2026-04-12
ACC1016,API_Access,52,2026-04-28
ACC1170,API_Access,8,2026-04-21
ACC1323,API_Access,77,2026-05-03
ACC1138,Report_Gen,10,2026-04-08
ACC1191,Team_Collab,33,2026-05-03
ACC1260,Team_Collab,36,2026-05-05
ACC1165,API_Access,97,2026-05-05
ACC1211,Bulk_Upload,25,2026-05-01
ACC1403,API_Access,49,2026-04-20
ACC1077,Team_Collab,70,2026-04-18
ACC1210,Bulk_Upload,5,2026-05-05
ACC1417,Team_Collab,58,2026-04-11
ACC1283,Dashboard,21,2026-04-18
ACC1395,Bulk_Upload,49,2026-04-23
ACC1340,Bulk_Upload,83,2026-04-10
ACC1171,API_Access,71,2026-04-29
ACC1256,Bulk_Upload,17,2026-04-24
ACC1361,Dashboard,8,2026-04-28
ACC1073,API_Access,98,2026-04-15
ACC1095,Bulk_Upload,98,2026-04-21
ACC1062,Bulk_Upload,78,2026-04-17
ACC1462,API_Access,42,2026-04-20
ACC1188,Report_Gen,22,2026-04-27
ACC1349,Bulk_Upload,19,2026-05-03
ACC1030,Report_Gen,26,2026-05-03
ACC1448,Team_Collab,43,2026-04-16
ACC1497,API_Access,66,2026-05-05
ACC1029,API_Access,16,2026-04-21
ACC1074,Report_Gen,92,2026-04-15
ACC1292,Team_Collab,50,2026-04-19
ACC1383,API_Access,1,2026-05-01
ACC1380,API_Access,63,2026-05-03
ACC1204,Bulk_Upload,25,2026-04-16
ACC1466,API_Access,32,2026-05-05
ACC1480,Dashboard,83,2026-04-08
ACC1470,Team_Collab,61,2026-04-07
ACC1195,API_Access,33,2026-04-19
ACC1159,Team_Collab,15,2026-04-25
ACC1404,Dashboard,29,2026-04-25
ACC1123,Report_Gen,10,2026-04-09
ACC1393,Report_Gen,9,2026-05-02
ACC1116,API_Access,83,2026-04-20
ACC1358,API_Access,4,2026-04-08
ACC1233,Bulk_Upload,81,2026-04-22
ACC1199,Dashboard,41,2026-04-08
ACC1059,Bulk_Upload,14,2026-04-22
ACC1026,API_Access,49,2026-04-18
ACC1252,Team_Collab,86,2026-04-21
ACC1082,Team_Collab,55,2026-05-02
ACC1051,Bulk_Upload,17,2026-04-27
ACC1428,Team_Collab,95,2026-04-26
ACC1105,Dashboard,32,2026-04-08
ACC1429,Bulk_Upload,63,2026-05-03
ACC1378,Report_Gen,19,2026-04-20
ACC1095,Team_Collab,74,2026-04-12
ACC1345,Dashboard,57,2026-04-30
ACC1305,Dashboard,35,2026-04-11
ACC1179,Dashboard,90,2026-04-13
ACC1308,Report_Gen,92,2026-05-04
ACC1421,Bulk_Upload,34,2026-04-11
ACC1354,Bulk_Upload,78,2026-04-11
ACC1318,Bulk_Upload,61,2026-04-13
ACC1084,API_Access,21,2026-04-24
ACC1161,Team_Collab,20,2026-04-11
ACC1146,API_Access,4,2026-04-24
ACC1417,Dashboard,41,2026-04-25
ACC1393,Report_Gen,3,2026-04-17
ACC1025,Team_Collab,76,2026-04-14
ACC1171,Dashboard,96,2026-04-09
ACC1419,Report_Gen,39,2026-04-12
ACC1305,Report_Gen,19,2026-04-12
ACC1383,API_Access,17,2026-05-04
ACC1142,Dashboard,2,2026-04-21
ACC1146,Team_Collab,26,2026-04-27
ACC1069,API_Access,22,2026-04-11
ACC1345,Team_Collab,7,2026-04-30
ACC1123,Dashboard,59,2026-04-08
ACC1261,Team_Collab,76,2026-04-14
ACC1429,Report_Gen,56,2026-04-07
ACC1072,Bulk_Upload,66,2026-04-19
ACC1391,Team_Collab,45,2026-05-05
ACC1097,API_Access,92,2026-04-09
ACC1273,Team_Collab,10,2026-05-02
ACC1268,Report_Gen,32,2026-04-19
ACC1283,Bulk_Upload,61,2026-04-21
ACC1428,Team_Collab,93,2026-04-18
ACC1386,Team_Collab,16,2026-04-25
ACC1007,Team_Collab,44,2026-04-11
ACC1030,Dashboard,10,2026-04-27
ACC1125,Dashboard,22,2026-04-22
ACC1317,API_Access,55,2026-04-14
ACC1013,API_Access,80,2026-05-05
ACC1474,API_Access,55,2026-04-26
ACC1323,Dashboard,97,2026-05-05
ACC1150,Report_Gen,77,2026-04-17
ACC1378,Team_Collab,40,2026-04-19
ACC1277,Bulk_Upload,33,2026-05-04
ACC1056,Dashboard,97,2026-04-28
ACC1393,Team_Collab,60,2026-04-09
ACC1058,Dashboard,75,2026-04-16
ACC1429,Dashboard,75,2026-04-29
ACC1228,Report_Gen,25,2026-04-10
ACC1017,Bulk_Upload,13,2026-05-04
ACC1354,Dashboard,60,2026-05-01
ACC1000,API_Access,1,2026-04-25
ACC1458,Dashboard,40,2026-04-23
ACC1083,Dashboard,97,2026-04-16
ACC1430,Report_Gen,80,2026-04-30
ACC1287,API_Access,41,2026-05-01
ACC1118,Team_Collab,73,2026-04-23
ACC1045,API_Access,52,2026-04-13
ACC1428,API_Access,82,2026-04-24
ACC1077,API_Access,58,2026-04-13
ACC1104,Bulk_Upload,73,2026-04-18
ACC1171,Dashboard,39,2026-04-23
ACC1291,Bulk_Upload,41,2026-04-28
ACC1485,API_Access,18,2026-04-30
ACC1498,Bulk_Upload,87,2026-04-15
ACC1439,Bulk_Upload,4,2026-04-08
ACC1318,API_Access,80,2026-04-22
ACC1354,Report_Gen,12,2026-04-23
ACC1113,Bulk_Upload,36,2026-05-01
ACC1005,Team_Collab,22,2026-04-27
ACC1149,Dashboard,85,2026-04-10
ACC1289,Bulk_Upload,29,2026-04-24
ACC1471,Dashboard,16,2026-04-06
ACC1391,Team_Collab,30,2026-04-17
ACC1475,API_Access,47,2026-04-24
ACC1183,Team_Collab,66,2026-05-02
ACC1333,Report_Gen,5,2026-05-02
ACC1037,Team_Collab,59,2026-04-07
ACC1380,Report_Gen,54,2026-04-25
ACC1326,API_Access,73,2026-05-03
ACC1148,Dashboard,78,2026-04-17
ACC1431,API_Access,57,2026-05-04
ACC1332,API_Access,31,2026-04-28
ACC1321,Dashboard,51,2026-04-25
ACC1328,API_Access,59,2026-04-07
ACC1062,Bulk_Upload,64,2026-05-02
ACC1176,Bulk_Upload,7,2026-04-20
ACC1321,Dashboard,32,2026-04-27
ACC1336,Team_Collab,15,2026-05-02
ACC1111,Report_Gen,50,2026-04-06
ACC1258,Dashboard,68,2026-04-11
ACC1176,Report_Gen,19,2026-05-04
ACC1448,Team_Collab,83,2026-05-02
ACC1067,Dashboard,30,2026-04-22
ACC1267,Report_Gen,78,2026-04-27
ACC1427,Dashboard,48,2026-04-22
ACC1145,API_Access,85,2026-04-24
ACC1348,API_Access,71,2026-04-19
ACC1490,Bulk_Upload,61,2026-04-14
ACC1186,Dashboard,63,2026-04-13
ACC1283,Dashboard,96,2026-04-07
ACC1463,Report_Gen,89,2026-04-11
ACC1015,Team_Collab,40,2026-04-24
ACC1324,Team_Collab,57,2026-04-14
ACC1277,Bulk_Upload,75,2026-04-21
ACC1424,Report_Gen,41,2026-04-21
ACC1237,Team_Collab,62,2026-04-17
ACC1227,Dashboard,43,2026-04-26
ACC1482,Team_Collab,94,2026-04-06
ACC1360,Dashboard,62,2026-04-26
ACC1098,API_Access,97,2026-04-25
ACC1187,Bulk_Upload,94,2026-04-17
ACC1120,Team_Collab,46,2026-04-14
ACC1445,Dashboard,4,2026-04-09
ACC1179,Report_Gen,21,2026-04-06
ACC1071,Dashboard,34,2026-04-13
ACC1107,Dashboard,3,2026-04-29
ACC1228,API_Access,48,2026-04-19
ACC1062,Report_Gen,55,2026-04-22
ACC1339,Bulk_Upload,94,2026-04-13
ACC1284,Dashboard,15,2026-04-26
ACC1041,Report_Gen,45,2026-04-21
ACC1353,API_Access,36,2026-04-11
ACC1237,Bulk_Upload,75,2026-04-09
ACC1211,API_Access,100,2026-04-17
ACC1006,Dashboard,90,2026-05-03
ACC1396,Dashboard,74,2026-04-13
ACC1397,Dashboard,74,2026-04-30
ACC1243,Dashboard,39,2026-04-08
ACC1397,Dashboard,100,2026-05-05
ACC1193,API_Access,96,2026-04-16
ACC1044,Dashboard,49,2026-04-20
ACC1032,API_Access,82,2026-04-10
ACC1467,Dashboard,29,2026-04-10
ACC1307,Team_Collab,76,2026-04-29
ACC1180,API_Access,12,2026-04-12
ACC1364,Dashboard,30,2026-04-07
ACC1108,Report_Gen,56,2026-04-18
ACC1107,Team_Collab,79,2026-04-11
ACC1048,API_Access,10,2026-04-09
ACC1128,API_Access,63,2026-04-21
ACC1312,Team_Collab,40,2026-05-04
ACC1239,Team_Collab,55,2026-04-20
ACC1442,Bulk_Upload,50,2026-04-15
ACC1439,Team_Collab,65,2026-04-16
ACC1231,Report_Gen,74,2026-04-23
ACC1327,Dashboard,98,2026-05-01
ACC1346,API_Access,8,2026-04-15
ACC1375,Report_Gen,87,2026-04-25
ACC1001,Dashboard,99,2026-04-11
ACC1362,API_Access,78,2026-04-25
ACC1102,Bulk_Upload,39,2026-04-22
ACC1205,Report_Gen,58,2026-05-05
ACC1217,Dashboard,65,2026-05-02
ACC1036,Team_Collab,70,2026-04-26
ACC1484,Bulk_Upload,73,2026-04-10
ACC1050,Team_Collab,71,2026-05-01
ACC1467,Dashboard,32,2026-04-27
ACC1457,Bulk_Upload,8,2026-04-07
ACC1228,Dashboard,19,2026-04-26
ACC1157,API_Access,82,2026-04-30
ACC1293,Dashboard,36,2026-04-17
ACC1071,Bulk_Upload,37,2026-04-16
ACC1130,API_Access,82,2026-05-03
ACC1389,Bulk_Upload,59,2026-04-29
ACC1028,Report_Gen,98,2026-05-05
ACC1416,Dashboard,84,2026-04-25
ACC1464,Team_Collab,71,2026-04-17
ACC1218,Bulk_Upload,84,2026-04-06
ACC1290,API_Access,100,2026-04-23
ACC1407,API_Access,97,2026-04-21
ACC1030,Team_Collab,100,2026-04-13
ACC1077,API_Access,8,2026-04-11
ACC1440,Dashboard,22,2026-04-07
ACC1242,Bulk_Upload,21,2026-04-20
ACC1458,API_Access,43,2026-04-07
ACC1313,API_Access,34,2026-04-08
ACC1489,Team_Collab,7,2026-04-07
ACC1003,Bulk_Upload,73,2026-04-28
ACC1050,Bulk_Upload,24,2026-04-06
ACC1384,API_Access,36,2026-04-20
ACC1181,API_Access,6,2026-04-20
ACC1476,API_Access,74,2026-05-02
ACC1140,Report_Gen,85,2026-04-09
ACC1223,Dashboard,71,2026-04-15
ACC1079,Dashboard,90,2026-04-10
ACC1385,Bulk_Upload,85,2026-05-02
ACC1116,Bulk_Upload,7,2026-04-10
ACC1337,Report_Gen,71,2026-04-28
ACC1032,Team_Collab,11,2026-04-18
ACC1484,Report_Gen,63,2026-04-27
ACC1451,API_Access,56,2026-04-08
ACC1263,API_Access,86,2026-04-21
ACC1235,Dashboard,94,2026-05-04
ACC1342,Dashboard,90,2026-04-17
ACC1339,API_Access,77,2026-04-11
ACC1159,Dashboard,74,2026-04-20
ACC1045,API_Access,35,2026-04-10
ACC1156,Dashboard,80,2026-04-16
ACC1143,API_Access,62,2026-04-08
ACC1266,API_Access,65,2026-04-24
ACC1174,Team_Collab,82,2026-04-17
ACC1423,Team_Collab,18,2026-04-29
ACC1147,Bulk_Upload,56,2026-04-16
ACC1220,Dashboard,9,2026-05-05
ACC1168,Team_Collab,10,2026-04-13
ACC1386,Report_Gen,69,2026-04-09
ACC1497,Dashboard,81,2026-04-29
ACC1437,Report_Gen,80,2026-04-14
ACC1180,Team_Collab,4,2026-04-20
ACC1098,Bulk_Upload,62,2026-04-15
ACC1361,Bulk_Upload,70,2026-04-12
ACC1447,API_Access,66,2026-04-30
ACC1282,Team_Collab,47,2026-05-03
ACC1335,API_Access,95,2026-04-09
ACC1404,Team_Collab,12,2026-04-25
ACC1264,Report_Gen,90,2026-04-22
ACC1294,Dashboard,56,2026-04-19
ACC1249,Dashboard,55,2026-04-18
ACC1199,Bulk_Upload,99,2026-04-12
ACC1000,API_Access,88,2026-04-16
ACC1022,Dashboard,89,2026-04-21
ACC1014,Bulk_Upload,18,2026-05-04
ACC1471,API_Access,96,2026-04-14
ACC1357,Bulk_Upload,39,2026-05-01
ACC1417,API_Access,37,2026-04-27
ACC1365,Dashboard,40,2026-05-05
ACC1328,Dashboard,77,2026-05-02
ACC1475,Report_Gen,21,2026-04-15
ACC1005,Team_Collab,48,2026-04-30
ACC1211,API_Access,47,2026-05-02
ACC1219,Team_Collab,41,2026-04-15
ACC1299,Team_Collab,94,2026-04-19
ACC1123,Team_Collab,57,2026-04-18
ACC1015,Dashboard,94,2026-04-17
ACC1067,Team_Collab,87,2026-04-08
ACC1456,Report_Gen,34,2026-04-28
ACC1065,Report_Gen,49,2026-04-26
ACC1083,Team_Collab,16,2026-05-04
ACC1233,Team_Collab,58,2026-05-02
ACC1007,Bulk_Upload,9,2026-04-23
ACC1065,Team_Collab,15,2026-04-11
ACC1216,Team_Collab,13,2026-05-02
ACC1397,Team_Collab,56,2026-04-26
ACC1374,Bulk_Upload,9,2026-04-08
ACC1490,Report_Gen,57,2026-04-18
ACC1373,Report_Gen,46,2026-04-29
ACC1234,Team_Collab,24,2026-04-07
ACC1183,Dashboard,73,2026-04-11
ACC1044,Bulk_Upload,21,2026-04-12
ACC1299,Team_Collab,69,2026-04-07
ACC1238,API_Access,70,2026-04-27
ACC1130,Report_Gen,58,2026-04-26
ACC1258,API_Access,33,2026-04-19
ACC1363,Team_Collab,74,2026-04-27
ACC1417,API_Access,39,2026-04-10
ACC1153,Team_Collab,14,2026-04-17
ACC1486,Team_Collab,91,2026-04-18
ACC1148,Team_Collab,32,2026-05-04
ACC1335,Report_Gen,30,2026-04-24
ACC1330,API_Access,97,2026-04-07
ACC1416,Dashboard,74,2026-04-10
ACC1409,API_Access,57,2026-04-21
ACC1424,Dashboard,68,2026-04-11
ACC1369,Dashboard,42,2026-04-14
ACC1477,Team_Collab,2,2026-04-11
ACC1365,Bulk_Upload,14,2026-04-12
ACC1289,Team_Collab,69,2026-04-15
ACC1145,API_Access,69,2026-05-01
ACC1464,Dashboard,23,2026-04-21
ACC1287,Report_Gen,11,2026-04-18
ACC1291,Bulk_Upload,65,2026-04-20
ACC1257,Bulk_Upload,1,2026-04-18
ACC1451,API_Access,11,2026-04-30
ACC1310,API_Access,72,2026-04-19
ACC1027,Report_Gen,59,2026-04-12
ACC1022,API_Access,93,2026-05-05
ACC1272,API_Access,55,2026-04-08
ACC1000,Bulk_Upload,77,2026-05-01
ACC1349,Report_Gen,14,2026-04-17
ACC1267,Bulk_Upload,98,2026-04-13
ACC1347,Team_Collab,48,2026-04-06
ACC1408,Dashboard,78,2026-04-07
ACC1314,API_Access,98,2026-04-10
ACC1483,Report_Gen,83,2026-04-15
ACC1381,Report_Gen,61,2026-04-28
ACC1096,Bulk_Upload,84,2026-04-27
ACC1032,Dashboard,30,2026-04-21
ACC1327,Report_Gen,47,2026-04-22
ACC1431,Bulk_Upload,20,2026-04-20
ACC1071,API_Access,3,2026-04-16
ACC1043,Bulk_Upload,1,2026-04-21
ACC1421,Dashboard,56,2026-04-28
ACC1416,Bulk_Upload,14,2026-04-27
ACC1408,API_Access,5,2026-04-20
ACC1293,Bulk_Upload,60,2026-04-11
ACC1265,Dashboard,56,2026-04-17
ACC1472,Report_Gen,58,2026-04-23
ACC1109,API_Access,70,2026-04-09
ACC1443,Report_Gen,25,2026-05-05
ACC1309,Bulk_Upload,17,2026-04-19
ACC1353,Report_Gen,5,2026-04-14
ACC1168,Dashboard,47,2026-04-24
ACC1312,Dashboard,68,2026-04-30
ACC1338,Team_Collab,83,2026-05-03
ACC1393,Bulk_Upload,20,2026-04-11
ACC1077,Team_Collab,66,2026-04-25
ACC1069,API_Access,18,2026-04-28
ACC1393,Dashboard,34,2026-04-28
ACC1029,API_Access,92,2026-04-09
ACC1001,Dashboard,34,2026-04-07
ACC1022,Team_Collab,1,2026-04-22
ACC1497,Bulk_Upload,31,2026-05-02
ACC1300,Team_Collab,94,2026-04-07
ACC1151,Dashboard,61,2026-04-21
ACC1231,Report_Gen,29,2026-04-20
ACC1094,Report_Gen,24,2026-04-09
ACC1445,Bulk_Upload,87,2026-04-10
ACC1135,Team_Collab,35,2026-04-18
ACC1390,Team_Collab,22,2026-04-19
ACC1231,Team_Collab,92,2026-04-25
ACC1346,Dashboard,27,2026-05-05
ACC1358,API_Access,93,2026-04-24
ACC1207,Team_Collab,38,2026-05-02
ACC1254,API_Access,97,2026-05-01
ACC1083,Dashboard,92,2026-04-27
ACC1404,Team_Collab,53,2026-05-01
ACC1072,Dashboard,90,2026-04-17
ACC1303,Bulk_Upload,38,2026-04-25
ACC1486,Bulk_Upload,16,2026-05-01
ACC1215,Report_Gen,15,2026-04-09
ACC1193,Team_Collab,97,2026-04-30
ACC1067,API_Access,32,2026-04-06
ACC1273,Report_Gen,68,2026-04-08
ACC1198,Bulk_Upload,49,2026-04-27
ACC1147,Team_Collab,41,2026-04-14
ACC1113,Bulk_Upload,56,2026-04-28
ACC1241,API_Access,42,2026-04-15
ACC1271,API_Access,43,2026-04-21
ACC1165,Dashboard,27,2026-04-15
ACC1023,Bulk_Upload,85,2026-05-05
ACC1446,Team_Collab,69,2026-04-24
ACC1335,Dashboard,56,2026-04-26
ACC1335,API_Access,72,2026-04-13
ACC1064,Bulk_Upload,49,2026-04-08
ACC1343,Team_Collab,82,2026-04-30
ACC1067,Team_Collab,40,2026-04-18
ACC1276,Team_Collab,60,2026-05-01
ACC1326,Team_Collab,37,2026-05-01
ACC1264,API_Access,53,2026-04-15
ACC1465,API_Access,72,2026-04-10
ACC1474,Dashboard,79,2026-04-08
ACC1221,Dashboard,15,2026-04-13
ACC1461,Team_Collab,60,2026-04-13
ACC1431,API_Access,17,2026-04-29
ACC1299,Dashboard,61,2026-04-22
ACC1349,Dashboard,3,2026-04-10
ACC1182,API_Access,33,2026-04-19
ACC1116,API_Access,15,2026-05-05
ACC1392,API_Access,76,2026-05-01
ACC1419,Report_Gen,35,2026-04-16
ACC1392,Bulk_Upload,91,2026-04-15
ACC1172,API_Access,37,2026-04-18
ACC1030,Team_Collab,21,2026-04-09
ACC1308,Dashboard,71,2026-04-24
ACC1094,API_Access,17,2026-04-28
ACC1251,Team_Collab,45,2026-04-11
ACC1023,Dashboard,46,2026-04-09
ACC1015,Team_Collab,75,2026-04-18
ACC1008,Dashboard,25,2026-04-20
ACC1049,Report_Gen,82,2026-04-25
ACC1357,Bulk_Upload,66,2026-04-08
ACC1471,API_Access,90,2026-04-26
ACC1153,Report_Gen,20,2026-04-23
ACC1180,API_Access,26,2026-04-13
ACC1166,Bulk_Upload,29,2026-04-20
ACC1100,Team_Collab,27,2026-04-19
ACC1274,Team_Collab,24,2026-04-17
ACC1257,Bulk_Upload,71,2026-05-02
ACC1228,Dashboard,91,2026-04-13
ACC1256,Team_Collab,32,2026-04-27
ACC1469,API_Access,6,2026-04-22
ACC1347,Team_Collab,10,2026-04-18
ACC1497,Bulk_Upload,38,2026-04-24
ACC1395,Report_Gen,75,2026-04-25
ACC1360,Bulk_Upload,14,2026-04-27
ACC1288,Bulk_Upload,54,2026-05-02
ACC1484,Team_Collab,6,2026-04-10
ACC1433,Dashboard,52,2026-05-03
ACC1248,Dashboard,76,2026-04-11
ACC1190,Dashboard,13,2026-04-07
ACC1219,Dashboard,49,2026-04-26
ACC1023,Team_Collab,82,2026-04-06
ACC1031,Report_Gen,42,2026-04-17
ACC1019,Team_Collab,81,2026-04-21
ACC1360,Report_Gen,80,2026-04-10
ACC1117,Dashboard,32,2026-04-09
ACC1164,Dashboard,90,2026-04-13
ACC1255,API_Access,80,2026-04-16
ACC1393,Team_Collab,78,2026-04-20
ACC1145,API_Access,53,2026-04-28
ACC1033,Bulk_Upload,86,2026-05-05
ACC1469,API_Access,4,2026-04-22
ACC1297,API_Access,53,2026-04-12
ACC1089,Dashboard,59,2026-04-22
ACC1038,Team_Collab,90,2026-04-09
ACC1267,Dashboard,81,2026-04-12
ACC1229,Bulk_Upload,86,2026-05-03
ACC1467,Bulk_Upload,27,2026-04-12
ACC1112,Report_Gen,86,2026-04-10
ACC1193,Bulk_Upload,44,2026-04-08
ACC1107,Team_Collab,41,2026-05-02
ACC1051,Dashboard,74,2026-04-07
ACC1477,Report_Gen,29,2026-04-07
ACC1249,API_Access,47,2026-04-29
ACC1011,Team_Collab,83,2026-04-24
ACC1118,Team_Collab,30,2026-04-16
ACC1180,Bulk_Upload,89,2026-04-18
ACC1484,Bulk_Upload,56,2026-04-09
ACC1242,Team_Collab,42,2026-04-23
ACC1146,Dashboard,80,2026-04-26
ACC1406,Bulk_Upload,67,2026-05-04
ACC1097,Report_Gen,82,2026-04-13
ACC1162,Team_Collab,63,2026-04-15
ACC1253,Bulk_Upload,73,2026-04-14
ACC1162,Dashboard,96,2026-05-01
ACC1048,Dashboard,46,2026-05-04
ACC1231,Report_Gen,61,2026-04-14
ACC1085,Report_Gen,71,2026-04-26
ACC1104,Report_Gen,33,2026-04-27
ACC1468,Bulk_Upload,89,2026-04-20
ACC1235,API_Access,21,2026-04-10
ACC1201,Team_Collab,98,2026-04-14
ACC1064,Bulk_Upload,3,2026-04-08
ACC1109,Report_Gen,93,2026-04-20
ACC1276,API_Access,19,2026-05-05
ACC1398,Dashboard,18,2026-04-08
ACC1448,Team_Collab,82,2026-04-12
ACC1025,Team_Collab,85,2026-04-18
ACC1241,API_Access,29,2026-05-05
ACC1134,Bulk_Upload,28,2026-04-10
ACC1010,Report_Gen,78,2026-04-22
ACC1117,API_Access,80,2026-05-04
ACC1212,Report_Gen,100,2026-05-02
ACC1373,Team_Collab,45,2026-04-29
ACC1219,Dashboard,100,2026-04-27
ACC1495,Dashboard,37,2026-04-16
ACC1148,Team_Collab,84,2026-04-09
ACC1395,API_Access,75,2026-04-19
ACC1357,API_Access,77,2026-04-29
ACC1032,Report_Gen,22,2026-05-05
ACC1498,Dashboard,3,2026-04-12
ACC1421,Team_Collab,64,2026-04-24
ACC1335,Report_Gen,72,2026-04-14
ACC1013,Report_Gen,32,2026-04-11
ACC1178,Report_Gen,61,2026-04-20
ACC1478,API_Access,95,2026-04-21
ACC1046,Bulk_Upload,23,2026-04-27
ACC1329,Bulk_Upload,35,2026-04-07
ACC1158,Dashboard,23,2026-04-20
ACC1267,Team_Collab,88,2026-04-20
ACC1449,Report_Gen,24,2026-04-23
ACC1421,Team_Collab,75,2026-04-23
ACC1170,Bulk_Upload,5,2026-04-17
ACC1137,Dashboard,53,2026-04-21
ACC1138,Dashboard,4,2026-04-24
ACC1455,API_Access,46,2026-04-10
ACC1383,Dashboard,9,2026-05-03
ACC1191,Bulk_Upload,87,2026-04-11
ACC1290,Dashboard,1,2026-04-14
ACC1412,Report_Gen,92,2026-04-25
ACC1276,Team_Collab,42,2026-04-14
ACC1446,Team_Collab,24,2026-04-17
ACC1379,Bulk_Upload,3,2026-04-19
ACC1376,Bulk_Upload,74,2026-05-01
ACC1124,Team_Collab,54,2026-04-09
ACC1495,Team_Collab,83,2026-04-12
ACC1280,API_Access,79,2026-04-27
ACC1173,Report_Gen,68,2026-04-13
ACC1015,API_Access,18,2026-04-30
ACC1192,Dashboard,82,2026-04-12
ACC1427,Report_Gen,73,2026-05-03
ACC1468,Bulk_Upload,15,2026-04-07
ACC1097,API_Access,71,2026-04-11
ACC1057,Bulk_Upload,4,2026-04-13
ACC1203,Team_Collab,2,2026-05-02
ACC1181,API_Access,33,2026-04-25
ACC1494,API_Access,80,2026-04-26
ACC1166,Dashboard,86,2026-05-04
ACC1216,Dashboard,36,2026-04-26
ACC1397,API_Access,95,2026-05-01
ACC1335,API_Access,31,2026-04-25
ACC1447,Report_Gen,29,2026-04-22
ACC1426,Dashboard,82,2026-04-12
ACC1381,Dashboard,23,2026-04-20
ACC1393,Team_Collab,55,2026-04-16
ACC1400,Bulk_Upload,4,2026-05-01
ACC1119,API_Access,93,2026-04-12
ACC1060,Report_Gen,51,2026-04-09
ACC1230,Bulk_Upload,55,2026-04-24
ACC1168,API_Access,66,2026-04-20
ACC1470,Report_Gen,91,2026-04-25
ACC1220,Team_Collab,54,2026-05-05
ACC1063,Bulk_Upload,43,2026-04-28
ACC1304,Team_Collab,89,2026-04-08
ACC1499,Report_Gen,14,2026-04-18
ACC1008,Report_Gen,73,2026-04-11
ACC1497,API_Access,22,2026-04-29
ACC1331,Team_Collab,99,2026-04-17
ACC1487,Dashboard,32,2026-04-23
ACC1203,Dashboard,41,2026-04-20
ACC1484,Team_Collab,42,2026-04-27
ACC1453,Dashboard,78,2026-05-01
ACC1176,Dashboard,32,2026-04-16
ACC1090,Bulk_Upload,43,2026-05-05
ACC1245,Dashboard,8,2026-04-26
ACC1343,Team_Collab,69,2026-05-01
ACC1429,API_Access,25,2026-04-30
ACC1215,Bulk_Upload,88,2026-05-04
ACC1133,Team_Collab,97,2026-04-19
ACC1046,API_Access,83,2026-05-02
ACC1167,Team_Collab,30,2026-04-24
ACC1072,Bulk_Upload,42,2026-04-19
ACC1062,API_Access,30,2026-04-19
ACC1138,Dashboard,47,2026-04-10
ACC1277,Report_Gen,6,2026-04-28
ACC1041,Report_Gen,27,2026-04-09
ACC1453,API_Access,94,2026-04-23
ACC1111,Bulk_Upload,36,2026-04-11
ACC1323,Report_Gen,96,2026-04-17
ACC1475,API_Access,24,2026-05-01
ACC1420,API_Access,52,2026-04-12
ACC1375,Team_Collab,25,2026-04-11
ACC1153,API_Access,46,2026-04-07
ACC1374,Report_Gen,95,2026-05-02
ACC1262,Bulk_Upload,95,2026-04-26
ACC1005,Bulk_Upload,27,2026-05-02
ACC1345,API_Access,95,2026-04-22
ACC1357,Team_Collab,65,2026-04-12
ACC1025,Team_Collab,53,2026-04-12
ACC1352,Bulk_Upload,86,2026-04-19
ACC1136,API_Access,78,2026-04-09
ACC1023,Team_Collab,84,2026-04-14
ACC1083,API_Access,10,2026-05-02
ACC1484,Dashboard,78,2026-04-14
ACC1038,Team_Collab,78,2026-05-01
ACC1047,Team_Collab,65,2026-04-28
ACC1411,Bulk_Upload,44,2026-04-26
ACC1095,Team_Collab,33,2026-04-25
ACC1347,API_Access,7,2026-04-23
ACC1018,Dashboard,53,2026-04-18
ACC1031,Team_Collab,59,2026-05-04
ACC1036,Team_Collab,58,2026-04-29
ACC1487,Team_Collab,51,2026-04-20
ACC1118,Bulk_Upload,99,2026-04-21
ACC1158,API_Access,99,2026-04-11
ACC1476,API_Access,100,2026-05-03
ACC1132,Team_Collab,96,2026-05-01
ACC1340,Bulk_Upload,93,2026-04-21
ACC1083,Dashboard,31,2026-04-16
ACC1105,Dashboard,74,2026-04-07
ACC1420,Bulk_Upload,11,2026-04-24
ACC1322,Report_Gen,82,2026-05-04
ACC1335,Bulk_Upload,18,2026-04-29
ACC1109,Dashboard,46,2026-05-05
ACC1177,API_Access,47,2026-04-13
ACC1380,Team_Collab,24,2026-04-10
ACC1317,API_Access,40,2026-04-13
ACC1454,API_Access,17,2026-04-08
ACC1155,Team_Collab,1,2026-04-28
ACC1268,Dashboard,79,2026-04-14
ACC1429,Report_Gen,46,2026-04-22
ACC1350,Dashboard,47,2026-04-11
ACC1486,Team_Collab,26,2026-05-01
ACC1050,Bulk_Upload,52,2026-04-11
ACC1129,API_Access,34,2026-05-03
ACC1379,API_Access,22,2026-04-17
ACC1030,API_Access,52,2026-05-03
ACC1431,API_Access,69,2026-04-28
ACC1157,API_Access,60,2026-04-12
ACC1447,Report_Gen,21,2026-04-10
ACC1012,Report_Gen,79,2026-04-17
ACC1097,Dashboard,46,2026-04-29
ACC1323,Bulk_Upload,62,2026-04-28
ACC1317,Bulk_Upload,64,2026-05-05
ACC1229,Report_Gen,11,2026-05-03
ACC1120,Bulk_Upload,30,2026-04-17
ACC1380,Dashboard,35,2026-04-07
ACC1181,Team_Collab,95,2026-04-20
ACC1219,Bulk_Upload,86,2026-04-24
ACC1291,Team_Collab,21,2026-04-20
ACC1061,Bulk_Upload,46,2026-04-25
ACC1030,Dashboard,9,2026-04-14
ACC1032,Bulk_Upload,45,2026-04-17
ACC1101,Team_Collab,86,2026-04-24
ACC1167,Bulk_Upload,77,2026-04-29
ACC1187,Bulk_Upload,53,2026-04-11
ACC1333,Report_Gen,94,2026-04-06
ACC1346,Dashboard,76,2026-04-25
ACC1211,API_Access,18,2026-04-28
ACC1032,Dashboard,2,2026-04-12
ACC1251,Team_Collab,33,2026-05-05
ACC1185,Team_Collab,91,2026-04-23
ACC1031,Dashboard,22,2026-04-16
ACC1422,Team_Collab,51,2026-04-10
ACC1008,Bulk_Upload,80,2026-04-30
ACC1079,API_Access,77,2026-04-26
ACC1380,Bulk_Upload,90,2026-04-09
ACC1244,Bulk_Upload,76,2026-04-30
ACC1405,Team_Collab,18,2026-04-26
ACC1187,API_Access,30,2026-04-22
ACC1290,Bulk_Upload,95,2026-04-26
ACC1309,Bulk_Upload,40,2026-04-08
ACC1194,Report_Gen,83,2026-04-29
ACC1215,Report_Gen,7,2026-04-08
ACC1233,Bulk_Upload,62,2026-04-26
ACC1156,Bulk_Upload,47,2026-04-29
ACC1425,Dashboard,12,2026-04-24
ACC1459,Dashboard,91,2026-04-27
ACC1022,API_Access,35,2026-05-05
ACC1465,API_Access,14,2026-05-02
ACC1086,Report_Gen,32,2026-04-08
ACC1237,Bulk_Upload,76,2026-04-09
ACC1049,Team_Collab,5,2026-05-05
ACC1196,API_Access,22,2026-04-22
ACC1247,Report_Gen,73,2026-05-01
ACC1322,Dashboard,9,2026-05-03
ACC1453,API_Access,12,2026-05-04
ACC1001,Dashboard,55,2026-04-08
ACC1196,Dashboard,72,2026-04-10
ACC1212,API_Access,36,2026-04-10
ACC1172,Dashboard,58,2026-04-18
ACC1119,Dashboard,55,2026-05-02
ACC1204,Team_Collab,25,2026-04-23
ACC1144,Bulk_Upload,99,2026-04-18
ACC1237,Dashboard,87,2026-05-05
ACC1461,Bulk_Upload,1,2026-04-21
ACC1274,API_Access,90,2026-04-22
ACC1273,API_Access,67,2026-04-30
ACC1353,Report_Gen,70,2026-04-07
ACC1081,Report_Gen,81,2026-04-19
ACC1021,Report_Gen,93,2026-04-17
ACC1318,Report_Gen,73,2026-05-04
ACC1074,Dashboard,89,2026-04-20
ACC1487,Team_Collab,15,2026-04-15
ACC1252,Bulk_Upload,71,2026-04-16
ACC1224,Team_Collab,99,2026-04-30
ACC1433,Dashboard,56,2026-04-17
ACC1177,Bulk_Upload,10,2026-05-03
ACC1314,Report_Gen,97,2026-04-30
ACC1093,Dashboard,60,2026-04-07
ACC1298,Team_Collab,94,2026-04-29
ACC1311,Report_Gen,78,2026-04-30
ACC1378,Report_Gen,29,2026-05-02
ACC1144,Dashboard,62,2026-04-28
ACC1436,API_Access,87,2026-04-26
ACC1366,Report_Gen,13,2026-04-15
ACC1259,API_Access,70,2026-04-20
ACC1420,Dashboard,10,2026-04-07
ACC1260,Bulk_Upload,74,2026-04-17
ACC1488,Dashboard,33,2026-04-29
ACC1440,API_Access,25,2026-04-12
ACC1377,API_Access,42,2026-05-05
ACC1216,Team_Collab,55,2026-04-07
ACC1346,Team_Collab,79,2026-04-12
ACC1276,Report_Gen,5,2026-04-06
ACC1418,Report_Gen,57,2026-04-27
ACC1401,Report_Gen,56,2026-05-01
ACC1245,Team_Collab,66,2026-05-02
ACC1365,Dashboard,23,2026-04-09
ACC1035,Dashboard,86,2026-05-02
ACC1430,Bulk_Upload,38,2026-05-03
ACC1186,API_Access,76,2026-04-19
ACC1476,Report_Gen,56,2026-04-29
ACC1398,Report_Gen,48,2026-04-06
ACC1289,Report_Gen,81,2026-04-13
ACC1432,Team_Collab,46,2026-04-13
ACC1042,API_Access,97,2026-04-29
ACC1382,Team_Collab,94,2026-04-27
ACC1116,API_Access,69,2026-04-15
ACC1064,Team_Collab,47,2026-04-25
ACC1430,Dashboard,65,2026-04-23
ACC1438,Report_Gen,22,2026-04-27
ACC1079,Team_Collab,57,2026-04-08
ACC1469,API_Access,55,2026-04-17
ACC1033,Bulk_Upload,79,2026-04-27
ACC1184,Bulk_Upload,99,2026-04-08
ACC1187,Bulk_Upload,40,2026-04-25
ACC1054,Dashboard,51,2026-04-28
ACC1388,Dashboard,13,2026-04-11
ACC1499,Report_Gen,74,2026-04-18
ACC1044,Bulk_Upload,62,2026-05-01
ACC1471,Team_Collab,3,2026-04-15
ACC1353,Bulk_Upload,52,2026-04-07
ACC1365,API_Access,20,2026-05-01
ACC1103,Report_Gen,89,2026-05-02
ACC1436,Report_Gen,22,2026-05-03
ACC1460,Bulk_Upload,41,2026-04-17
ACC1022,Dashboard,19,2026-04-07
ACC1079,Dashboard,43,2026-04-20
ACC1444,Team_Collab,48,2026-04-06
ACC1245,API_Access,92,2026-04-12
ACC1032,Bulk_Upload,59,2026-04-30
ACC1302,Team_Collab,86,2026-04-28
ACC1228,Report_Gen,80,2026-04-17
ACC1002,Dashboard,62,2026-04-24
ACC1420,API_Access,84,2026-04-25
ACC1103,Bulk_Upload,6,2026-04-11
ACC1083,Bulk_Upload,14,2026-04-18
ACC1001,Report_Gen,9,2026-04-26
ACC1363,Bulk_Upload,46,2026-05-01
ACC1216,API_Access,48,2026-04-13
ACC1204,API_Access,100,2026-04-24
ACC1387,API_Access,57,2026-04-30
ACC1470,Team_Collab,67,2026-05-01
ACC1055,Report_Gen,97,2026-04-07
ACC1157,Team_Collab,48,2026-04-18
ACC1123,Bulk_Upload,11,2026-05-01
ACC1074,Bulk_Upload,35,2026-05-01
ACC1139,Bulk_Upload,47,2026-04-28
ACC1496,Team_Collab,99,2026-04-15
ACC1142,Bulk_Upload,84,2026-04-15
ACC1144,Report_Gen,57,2026-05-01
ACC1497,API_Access,75,2026-04-11
ACC1104,Report_Gen,17,2026-04-14
ACC1333,Report_Gen,32,2026-05-05
ACC1207,Dashboard,27,2026-04-15
ACC1117,Dashboard,95,2026-04-24
ACC1260,Report_Gen,44,2026-04-12
ACC1394,Bulk_Upload,1,2026-04-19
ACC1230,API_Access,42,2026-04-24
ACC1491,API_Access,33,2026-04-27
ACC1366,Team_Collab,83,2026-04-30
ACC1233,Report_Gen,82,2026-04-22
ACC1471,Bulk_Upload,62,2026-05-03
ACC1426,API_Access,26,2026-05-04
ACC1191,Bulk_Upload,23,2026-04-29
ACC1077,Dashboard,33,2026-05-01
ACC1253,Team_Collab,36,2026-04-14
ACC1035,Bulk_Upload,27,2026-04-14
ACC1162,Team_Collab,12,2026-04-13
ACC1089,Bulk_Upload,17,2026-04-22
ACC1335,Dashboard,8,2026-04-18
ACC1452,Team_Collab,27,2026-04-24
ACC1003,Bulk_Upload,23,2026-04-16
ACC1161,API_Access,58,2026-04-19
ACC1189,Report_Gen,98,2026-04-21
ACC1086,Bulk_Upload,59,2026-04-17
ACC1210,Dashboard,98,2026-04-10
ACC1114,API_Access,28,2026-04-23
ACC1262,Report_Gen,59,2026-04-29
ACC1073,Team_Collab,31,2026-04-30
ACC1049,Report_Gen,88,2026-04-10
ACC1158,Report_Gen,62,2026-05-01
ACC1191,Dashboard,85,2026-04-07
ACC1474,API_Access,69,2026-04-21
ACC1112,Team_Collab,82,2026-04-25
ACC1385,Team_Collab,12,2026-04-27
ACC1116,Bulk_Upload,79,2026-04-28
ACC1327,Report_Gen,32,2026-04-23
ACC1007,Report_Gen,98,2026-04-12
ACC1115,Team_Collab,45,2026-04-20
ACC1042,Bulk_Upload,46,2026-05-02
ACC1387,Report_Gen,73,2026-05-02
ACC1363,Bulk_Upload,98,2026-04-20
ACC1294,Report_Gen,20,2026-05-01
ACC1048,Dashboard,92,2026-04-23
ACC1360,API_Access,49,2026-04-12
ACC1233,Team_Collab,7,2026-05-03
ACC1475,API_Access,43,2026-05-04
ACC1368,Team_Collab,57,2026-04-28
ACC1365,Dashboard,76,2026-04-24
ACC1048,Team_Collab,89,2026-04-17
ACC1430,API_Access,63,2026-04-24
ACC1110,Team_Collab,12,2026-05-05
ACC1206,Team_Collab,27,2026-04-09
ACC1348,Team_Collab,33,2026-05-04
ACC1484,Team_Collab,86,2026-05-04
ACC1419,Report_Gen,37,2026-04-11
ACC1108,Dashboard,67,2026-04-11
ACC1151,API_Access,79,2026-04-19
ACC1014,Bulk_Upload,85,2026-04-06
ACC1387,API_Access,11,2026-04-25
ACC1377,Team_Collab,88,2026-04-20
ACC1054,API_Access,83,2026-04-08
ACC1353,Dashboard,51,2026-04-12
ACC1447,API_Access,36,2026-05-01
ACC1065,API_Access,71,2026-05-04
ACC1186,Team_Collab,90,2026-05-04
ACC1260,Report_Gen,46,2026-04-11
ACC1263,Dashboard,41,2026-05-04
ACC1330,Dashboard,100,2026-04-13
ACC1450,Team_Collab,39,2026-04-25
ACC1282,Team_Collab,30,2026-04-08
ACC1098,Dashboard,84,2026-05-01
ACC1302,Bulk_Upload,92,2026-04-10
ACC1487,Team_Collab,51,2026-04-27
ACC1290,Team_Collab,95,2026-05-03
ACC1403,Bulk_Upload,4,2026-04-23
ACC1042,API_Access,95,2026-04-28
ACC1351,Bulk_Upload,64,2026-04-29
ACC1485,Team_Collab,4,2026-04-15
ACC1181,Report_Gen,55,2026-04-25
ACC1302,Dashboard,33,2026-04-13
ACC1399,API_Access,12,2026-05-04
ACC1334,Bulk_Upload,53,2026-04-16
ACC1466,Report_Gen,22,2026-05-05
ACC1366,Dashboard,73,2026-04-06
ACC1072,API_Access,42,2026-04-20
ACC1484,Team_Collab,49,2026-04-12
ACC1199,Report_Gen,47,2026-05-05
ACC1307,Team_Collab,12,2026-04-18
ACC1020,Dashboard,89,2026-04-12
ACC1437,Team_Collab,67,2026-04-20
ACC1370,Bulk_Upload,63,2026-04-20
ACC1169,Team_Collab,32,2026-04-18
ACC1363,API_Access,34,2026-04-19
ACC1066,Team_Collab,36,2026-05-04
ACC1486,Dashboard,22,2026-04-23
ACC1346,API_Access,53,2026-04-08
ACC1255,API_Access,5,2026-05-02
ACC1250,Dashboard,50,2026-04-18
ACC1186,Report_Gen,63,2026-04-30
ACC1111,Bulk_Upload,2,2026-04-12
ACC1293,Report_Gen,79,2026-04-28
ACC1085,Team_Collab,76,2026-04-08
ACC1037,Dashboard,9,2026-04-16
ACC1154,Team_Collab,49,2026-04-20
ACC1378,Dashboard,51,2026-04-24
ACC1382,Report_Gen,2,2026-04-22
ACC1087,API_Access,55,2026-04-26
ACC1033,Report_Gen,19,2026-04-16
ACC1488,Dashboard,93,2026-05-02
ACC1042,API_Access,70,2026-04-17
ACC1288,API_Access,82,2026-04-27
ACC1191,API_Access,3,2026-04-29
ACC1483,Report_Gen,70,2026-04-12
ACC1121,Team_Collab,43,2026-04-26
ACC1496,Team_Collab,39,2026-04-12
ACC1486,Team_Collab,65,2026-04-15
ACC1273,API_Access,12,2026-04-20
ACC1346,Dashboard,74,2026-04-18
ACC1263,API_Access,17,2026-04-22
ACC1304,Bulk_Upload,44,2026-05-04
ACC1306,Dashboard,71,2026-04-26
ACC1051,Team_Collab,7,2026-04-06
ACC1462,API_Access,25,2026-04-18
ACC1384,API_Access,98,2026-04-08
ACC1102,Report_Gen,43,2026-04-25
ACC1048,Bulk_Upload,55,2026-05-05
ACC1472,Bulk_Upload,78,2026-04-11
ACC1386,Dashboard,85,2026-04-06
ACC1010,Dashboard,81,2026-04-24
ACC1431,Report_Gen,79,2026-04-17
ACC1445,Dashboard,85,2026-04-29
ACC1440,Dashboard,27,2026-04-30
ACC1089,Bulk_Upload,71,2026-04-24
ACC1431,Team_Collab,35,2026-04-23
ACC1395,Bulk_Upload,92,2026-04-23
ACC1355,API_Access,31,2026-05-03
ACC1260,Dashboard,36,2026-04-30
ACC1076,Report_Gen,4,2026-04-09
ACC1447,Report_Gen,19,2026-04-28
ACC1267,Team_Collab,13,2026-04-07
ACC1256,Report_Gen,25,2026-04-10
ACC1015,Report_Gen,66,2026-04-10
ACC1390,Dashboard,3,2026-04-21
ACC1149,Bulk_Upload,92,2026-04-13
ACC1434,Bulk_Upload,88,2026-04-25
ACC1340,Bulk_Upload,27,2026-05-05
ACC1435,Team_Collab,53,2026-04-20
ACC1299,Team_Collab,47,2026-04-28
ACC1132,Team_Collab,50,2026-04-28
ACC1075,API_Access,67,2026-04-18
ACC1140,API_Access,27,2026-04-30
ACC1104,Team_Collab,34,2026-05-03
ACC1033,Report_Gen,56,2026-04-21
ACC1333,Team_Collab,73,2026-05-04
ACC1025,Report_Gen,72,2026-04-06
ACC1441,Team_Collab,1,2026-05-05
ACC1491,Team_Collab,7,2026-05-05
ACC1098,Report_Gen,99,2026-04-17
ACC1439,Report_Gen,7,2026-04-08
ACC1485,API_Access,78,2026-04-30
ACC1091,Report_Gen,25,2026-04-28
ACC1407,API_Access,35,2026-04-28
ACC1332,Team_Collab,96,2026-05-04
ACC1030,API_Access,26,2026-04-27
ACC1057,Dashboard,21,2026-04-14
ACC1193,Bulk_Upload,56,2026-05-04
ACC1046,API_Access,9,2026-04-20
ACC1014,Dashboard,26,2026-04-13
ACC1392,Bulk_Upload,1,2026-04-25
ACC1486,Team_Collab,71,2026-04-15
ACC1069,Bulk_Upload,27,2026-05-02
ACC1136,Bulk_Upload,17,2026-04-27
ACC1150,API_Access,60,2026-04-24
ACC1100,Team_Collab,9,2026-04-25
ACC1163,Team_Collab,67,2026-04-18
ACC1439,API_Access,63,2026-05-04
ACC1098,Bulk_Upload,78,2026-04-11
ACC1323,Team_Collab,89,2026-04-26
ACC1012,Team_Collab,18,2026-04-14
ACC1075,Dashboard,65,2026-04-18
ACC1185,API_Access,40,2026-05-02
ACC1282,Bulk_Upload,71,2026-04-27
ACC1036,Report_Gen,61,2026-04-23
ACC1459,Report_Gen,3,2026-04-11
ACC1111,Team_Collab,78,2026-04-15
ACC1429,API_Access,90,2026-04-29
ACC1101,Report_Gen,56,2026-04-24
ACC1169,Team_Collab,3,2026-04-29
ACC1375,API_Access,82,2026-04-15
ACC1195,API_Access,30,2026-04-23
ACC1193,Dashboard,45,2026-05-02
ACC1055,Team_Collab,63,2026-04-27
ACC1367,Dashboard,96,2026-04-18
ACC1090,Bulk_Upload,28,2026-04-23
ACC1400,API_Access,29,2026-04-30
ACC1112,Bulk_Upload,25,2026-05-04
ACC1055,Report_Gen,69,2026-04-29
ACC1320,API_Access,87,2026-04-19
ACC1161,Dashboard,22,2026-04-25
ACC1399,Dashboard,64,2026-04-11
ACC1133,Team_Collab,5,2026-04-15
ACC1286,Report_Gen,7,2026-04-17
ACC1321,Dashboard,93,2026-04-10
ACC1128,Dashboard,66,2026-04-22
ACC1314,Team_Collab,83,2026-04-19
ACC1149,Report_Gen,22,2026-04-15
ACC1367,Team_Collab,92,2026-05-03
ACC1204,Report_Gen,28,2026-04-06
ACC1257,API_Access,98,2026-04-11
ACC1331,Report_Gen,59,2026-05-02
ACC1405,Report_Gen,95,2026-05-05
ACC1142,Dashboard,22,2026-04-09
ACC1208,Dashboard,12,2026-04-30
ACC1114,Dashboard,65,2026-04-23
ACC1370,API_Access,82,2026-04-28
ACC1241,Bulk_Upload,82,2026-04-24
ACC1262,Bulk_Upload,39,2026-04-30
ACC1444,API_Access,92,2026-04-14
ACC1408,API_Access,18,2026-04-27
ACC1178,Dashboard,8,2026-04-24
ACC1257,API_Access,16,2026-04-24
ACC1112,Report_Gen,8,2026-04-09
ACC1179,Bulk_Upload,69,2026-04-23
ACC1482,Team_Collab,26,2026-04-29
ACC1115,Team_Collab,58,2026-04-12
ACC1227,API_Access,48,2026-04-14
ACC1345,Dashboard,31,2026-04-17
ACC1334,Team_Collab,13,2026-05-01
ACC1058,Report_Gen,97,2026-05-04
ACC1015,Bulk_Upload,15,2026-04-12
ACC1283,Dashboard,1,2026-04-16
ACC1246,Report_Gen,32,2026-04-28
ACC1010,Bulk_Upload,14,2026-05-04
ACC1359,Dashboard,24,2026-05-01
ACC1456,Team_Collab,82,2026-04-17
ACC1234,Report_Gen,82,2026-05-02
ACC1044,API_Access,75,2026-04-21
ACC1222,API_Access,48,2026-04-15
ACC1129,Team_Collab,40,2026-05-05
ACC1209,Report_Gen,73,2026-04-08
ACC1317,Team_Collab,1,2026-04-28
ACC1329,Team_Collab,7,2026-04-18
ACC1357,API_Access,22,2026-04-12
ACC1385,API_Access,65,2026-04-25
ACC1499,Dashboard,5,2026-04-08
ACC1243,Team_Collab,83,2026-04-07
ACC1066,Report_Gen,68,2026-04-07
ACC1340,Bulk_Upload,11,2026-05-05
ACC1250,Dashboard,76,2026-04-21
ACC1071,Dashboard,70,2026-04-23
ACC1203,Dashboard,70,2026-04-17
ACC1452,Bulk_Upload,46,2026-04-21
ACC1473,Dashboard,17,2026-04-13
ACC1377,Bulk_Upload,55,2026-04-11
ACC1054,Bulk_Upload,43,2026-04-08
ACC1076,Team_Collab,53,2026-04-25
ACC1082,Bulk_Upload,79,2026-04-18
ACC1257,Bulk_Upload,32,2026-04-18
ACC1048,API_Access,10,2026-04-16
ACC1381,Report_Gen,59,2026-04-18
ACC1278,API_Access,66,2026-04-18
ACC1158,Bulk_Upload,61,2026-04-09
ACC1464,Team_Collab,10,2026-05-05
ACC1169,Report_Gen,36,2026-04-17
ACC1495,Report_Gen,33,2026-04-08
ACC1059,Report_Gen,80,2026-05-02
ACC1013,Report_Gen,26,2026-04-15
ACC1067,Team_Collab,62,2026-04-26
ACC1381,Report_Gen,1,2026-04-14
ACC1432,Bulk_Upload,80,2026-04-25
ACC1475,Report_Gen,1,2026-04-07
ACC1334,Report_Gen,70,2026-04-17
ACC1330,Dashboard,18,2026-04-29
ACC1119,Dashboard,72,2026-04-18
ACC1230,Bulk_Upload,21,2026-04-16
ACC1477,API_Access,69,2026-05-04
ACC1041,Bulk_Upload,2,2026-04-10
ACC1446,Team_Collab,16,2026-04-11
ACC1038,API_Access,61,2026-04-17
ACC1165,Dashboard,9,2026-04-15
ACC1216,Bulk_Upload,44,2026-04-17
ACC1248,Bulk_Upload,12,2026-05-04
ACC1039,Dashboard,62,2026-04-18
ACC1304,Dashboard,27,2026-05-01
ACC1247,Dashboard,12,2026-04-06
ACC1138,Report_Gen,86,2026-04-25
ACC1287,Bulk_Upload,45,2026-04-12
ACC1239,API_Access,75,2026-04-28
ACC1280,Report_Gen,86,2026-04-19
ACC1340,Bulk_Upload,93,2026-04-27
ACC1327,Team_Collab,79,2026-04-29
ACC1284,Report_Gen,39,2026-04-18
ACC1155,Dashboard,51,2026-04-18
ACC1392,Team_Collab,13,2026-04-16
ACC1391,Bulk_Upload,38,2026-05-03
ACC1052,Dashboard,80,2026-04-28
ACC1140,Bulk_Upload,10,2026-04-14
ACC1435,Dashboard,68,2026-04-21
ACC1205,API_Access,35,2026-04-24
ACC1065,Dashboard,71,2026-04-07
ACC1367,Dashboard,100,2026-04-12
ACC1052,API_Access,33,2026-04-11
ACC1191,Bulk_Upload,13,2026-04-09
ACC1387,Bulk_Upload,93,2026-04-06
ACC1208,API_Access,51,2026-04-26
ACC1457,Team_Collab,95,2026-05-02
ACC1032,Dashboard,15,2026-04-26
ACC1431,Bulk_Upload,10,2026-04-24
ACC1344,Team_Collab,90,2026-04-24
ACC1432,Dashboard,5,2026-05-03
ACC1098,API_Access,83,2026-04-07
ACC1253,Dashboard,29,2026-04-26
ACC1108,Report_Gen,75,2026-04-24
ACC1482,Bulk_Upload,3,2026-04-28
ACC1427,Team_Collab,45,2026-04-12
ACC1004,Bulk_Upload,44,2026-04-21
ACC1346,Bulk_Upload,95,2026-04-11
ACC1233,Report_Gen,89,2026-04-09
ACC1455,API_Access,13,2026-04-16
ACC1218,Team_Collab,69,2026-05-01
ACC1139,Dashboard,84,2026-04-07
ACC1227,API_Access,14,2026-04-22
ACC1248,Dashboard,56,2026-04-27
ACC1471,Dashboard,37,2026-04-15
ACC1153,Bulk_Upload,56,2026-05-01
ACC1326,Team_Collab,44,2026-04-21
ACC1076,Report_Gen,63,2026-04-06
ACC1108,Report_Gen,19,2026-05-02
ACC1446,API_Access,86,2026-04-06
ACC1255,API_Access,6,2026-05-02
ACC1336,Report_Gen,98,2026-04-28
ACC1259,API_Access,9,2026-04-10
ACC1008,Bulk_Upload,69,2026-04-14
ACC1121,Dashboard,50,2026-04-10
ACC1120,Bulk_Upload,94,2026-05-02
ACC1147,Bulk_Upload,81,2026-04-28
ACC1306,Dashboard,63,2026-04-09
ACC1313,Dashboard,74,2026-04-09
ACC1077,Bulk_Upload,23,2026-04-15
ACC1157,Bulk_Upload,41,2026-04-08
ACC1145,Dashboard,43,2026-04-25
ACC1367,Bulk_Upload,47,2026-04-23
ACC1276,API_Access,25,2026-04-06
ACC1156,Report_Gen,52,2026-04-23
ACC1403,Dashboard,6,2026-04-28
ACC1081,API_Access,72,2026-04-27
ACC1005,Report_Gen,68,2026-05-01
ACC1064,Report_Gen,93,2026-05-03
ACC1017,API_Access,38,2026-04-25
ACC1421,Dashboard,52,2026-04-10
ACC1065,API_Access,24,2026-05-05
ACC1187,API_Access,64,2026-04-07
ACC1208,Team_Collab,77,2026-04-18
ACC1175,API_Access,98,2026-04-24
ACC1316,Report_Gen,98,2026-05-03
ACC1178,Report_Gen,40,2026-05-03
ACC1084,Report_Gen,79,2026-05-02
ACC1062,Team_Collab,37,2026-04-18
ACC1145,Bulk_Upload,4,2026-04-06
ACC1357,Bulk_Upload,43,2026-04-25
ACC1298,Team_Collab,1,2026-04-11
ACC1014,Team_Collab,39,2026-04-20
ACC1056,Dashboard,58,2026-04-13
ACC1198,Bulk_Upload,21,2026-04-28
ACC1135,Bulk_Upload,14,2026-04-30
ACC1108,Team_Collab,30,2026-04-12
ACC1282,API_Access,62,2026-05-04
ACC1143,Bulk_Upload,73,2026-04-18
ACC1149,Team_Collab,60,2026-04-16
ACC1164,Team_Collab,14,2026-04-11
ACC1235,Bulk_Upload,18,2026-04-11
ACC1286,Bulk_Upload,99,2026-04-28
ACC1038,Dashboard,50,2026-04-23
ACC1409,Team_Collab,9,2026-04-30
ACC1105,Bulk_Upload,24,2026-04-10
ACC1016,Dashboard,93,2026-04-18
ACC1411,Report_Gen,99,2026-04-21
ACC1022,API_Access,64,2026-04-15
ACC1086,Dashboard,3,2026-04-29
ACC1485,Report_Gen,77,2026-04-20
ACC1456,Report_Gen,5,2026-04-18
ACC1401,API_Access,86,2026-04-28
ACC1235,Report_Gen,79,2026-04-18
ACC1324,Dashboard,100,2026-04-18
ACC1129,Bulk_Upload,20,2026-04-21
ACC1398,Bulk_Upload,39,2026-04-09
ACC1348,Report_Gen,20,2026-04-25
ACC1341,Report_Gen,4,2026-05-03
ACC1019,API_Access,27,2026-04-30
ACC1158,Team_Collab,5,2026-04-18
ACC1466,Team_Collab,26,2026-05-05
ACC1176,Dashboard,78,2026-05-02
ACC1243,Report_Gen,65,2026-04-26
ACC1124,Report_Gen,88,2026-04-17
ACC1373,Team_Collab,22,2026-04-20
ACC1410,Report_Gen,3,2026-04-10
ACC1036,Team_Collab,16,2026-04-15
ACC1336,API_Access,89,2026-04-12
ACC1334,Team_Collab,27,2026-04-24
ACC1031,Team_Collab,62,2026-04-08
ACC1485,API_Access,69,2026-04-18
ACC1490,Team_Collab,66,2026-04-23
ACC1058,Dashboard,23,2026-04-26
ACC1290,Dashboard,35,2026-04-08
ACC1213,Dashboard,70,2026-04-26
ACC1472,API_Access,76,2026-04-13
ACC1216,API_Access,92,2026-04-11
ACC1080,Bulk_Upload,38,2026-04-19
ACC1113,Report_Gen,6,2026-04-08
ACC1257,Team_Collab,20,2026-04-23
ACC1045,Report_Gen,66,2026-04-18
ACC1144,Dashboard,35,2026-04-27
ACC1379,Report_Gen,19,2026-05-02
ACC1341,Dashboard,33,2026-04-09
ACC1246,Team_Collab,18,2026-05-02
ACC1229,Dashboard,41,2026-04-19
ACC1122,Bulk_Upload,54,2026-04-26
ACC1410,API_Access,14,2026-04-14
ACC1001,Report_Gen,77,2026-04-14
ACC1312,Bulk_Upload,10,2026-04-22
ACC1187,Report_Gen,8,2026-04-30
ACC1087,Bulk_Upload,61,2026-05-01
ACC1408,Bulk_Upload,99,2026-04-06
ACC1316,Bulk_Upload,8,2026-04-22
ACC1215,Bulk_Upload,30,2026-04-27
ACC1461,API_Access,46,2026-04-19
ACC1012,API_Access,100,2026-05-02
ACC1148,API_Access,81,2026-04-09
ACC1299,Bulk_Upload,61,2026-04-25
ACC1243,API_Access,56,2026-04-17
ACC1354,API_Access,45,2026-04-23
ACC1460,Report_Gen,72,2026-04-10
ACC1442,Report_Gen,60,2026-04-22
ACC1243,Report_Gen,87,2026-05-01
ACC1189,Dashboard,3,2026-04-15
ACC1048,API_Access,34,2026-04-17
ACC1335,API_Access,45,2026-04-15
ACC1263,API_Access,21,2026-04-30
ACC1299,Report_Gen,21,2026-04-25
ACC1227,API_Access,10,2026-05-01
ACC1162,API_Access,93,2026-05-03
ACC1007,Bulk_Upload,59,2026-04-07
ACC1021,Team_Collab,1,2026-04-29
ACC1422,Dashboard,21,2026-05-05
ACC1043,Team_Collab,68,2026-04-23
ACC1413,Dashboard,13,2026-04-26
ACC1459,Bulk_Upload,77,2026-05-04
ACC1189,Bulk_Upload,46,2026-04-18
ACC1277,Dashboard,19,2026-05-05
ACC1241,Team_Collab,94,2026-04-07
ACC1430,Bulk_Upload,94,2026-04-09
ACC1204,Report_Gen,96,2026-04-28
ACC1374,Bulk_Upload,24,2026-05-01
ACC1236,Team_Collab,1,2026-05-05
ACC1423,Report_Gen,27,2026-04-19
ACC1470,API_Access,73,2026-04-26
ACC1321,Bulk_Upload,85,2026-04-23
ACC1256,Report_Gen,15,2026-04-24
ACC1366,Dashboard,49,2026-05-01
ACC1458,Team_Collab,28,2026-04-15
ACC1179,Bulk_Upload,60,2026-04-26
ACC1200,Team_Collab,41,2026-05-01
ACC1106,Dashboard,76,2026-04-07
ACC1170,Bulk_Upload,59,2026-04-07
ACC1416,Dashboard,80,2026-04-19
ACC1200,Report_Gen,76,2026-04-09
ACC1225,Bulk_Upload,48,2026-05-02
ACC1055,Report_Gen,77,2026-04-16
ACC1465,Team_Collab,76,2026-04-07
ACC1444,Dashboard,11,2026-05-01
ACC1216,Bulk_Upload,34,2026-04-19
ACC1335,Bulk_Upload,12,2026-04-06
ACC1036,Dashboard,91,2026-04-22
ACC1139,Dashboard,72,2026-04-27
ACC1014,Team_Collab,32,2026-05-03
ACC1333,Dashboard,87,2026-04-30
ACC1196,Team_Collab,55,2026-05-02
ACC1363,Dashboard,11,2026-04-06
ACC1059,Team_Collab,99,2026-04-15
ACC1267,API_Access,3,2026-04-14
ACC1467,Team_Collab,71,2026-04-07
ACC1310,API_Access,77,2026-04-15
ACC1339,Bulk_Upload,42,2026-04-09
ACC1024,Bulk_Upload,20,2026-04-20
ACC1418,API_Access,61,2026-04-16
ACC1446,Team_Collab,17,2026-04-23
ACC1009,Team_Collab,80,2026-04-12
ACC1047,Dashboard,10,2026-04-07
ACC1148,Team_Collab,49,2026-04-25
ACC1069,Team_Collab,86,2026-04-30
ACC1461,API_Access,5,2026-04-10
ACC1044,Bulk_Upload,20,2026-04-13
ACC1249,API_Access,99,2026-05-03
ACC1226,Team_Collab,7,2026-04-13
ACC1231,Report_Gen,91,2026-04-10
ACC1037,API_Access,89,2026-05-05
ACC1143,Dashboard,56,2026-04-17
ACC1177,Report_Gen,71,2026-04-16
ACC1053,Team_Collab,13,2026-04-27
ACC1481,Dashboard,36,2026-05-04
ACC1036,Team_Collab,14,2026-04-17
ACC1472,Team_Collab,92,2026-04-27
ACC1345,Report_Gen,94,2026-04-25
ACC1187,API_Access,76,2026-04-17
ACC1276,Team_Collab,8,2026-04-14
ACC1277,Team_Collab,73,2026-04-10
ACC1059,Dashboard,14,2026-04-20
ACC1144,Bulk_Upload,91,2026-04-26
ACC1172,Bulk_Upload,85,2026-05-01
ACC1092,Report_Gen,84,2026-04-11
ACC1347,Team_Collab,51,2026-04-08
ACC1320,Report_Gen,80,2026-04-22
ACC1016,Team_Collab,55,2026-04-26
ACC1071,Bulk_Upload,72,2026-04-29
ACC1269,Report_Gen,24,2026-05-05
ACC1426,API_Access,70,2026-04-20
ACC1493,Bulk_Upload,32,2026-04-15
ACC1291,Team_Collab,33,2026-04-13
ACC1243,Dashboard,49,2026-04-25
ACC1194,Bulk_Upload,35,2026-04-24
ACC1425,Bulk_Upload,81,2026-04-07
ACC1151,Team_Collab,94,2026-04-12
ACC1121,Team_Collab,49,2026-04-27
ACC1290,Report_Gen,45,2026-04-12
ACC1028,API_Access,16,2026-04-17
ACC1202,Bulk_Upload,98,2026-04-19
ACC1489,API_Access,22,2026-04-22
ACC1281,Team_Collab,72,2026-04-09
ACC1117,Report_Gen,19,2026-04-14
ACC1067,Dashboard,60,2026-04-19
ACC1074,API_Access,53,2026-04-11
ACC1047,Bulk_Upload,61,2026-04-20
ACC1446,Bulk_Upload,15,2026-04-18
ACC1413,Bulk_Upload,71,2026-04-27
ACC1216,API_Access,65,2026-04-30
ACC1203,API_Access,72,2026-04-10
ACC1214,Report_Gen,19,2026-04-28
ACC1096,Report_Gen,4,2026-04-30
ACC1302,Team_Collab,51,2026-04-14
ACC1305,Team_Collab,68,2026-04-13
ACC1298,API_Access,27,2026-05-02
ACC1395,Bulk_Upload,92,2026-05-04
ACC1084,Bulk_Upload,94,2026-05-04
ACC1338,Team_Collab,5,2026-04-27
ACC1323,API_Access,66,2026-04-27
ACC1474,Dashboard,26,2026-04-07
ACC1240,Bulk_Upload,3,2026-04-12
ACC1220,Dashboard,18,2026-04-17
ACC1474,Bulk_Upload,91,2026-04-13
ACC1129,Report_Gen,87,2026-04-15
ACC1350,API_Access,71,2026-04-09
ACC1438,API_Access,84,2026-05-01
ACC1287,Bulk_Upload,94,2026-04-30
ACC1177,API_Access,96,2026-05-04
ACC1434,API_Access,52,2026-04-07
ACC1043,Dashboard,5,2026-04-22
ACC1356,Report_Gen,31,2026-05-05
ACC1097,Dashboard,57,2026-04-06
ACC1235,Bulk_Upload,43,2026-04-29
ACC1088,Bulk_Upload,25,2026-04-29
ACC1272,Dashboard,88,2026-04-22
ACC1333,Team_Collab,19,2026-04-08
ACC1172,API_Access,44,2026-04-29
ACC1280,API_Access,35,2026-04-12
ACC1384,Report_Gen,32,2026-04-17
ACC1121,API_Access,7,2026-04-30
ACC1055,Team_Collab,92,2026-04-07
ACC1302,API_Access,82,2026-04-24
ACC1249,Report_Gen,86,2026-04-08
ACC1105,Report_Gen,85,2026-04-30
ACC1405,API_Access,96,2026-04-20
ACC1408,Bulk_Upload,72,2026-05-02
ACC1329,Team_Collab,86,2026-05-05
ACC1273,Team_Collab,21,2026-04-20
ACC1176,Bulk_Upload,79,2026-04-13
ACC1086,API_Access,78,2026-04-19
ACC1457,API_Access,19,2026-04-06
ACC1258,Dashboard,21,2026-04-13
ACC1222,Report_Gen,39,2026-04-13
ACC1098,Dashboard,83,2026-04-14
ACC1009,Team_Collab,45,2026-05-04
ACC1389,Team_Collab,44,2026-04-13
ACC1412,Dashboard,84,2026-05-01
ACC1337,Report_Gen,24,2026-04-15
ACC1148,Dashboard,22,2026-04-08
ACC1358,Dashboard,51,2026-04-10
ACC1443,Bulk_Upload,85,2026-04-30
ACC1180,API_Access,49,2026-04-23
ACC1131,Dashboard,9,2026-04-20
ACC1008,Dashboard,5,2026-05-03
ACC1411,Dashboard,24,2026-04-29
ACC1204,Team_Collab,55,2026-04-25
ACC1267,API_Access,66,2026-05-01
ACC1283,Report_Gen,97,2026-04-22
ACC1495,Bulk_Upload,92,2026-04-29
ACC1459,Report_Gen,50,2026-04-08
ACC1244,API_Access,10,2026-04-25
ACC1043,Dashboard,29,2026-04-11
ACC1382,Team_Collab,65,2026-04-18
ACC1155,Report_Gen,50,2026-04-30
ACC1303,Team_Collab,94,2026-04-28
ACC1341,Team_Collab,57,2026-04-23
ACC1206,Team_Collab,43,2026-05-05
ACC1192,Bulk_Upload,60,2026-04-27
ACC1136,Team_Collab,53,2026-04-09
ACC1225,API_Access,40,2026-05-03
ACC1450,Team_Collab,55,2026-04-19
ACC1387,API_Access,50,2026-04-30
ACC1193,Bulk_Upload,19,2026-05-04
ACC1119,Report_Gen,27,2026-04-13
ACC1351,API_Access,80,2026-04-22
ACC1217,Report_Gen,63,2026-04-17
ACC1316,Bulk_Upload,26,2026-04-20
ACC1048,API_Access,37,2026-04-12
ACC1269,Bulk_Upload,80,2026-05-02
ACC1340,Report_Gen,50,2026-04-15
ACC1108,Bulk_Upload,49,2026-04-23
ACC1173,API_Access,95,2026-04-19
ACC1039,Report_Gen,68,2026-04-28
ACC1000,Bulk_Upload,49,2026-04-09
ACC1250,Report_Gen,100,2026-04-10
ACC1404,Dashboard,57,2026-04-24
ACC1092,Dashboard,29,2026-04-29
ACC1016,Bulk_Upload,44,2026-04-19
ACC1209,Report_Gen,85,2026-04-18
ACC1403,Bulk_Upload,63,2026-04-23
ACC1218,Team_Collab,76,2026-05-03
ACC1067,Team_Collab,9,2026-05-04
ACC1340,Dashboard,45,2026-04-27
ACC1122,API_Access,96,2026-04-25
ACC1153,Bulk_Upload,97,2026-04-16
ACC1277,Bulk_Upload,78,2026-04-21
ACC1112,Team_Collab,48,2026-04-18
ACC1361,Team_Collab,92,2026-04-13
ACC1062,API_Access,18,2026-05-01
ACC1391,Bulk_Upload,29,2026-04-20
ACC1471,Bulk_Upload,90,2026-04-24
ACC1048,Bulk_Upload,67,2026-04-16
ACC1164,Team_Collab,62,2026-05-03
ACC1360,Report_Gen,60,2026-04-14
ACC1013,API_Access,13,2026-04-10
ACC1038,API_Access,32,2026-04-08
ACC1217,Report_Gen,13,2026-04-07
ACC1079,Report_Gen,93,2026-04-15
ACC1194,API_Access,51,2026-04-29
ACC1349,Report_Gen,45,2026-04-15
ACC1303,API_Access,51,2026-04-14
ACC1252,Team_Collab,16,2026-04-30
ACC1149,Bulk_Upload,35,2026-04-08
ACC1164,Dashboard,71,2026-04-10
ACC1438,Team_Collab,96,2026-04-16
ACC1092,Team_Collab,21,2026-04-10
ACC1473,Bulk_Upload,2,2026-04-17
ACC1409,Team_Collab,75,2026-04-13
ACC1258,Report_Gen,64,2026-05-04
ACC1132,Bulk_Upload,51,2026-04-15
ACC1331,Report_Gen,12,2026-04-12
ACC1321,API_Access,40,2026-04-09
ACC1054,Team_Collab,81,2026-04-18
ACC1143,Team_Collab,41,2026-04-13
ACC1144,Dashboard,6,2026-04-22
ACC1358,API_Access,62,2026-04-28
ACC1254,Bulk_Upload,73,2026-04-10
ACC1399,Report_Gen,70,2026-04-13
ACC1191,API_Access,9,2026-04-13
ACC1048,Team_Collab,19,2026-04-13
ACC1302,Dashboard,8,2026-04-25
ACC1488,API_Access,52,2026-04-15
ACC1315,Report_Gen,100,2026-04-07
ACC1331,Dashboard,87,2026-04-25
ACC1064,Dashboard,4,2026-04-13
ACC1127,Dashboard,64,2026-04-25
ACC1062,Report_Gen,99,2026-04-19
ACC1076,Bulk_Upload,41,2026-04-21
ACC1154,Report_Gen,30,2026-05-05
ACC1073,API_Access,62,2026-04-17
ACC1143,API_Access,60,2026-04-12
ACC1023,Dashboard,36,2026-04-29
ACC1401,Report_Gen,10,2026-04-15
ACC1114,Dashboard,59,2026-04-14
ACC1427,Team_Collab,70,2026-05-05
ACC1316,Report_Gen,81,2026-04-17
ACC1251,Bulk_Upload,53,2026-04-17
ACC1417,API_Access,9,2026-04-07
ACC1478,Dashboard,16,2026-04-06
ACC1471,Team_Collab,24,2026-05-04
ACC1420,Report_Gen,30,2026-05-02
ACC1060,API_Access,95,2026-04-20
ACC1337,API_Access,74,2026-04-18
ACC1388,Team_Collab,69,2026-05-02
ACC1066,Team_Collab,1,2026-04-07
ACC1253,Team_Collab,8,2026-04-09
ACC1148,Dashboard,73,2026-04-11
ACC1328,Dashboard,86,2026-04-18
ACC1386,Bulk_Upload,21,2026-05-01
ACC1032,API_Access,42,2026-04-14
ACC1030,Bulk_Upload,18,2026-05-01
ACC1220,Team_Collab,39,2026-04-15
ACC1429,API_Access,91,2026-04-20
ACC1313,Team_Collab,63,2026-04-09
ACC1431,API_Access,32,2026-04-14
ACC1363,Bulk_Upload,14,2026-04-25
ACC1133,Report_Gen,64,2026-04-23
ACC1455,Dashboard,24,2026-04-11
ACC1246,Dashboard,54,2026-04-27
ACC1360,Dashboard,65,2026-05-01
ACC1150,Dashboard,70,2026-04-20
ACC1180,Dashboard,91,2026-04-07
ACC1332,API_Access,35,2026-04-22
ACC1311,Team_Collab,38,2026-04-30
ACC1211,Report_Gen,92,2026-04-06
ACC1272,API_Access,21,2026-05-02
ACC1479,Team_Collab,88,2026-04-13
ACC1468,Team_Collab,86,2026-04-06
ACC1433,Team_Collab,2,2026-04-18
ACC1389,API_Access,4,2026-04-22
ACC1037,Dashboard,21,2026-04-27
ACC1004,API_Access,23,2026-04-28
ACC1281,Report_Gen,87,2026-04-16
ACC1139,Dashboard,85,2026-04-08
ACC1475,Dashboard,11,2026-04-13
ACC1388,Team_Collab,68,2026-04-16
ACC1166,Team_Collab,23,2026-04-06
ACC1395,API_Access,32,2026-04-22
ACC1139,Dashboard,17,2026-04-07
ACC1187,Team_Collab,78,2026-04-07
ACC1163,Report_Gen,43,2026-04-22
ACC1033,API_Access,99,2026-04-11
ACC1030,Team_Collab,88,2026-04-18
ACC1026,API_Access,25,2026-04-13
ACC1486,Bulk_Upload,74,2026-04-14
ACC1050,Bulk_Upload,47,2026-04-19
ACC1342,Team_Collab,14,2026-04-27
ACC1034,Bulk_Upload,46,2026-04-15
ACC1356,Report_Gen,35,2026-04-21
ACC1491,Team_Collab,59,2026-05-03
ACC1091,Report_Gen,95,2026-04-22
ACC1328,API_Access,75,2026-05-02
ACC1448,Team_Collab,92,2026-04-27
ACC1341,Dashboard,55,2026-04-24
ACC1000,Dashboard,18,2026-04-23
ACC1471,Report_Gen,13,2026-04-23
ACC1154,Dashboard,22,2026-04-08
ACC1392,API_Access,6,2026-04-10
ACC1306,Report_Gen,14,2026-04-22
ACC1434,Team_Collab,79,2026-04-13
ACC1047,Report_Gen,82,2026-04-17
ACC1294,Report_Gen,86,2026-04-22
ACC1088,API_Access,92,2026-05-03
ACC1246,Report_Gen,84,2026-04-21
ACC1190,Report_Gen,89,2026-04-15
ACC1176,API_Access,60,2026-04-19
ACC1339,Report_Gen,12,2026-04-16
ACC1134,Report_Gen,86,2026-04-14
ACC1048,API_Access,61,2026-04-07
ACC1098,API_Access,92,2026-04-26
ACC1174,API_Access,14,2026-04-08
ACC1493,Report_Gen,38,2026-04-12
ACC1230,API_Access,83,2026-05-01
ACC1263,Report_Gen,43,2026-04-22
ACC1185,Bulk_Upload,26,2026-05-05
ACC1055,Report_Gen,77,2026-04-08
ACC1149,Bulk_Upload,35,2026-05-03
ACC1452,Dashboard,29,2026-04-09
ACC1402,API_Access,17,2026-05-05
ACC1084,Team_Collab,66,2026-04-17
ACC1491,Dashboard,45,2026-04-20
ACC1271,Dashboard,19,2026-04-22
ACC1264,API_Access,12,2026-04-26
ACC1001,Team_Collab,68,2026-04-10
ACC1136,Report_Gen,17,2026-04-29
ACC1371,API_Access,80,2026-04-16
ACC1283,Dashboard,21,2026-04-10
ACC1396,Dashboard,57,2026-04-27
ACC1098,Team_Collab,95,2026-04-24
ACC1299,Team_Collab,57,2026-04-15
ACC1316,Dashboard,43,2026-04-30
ACC1479,Bulk_Upload,83,2026-04-14
ACC1111,Dashboard,18,2026-05-01
ACC1019,API_Access,86,2026-04-09
ACC1257,Bulk_Upload,77,2026-04-15
ACC1226,Team_Collab,91,2026-05-02
ACC1085,Dashboard,10,2026-04-14
ACC1119,Team_Collab,4,2026-04-11
ACC1197,Bulk_Upload,72,2026-04-08
ACC1191,Bulk_Upload,35,2026-04-20
ACC1489,API_Access,21,2026-04-28
ACC1408,Report_Gen,26,2026-05-03
ACC1487,Dashboard,23,2026-04-16
ACC1242,Bulk_Upload,47,2026-04-13
ACC1320,Bulk_Upload,38,2026-04-06
ACC1372,API_Access,50,2026-04-07
ACC1463,Report_Gen,76,2026-04-16
ACC1180,Dashboard,97,2026-04-10
ACC1410,API_Access,43,2026-04-30
ACC1251,Team_Collab,7,2026-05-01
ACC1341,Report_Gen,63,2026-04-23
ACC1179,Team_Collab,82,2026-05-04
ACC1154,Team_Collab,17,2026-04-19
ACC1300,Report_Gen,30,2026-04-18
ACC1290,Dashboard,70,2026-04-17
ACC1200,Report_Gen,14,2026-04-20
ACC1114,Dashboard,18,2026-04-24
ACC1435,Report_Gen,51,2026-04-21
ACC1039,Dashboard,41,2026-04-10
ACC1384,Bulk_Upload,26,2026-04-28
ACC1020,Report_Gen,78,2026-04-15
ACC1229,Bulk_Upload,86,2026-04-12
ACC1100,Dashboard,47,2026-05-02
ACC1420,API_Access,45,2026-04-06
ACC1211,Bulk_Upload,49,2026-04-19
ACC1301,Bulk_Upload,100,2026-04-22
ACC1058,Team_Collab,20,2026-04-19
ACC1435,API_Access,43,2026-04-13
ACC1106,Report_Gen,17,2026-04-15
ACC1308,Dashboard,43,2026-04-23
ACC1359,Dashboard,19,2026-04-28
ACC1416,Bulk_Upload,52,2026-04-13
ACC1006,Report_Gen,92,2026-05-05
ACC1036,API_Access,65,2026-04-14
ACC1441,Dashboard,51,2026-05-03
ACC1256,API_Access,37,2026-04-08
ACC1036,API_Access,33,2026-04-27
ACC1177,Team_Collab,91,2026-04-28
ACC1496,Team_Collab,69,2026-04-23
ACC1314,Bulk_Upload,97,2026-04-10
ACC1171,Team_Collab,9,2026-04-10
ACC1174,Bulk_Upload,85,2026-04-20
ACC1463,Dashboard,5,2026-04-26
ACC1256,Team_Collab,81,2026-05-05
ACC1441,Team_Collab,43,2026-04-23
ACC1264,Team_Collab,85,2026-04-28
ACC1131,Team_Collab,10,2026-04-21
ACC1310,Dashboard,78,2026-05-03
ACC1067,Bulk_Upload,83,2026-04-11
ACC1083,API_Access,97,2026-04-08
ACC1153,Bulk_Upload,39,2026-04-16
ACC1467,Team_Collab,50,2026-04-10
ACC1241,Team_Collab,12,2026-04-14
ACC1460,Dashboard,39,2026-04-10
ACC1438,Team_Collab,60,2026-04-26
ACC1229,Dashboard,14,2026-04-23
ACC1005,API_Access,91,2026-04-29
ACC1231,Dashboard,95,2026-04-30
ACC1306,API_Access,33,2026-05-04
ACC1081,API_Access,30,2026-05-05
ACC1009,Dashboard,93,2026-05-04
ACC1424,Report_Gen,58,2026-05-01
ACC1053,Bulk_Upload,13,2026-04-22
ACC1250,Report_Gen,89,2026-04-22
ACC1379,Report_Gen,97,2026-05-05
ACC1298,Dashboard,43,2026-04-23
ACC1052,Dashboard,30,2026-04-08
ACC1196,API_Access,5,2026-04-10
ACC1460,Bulk_Upload,95,2026-04-15
ACC1461,Report_Gen,60,2026-04-11
ACC1099,Dashboard,91,2026-04-08
ACC1335,Team_Collab,91,2026-04-27
ACC1247,API_Access,25,2026-05-05
ACC1425,Team_Collab,65,2026-04-14
ACC1058,Team_Collab,86,2026-04-16
ACC1041,API_Access,82,2026-04-14
ACC1409,Dashboard,93,2026-04-16
ACC1477,Report_Gen,88,2026-04-27
ACC1254,Dashboard,44,2026-04-09
ACC1172,Bulk_Upload,65,2026-04-20
ACC1235,Report_Gen,85,2026-04-07
ACC1250,API_Access,23,2026-04-13
ACC1425,Bulk_Upload,78,2026-04-30
ACC1251,Dashboard,85,2026-04-30
ACC1257,Team_Collab,54,2026-05-01
ACC1477,Team_Collab,59,2026-05-01
ACC1364,Dashboard,9,2026-05-05
ACC1365,Dashboard,34,2026-04-12
ACC1207,API_Access,40,2026-04-11
ACC1422,Dashboard,23,2026-04-26
ACC1089,Report_Gen,88,2026-04-26
ACC1341,Team_Collab,17,2026-04-14
ACC1366,Team_Collab,30,2026-04-29
ACC1245,Report_Gen,18,2026-04-11
ACC1316,Team_Collab,100,2026-04-06
ACC1383,Team_Collab,79,2026-04-14
ACC1072,Dashboard,52,2026-04-20
ACC1088,Report_Gen,76,2026-04-09
ACC1095,Dashboard,32,2026-05-03
ACC1375,Dashboard,67,2026-04-18
ACC1018,Report_Gen,23,2026-04-23
ACC1004,Team_Collab,13,2026-04-26
ACC1481,Team_Collab,6,2026-05-04
ACC1287,API_Access,74,2026-04-23
ACC1269,Bulk_Upload,95,2026-04-26
ACC1068,Dashboard,77,2026-04-22
ACC1303,Team_Collab,61,2026-04-16
ACC1408,Team_Collab,36,2026-04-29
ACC1305,API_Access,73,2026-04-07
ACC1341,Report_Gen,70,2026-04-23
ACC1493,Team_Collab,91,2026-05-03
ACC1293,Dashboard,62,2026-04-19
ACC1150,Bulk_Upload,61,2026-05-03
ACC1369,Report_Gen,56,2026-04-30
ACC1305,API_Access,90,2026-04-16
ACC1382,API_Access,32,2026-04-29
ACC1197,Dashboard,67,2026-04-23
ACC1322,Bulk_Upload,15,2026-04-24
ACC1031,Dashboard,47,2026-04-15
ACC1420,Dashboard,98,2026-04-23
ACC1223,Team_Collab,94,2026-04-18
ACC1109,Dashboard,100,2026-04-11
ACC1367,Bulk_Upload,82,2026-05-05
ACC1219,API_Access,7,2026-04-24
ACC1362,API_Access,30,2026-04-30
ACC1438,Dashboard,81,2026-05-04
ACC1096,Dashboard,61,2026-04-23
ACC1256,Team_Collab,26,2026-04-24
ACC1352,Bulk_Upload,90,2026-04-08
ACC1365,API_Access,91,2026-04-12
ACC1464,API_Access,27,2026-04-30
ACC1364,Report_Gen,58,2026-05-01
ACC1430,Team_Collab,91,2026-04-06
ACC1137,Report_Gen,20,2026-04-27
ACC1489,Team_Collab,34,2026-04-14
ACC1469,Team_Collab,20,2026-04-23
ACC1202,Report_Gen,88,2026-04-12
ACC1447,Team_Collab,62,2026-05-04
ACC1303,Team_Collab,6,2026-05-03
ACC1142,Team_Collab,61,2026-04-10
ACC1315,Report_Gen,24,2026-04-19
ACC1327,Team_Collab,95,2026-05-05
ACC1441,Dashboard,91,2026-04-14
ACC1095,Bulk_Upload,2,2026-04-08
ACC1183,Dashboard,12,2026-04-06
ACC1116,Bulk_Upload,74,2026-04-21
ACC1497,Dashboard,98,2026-04-25
ACC1475,Team_Collab,80,2026-04-11
ACC1099,Bulk_Upload,54,2026-04-30
ACC1315,API_Access,89,2026-04-30
ACC1242,Bulk_Upload,39,2026-04-20
ACC1386,API_Access,75,2026-04-09
ACC1430,API_Access,2,2026-04-21
ACC1248,Bulk_Upload,59,2026-04-10
ACC1353,Report_Gen,67,2026-04-06
ACC1324,API_Access,92,2026-04-18
ACC1036,Team_Collab,95,2026-04-12
ACC1334,API_Access,61,2026-04-15
ACC1464,Team_Collab,55,2026-04-06
ACC1353,API_Access,35,2026-04-08
ACC1153,Bulk_Upload,24,2026-04-25
ACC1264,API_Access,50,2026-05-05
ACC1389,Report_Gen,86,2026-04-13
ACC1200,API_Access,98,2026-04-26
ACC1134,API_Access,43,2026-04-15
ACC1437,Dashboard,27,2026-04-16
ACC1307,Bulk_Upload,45,2026-04-28
ACC1265,Dashboard,69,2026-04-09
ACC1333,Report_Gen,15,2026-04-14
ACC1213,Bulk_Upload,49,2026-05-02
ACC1095,Dashboard,59,2026-04-20
ACC1188,API_Access,78,2026-04-11
ACC1002,Dashboard,34,2026-04-27
ACC1486,API_Access,11,2026-04-15
ACC1157,Report_Gen,35,2026-04-07
ACC1270,Team_Collab,15,2026-05-04
ACC1318,Report_Gen,4,2026-05-04
ACC1127,Dashboard,65,2026-04-13
ACC1387,Team_Collab,16,2026-04-23
ACC1151,Dashboard,64,2026-05-02
ACC1107,API_Access,44,2026-04-18
ACC1146,Dashboard,64,2026-04-16
ACC1250,Report_Gen,24,2026-05-01
ACC1095,API_Access,21,2026-04-11
ACC1067,Dashboard,24,2026-04-06
ACC1010,API_Access,33,2026-04-06
ACC1268,Team_Collab,93,2026-04-28
ACC1068,API_Access,55,2026-04-13
ACC1314,Dashboard,15,2026-04-16
ACC1389,Team_Collab,58,2026-04-27
ACC1258,Dashboard,23,2026-04-18
ACC1123,Bulk_Upload,99,2026-05-05
ACC1337,Report_Gen,45,2026-04-26
ACC1416,Team_Collab,87,2026-04-23
ACC1193,Dashboard,80,2026-04-30
ACC1393,Bulk_Upload,27,2026-05-05
ACC1361,Team_Collab,31,2026-04-29
ACC1185,Dashboard,76,2026-04-14
ACC1167,Report_Gen,51,2026-04-25
ACC1362,API_Access,80,2026-04-07
ACC1284,Dashboard,81,2026-04-10
ACC1186,Bulk_Upload,86,2026-04-15
ACC1471,Dashboard,33,2026-04-20
ACC1422,Team_Collab,54,2026-04-25
ACC1104,Bulk_Upload,10,2026-05-01
ACC1022,Team_Collab,60,2026-04-26
ACC1241,Bulk_Upload,42,2026-04-28
ACC1430,API_Access,7,2026-04-26
ACC1289,Dashboard,3,2026-04-16
ACC1082,Team_Collab,5,2026-05-02
ACC1192,Report_Gen,47,2026-05-05
ACC1449,API_Access,28,2026-04-17
ACC1388,API_Access,13,2026-04-08
ACC1496,API_Access,83,2026-04-26
ACC1191,Dashboard,23,2026-05-01
ACC1485,Team_Collab,55,2026-04-26
ACC1381,Bulk_Upload,11,2026-04-15
ACC1431,Report_Gen,23,2026-04-11
ACC1340,Report_Gen,45,2026-04-12
ACC1083,Bulk_Upload,24,2026-04-09
ACC1135,Bulk_Upload,88,2026-04-18
ACC1381,API_Access,21,2026-05-03
ACC1068,Dashboard,64,2026-04-26
ACC1153,Bulk_Upload,23,2026-04-17
ACC1042,Bulk_Upload,82,2026-05-02
ACC1245,API_Access,100,2026-04-24
ACC1100,Team_Collab,17,2026-04-23
ACC1199,Report_Gen,68,2026-04-27
ACC1224,Team_Collab,54,2026-05-04
ACC1487,Dashboard,31,2026-05-03
ACC1173,API_Access,77,2026-04-22
ACC1339,Report_Gen,12,2026-05-01
ACC1396,Team_Collab,55,2026-04-20
ACC1327,API_Access,17,2026-04-26
ACC1448,Bulk_Upload,13,2026-04-18
ACC1228,Team_Collab,64,2026-04-22
ACC1196,Dashboard,13,2026-05-01
ACC1218,API_Access,6,2026-04-08
ACC1120,Dashboard,43,2026-04-23
ACC1450,Bulk_Upload,59,2026-04-15
ACC1247,Team_Collab,12,2026-04-27
ACC1209,Dashboard,87,2026-04-24
ACC1236,API_Access,42,2026-04-25
ACC1275,Team_Collab,31,2026-04-27
ACC1082,Team_Collab,85,2026-04-27
ACC1259,Bulk_Upload,99,2026-04-17
ACC1119,Bulk_Upload,69,2026-04-26
ACC1395,Bulk_Upload,9,2026-04-09
ACC1124,Team_Collab,42,2026-04-20
ACC1223,Team_Collab,24,2026-04-29
ACC1389,Dashboard,40,2026-04-20
ACC1050,Report_Gen,79,2026-05-04
ACC1468,Team_Collab,83,2026-04-21
ACC1191,Bulk_Upload,2,2026-04-11
ACC1108,API_Access,71,2026-04-27
ACC1144,API_Access,89,2026-04-11
ACC1242,API_Access,56,2026-04-20
ACC1068,Team_Collab,38,2026-04-14
ACC1351,API_Access,6,2026-05-05
ACC1115,API_Access,42,2026-04-18
ACC1115,Team_Collab,7,2026-04-09
ACC1420,Report_Gen,10,2026-04-12
ACC1069,Team_Collab,99,2026-04-06
ACC1418,Bulk_Upload,68,2026-04-22
ACC1142,Team_Collab,18,2026-04-15
ACC1110,API_Access,2,2026-04-20
ACC1216,Team_Collab,15,2026-04-23
ACC1352,Dashboard,41,2026-04-11
ACC1007,Team_Collab,26,2026-04-27
ACC1038,API_Access,39,2026-05-03
ACC1376,Bulk_Upload,98,2026-04-22
ACC1400,Dashboard,45,2026-04-22
ACC1361,Report_Gen,91,2026-04-15
ACC1323,Report_Gen,76,2026-05-03
ACC1342,Report_Gen,62,2026-04-22
ACC1129,Dashboard,68,2026-04-24
ACC1018,Bulk_Upload,5,2026-04-19
ACC1109,Report_Gen,7,2026-04-27
ACC1482,Dashboard,58,2026-04-07
ACC1349,API_Access,15,2026-04-21
ACC1152,Report_Gen,22,2026-05-01
ACC1435,API_Access,12,2026-05-05
ACC1473,Report_Gen,62,2026-04-12
ACC1063,API_Access,97,2026-05-02
ACC1257,Dashboard,75,2026-04-06
ACC1322,Bulk_Upload,8,2026-04-25
ACC1134,Report_Gen,4,2026-04-21
ACC1326,Dashboard,49,2026-04-30
ACC1266,Bulk_Upload,22,2026-04-29
ACC1136,Dashboard,52,2026-04-07
ACC1169,Report_Gen,21,2026-04-24
ACC1012,Bulk_Upload,94,2026-04-17
ACC1485,Dashboard,90,2026-05-01
ACC1217,Bulk_Upload,28,2026-04-18
ACC1282,Bulk_Upload,3,2026-04-09
ACC1287,API_Access,44,2026-04-16
ACC1117,Dashboard,62,2026-04-13
ACC1145,Bulk_Upload,66,2026-04-20
ACC1390,Team_Collab,58,2026-04-17
ACC1359,Report_Gen,90,2026-05-04
ACC1404,Dashboard,76,2026-05-01
ACC1249,API_Access,3,2026-04-06
ACC1403,Team_Collab,61,2026-05-04
ACC1202,Dashboard,75,2026-05-03
ACC1290,Team_Collab,71,2026-05-04
ACC1366,Team_Collab,8,2026-04-29
ACC1440,API_Access,54,2026-04-10
ACC1485,Team_Collab,76,2026-04-30
ACC1375,API_Access,37,2026-04-16
ACC1398,Bulk_Upload,20,2026-04-12
ACC1415,Dashboard,85,2026-04-26
ACC1188,API_Access,81,2026-04-11
ACC1367,API_Access,48,2026-04-14
ACC1261,API_Access,78,2026-04-30
ACC1268,API_Access,36,2026-04-24
ACC1003,Dashboard,57,2026-04-10
ACC1031,API_Access,74,2026-04-22
ACC1057,Dashboard,43,2026-04-15
ACC1494,API_Access,16,2026-04-24
ACC1365,Report_Gen,1,2026-04-19
ACC1018,Dashboard,52,2026-04-11
ACC1247,Bulk_Upload,42,2026-04-07
ACC1245,Dashboard,34,2026-04-26
ACC1396,API_Access,16,2026-04-30
ACC1402,Dashboard,83,2026-04-14
ACC1255,Team_Collab,60,2026-04-08
ACC1239,Team_Collab,58,2026-04-27
ACC1310,Team_Collab,90,2026-04-26
ACC1196,API_Access,62,2026-04-19
ACC1304,Team_Collab,8,2026-04-09
ACC1345,API_Access,87,2026-04-06
ACC1261,Dashboard,34,2026-05-03
ACC1137,API_Access,29,2026-04-29
ACC1303,Team_Collab,88,2026-05-02
ACC1253,Dashboard,88,2026-04-08
ACC1255,Team_Collab,43,2026-04-19
ACC1213,Report_Gen,89,2026-04-21
ACC1107,API_Access,68,2026-05-05
ACC1483,Bulk_Upload,41,2026-04-16
ACC1230,Bulk_Upload,27,2026-04-12
ACC1454,Bulk_Upload,55,2026-05-02
ACC1418,Bulk_Upload,75,2026-04-24
ACC1298,Bulk_Upload,87,2026-05-05
ACC1468,Report_Gen,57,2026-04-21
ACC1335,Report_Gen,54,2026-05-01
ACC1479,Dashboard,77,2026-04-14
ACC1179,Report_Gen,67,2026-04-07
ACC1094,API_Access,12,2026-04-08
ACC1457,Report_Gen,97,2026-04-22
ACC1124,Bulk_Upload,27,2026-04-24
ACC1276,API_Access,52,2026-05-04
ACC1005,Report_Gen,42,2026-04-09
ACC1329,Team_Collab,11,2026-04-17
ACC1300,Bulk_Upload,30,2026-04-26
ACC1207,Dashboard,22,2026-04-30
ACC1038,Dashboard,1,2026-04-28
ACC1067,API_Access,31,2026-04-30
ACC1075,Bulk_Upload,97,2026-04-18
ACC1209,Bulk_Upload,37,2026-04-29
ACC1055,Team_Collab,71,2026-04-18
ACC1425,Bulk_Upload,24,2026-04-17
ACC1199,API_Access,64,2026-04-13
ACC1258,Report_Gen,20,2026-04-28
ACC1018,Dashboard,61,2026-04-16
ACC1384,Dashboard,17,2026-04-11
ACC1148,Dashboard,67,2026-04-24
ACC1174,Team_Collab,97,2026-04-23
ACC1333,Team_Collab,74,2026-05-04
ACC1428,Report_Gen,34,2026-04-18
ACC1357,Report_Gen,81,2026-04-06
ACC1222,Dashboard,67,2026-04-14
ACC1049,Dashboard,50,2026-04-27
ACC1168,Bulk_Upload,70,2026-04-14
ACC1361,Bulk_Upload,59,2026-04-16
ACC1186,API_Access,52,2026-04-30
ACC1227,API_Access,46,2026-05-02
ACC1415,Bulk_Upload,5,2026-05-01
ACC1424,API_Access,6,2026-05-04
ACC1071,API_Access,53,2026-05-01
ACC1136,Team_Collab,12,2026-04-22
ACC1356,API_Access,69,2026-05-05
ACC1180,Dashboard,23,2026-04-19
ACC1081,API_Access,56,2026-04-12
ACC1297,Dashboard,29,2026-04-17
ACC1246,Dashboard,92,2026-05-03
ACC1422,Report_Gen,83,2026-04-27
ACC1280,Dashboard,95,2026-04-17
ACC1487,Report_Gen,43,2026-04-22
ACC1016,API_Access,97,2026-04-19
ACC1022,Bulk_Upload,93,2026-04-20
ACC1135,Bulk_Upload,26,2026-04-12
ACC1083,Team_Collab,35,2026-04-17
ACC1446,Bulk_Upload,10,2026-05-01
ACC1031,API_Access,35,2026-04-13
ACC1092,Bulk_Upload,49,2026-04-06
ACC1414,Team_Collab,75,2026-05-04
ACC1286,Dashboard,73,2026-04-29
ACC1087,Team_Collab,22,2026-04-10
ACC1344,Report_Gen,22,2026-05-03
ACC1056,Report_Gen,38,2026-04-27
ACC1195,API_Access,72,2026-04-23
ACC1242,API_Access,93,2026-04-07
ACC1190,Report_Gen,56,2026-05-05
ACC1236,API_Access,63,2026-04-23
ACC1074,API_Access,9,2026-04-19
ACC1464,Bulk_Upload,74,2026-04-30
ACC1065,API_Access,45,2026-04-10
ACC1042,Bulk_Upload,4,2026-04-09
ACC1413,Report_Gen,63,2026-05-03
ACC1239,Team_Collab,75,2026-04-12
ACC1236,API_Access,92,2026-04-08
ACC1386,API_Access,33,2026-04-09
ACC1206,Report_Gen,31,2026-04-11
ACC1498,Dashboard,43,2026-04-24
ACC1042,Bulk_Upload,96,2026-04-29
ACC1292,API_Access,13,2026-04-17
ACC1044,API_Access,92,2026-04-20
ACC1287,Report_Gen,41,2026-05-05
ACC1281,Bulk_Upload,48,2026-05-01
ACC1464,Team_Collab,9,2026-04-06
ACC1372,Team_Collab,74,2026-05-02
ACC1168,Dashboard,33,2026-04-22
ACC1304,Team_Collab,51,2026-04-26
ACC1400,API_Access,83,2026-04-29
ACC1109,Report_Gen,12,2026-04-12
ACC1327,Bulk_Upload,91,2026-04-30
ACC1347,Dashboard,2,2026-04-27
ACC1301,Report_Gen,13,2026-04-30
ACC1380,Team_Collab,79,2026-04-19
ACC1140,Bulk_Upload,61,2026-04-30
ACC1070,Team_Collab,23,2026-04-28
ACC1138,Team_Collab,68,2026-04-15
ACC1316,API_Access,64,2026-05-03
ACC1240,Report_Gen,85,2026-04-25
ACC1298,Dashboard,15,2026-05-03
ACC1233,Team_Collab,46,2026-04-25
ACC1118,Team_Collab,33,2026-05-02
ACC1051,Report_Gen,96,2026-04-23
ACC1098,Team_Collab,21,2026-04-23
ACC1337,Team_Collab,31,2026-04-16
ACC1124,API_Access,19,2026-04-15
ACC1491,Team_Collab,32,2026-04-16
ACC1382,Bulk_Upload,76,2026-04-13
ACC1491,Bulk_Upload,75,2026-04-22
ACC1126,Dashboard,100,2026-04-08
ACC1247,Report_Gen,39,2026-04-10
ACC1152,Bulk_Upload,32,2026-05-02
ACC1250,Report_Gen,57,2026-04-20
ACC1473,Team_Collab,71,2026-04-22
ACC1484,Bulk_Upload,70,2026-04-24
ACC1469,Report_Gen,34,2026-04-25
ACC1084,Report_Gen,15,2026-05-01
ACC1027,Bulk_Upload,58,2026-04-14
ACC1060,Bulk_Upload,57,2026-04-11
ACC1471,Bulk_Upload,81,2026-05-04
ACC1224,Bulk_Upload,87,2026-04-21
ACC1199,Team_Collab,49,2026-04-29
ACC1053,Dashboard,32,2026-05-02
ACC1208,API_Access,30,2026-04-17
ACC1419,Dashboard,43,2026-04-29
ACC1380,API_Access,72,2026-05-01
ACC1156,Dashboard,20,2026-04-21
ACC1446,API_Access,38,2026-05-05
ACC1299,Report_Gen,40,2026-04-20
ACC1338,Report_Gen,70,2026-04-29
ACC1163,Dashboard,22,2026-04-28
ACC1386,Report_Gen,31,2026-04-12
ACC1398,Dashboard,22,2026-04-17
ACC1286,Team_Collab,71,2026-04-15
ACC1084,Team_Collab,42,2026-05-04
ACC1396,API_Access,95,2026-04-15
ACC1434,Bulk_Upload,29,2026-04-17
ACC1102,API_Access,13,2026-04-25
ACC1393,Bulk_Upload,31,2026-04-29
ACC1055,Dashboard,56,2026-04-17
ACC1278,API_Access,91,2026-04-29
ACC1457,API_Access,37,2026-04-21
ACC1448,Team_Collab,76,2026-04-13
ACC1090,Report_Gen,50,2026-04-21
ACC1330,Dashboard,26,2026-04-24
ACC1142,Bulk_Upload,11,2026-04-22
ACC1103,API_Access,27,2026-04-21
ACC1307,Dashboard,81,2026-04-14
ACC1457,Team_Collab,6,2026-04-21
ACC1296,API_Access,83,2026-04-11
ACC1451,Team_Collab,62,2026-04-16
ACC1282,Team_Collab,31,2026-04-07
ACC1152,Team_Collab,31,2026-04-22
ACC1343,API_Access,44,2026-04-24
ACC1325,Team_Collab,19,2026-04-29
ACC1488,API_Access,87,2026-04-18
ACC1293,API_Access,86,2026-04-14
ACC1301,Report_Gen,4,2026-04-10
ACC1246,Bulk_Upload,3,2026-04-12
ACC1176,Report_Gen,20,2026-04-22
ACC1462,Bulk_Upload,36,2026-04-24
ACC1241,Report_Gen,94,2026-04-24
ACC1145,Team_Collab,8,2026-04-10
ACC1411,Report_Gen,18,2026-04-08
ACC1273,Dashboard,100,2026-04-24
ACC1132,Team_Collab,82,2026-04-16
ACC1283,Bulk_Upload,95,2026-04-11
ACC1385,Bulk_Upload,66,2026-04-19
ACC1246,Report_Gen,90,2026-05-04
ACC1261,Report_Gen,100,2026-04-09
ACC1399,API_Access,36,2026-04-08
ACC1341,Report_Gen,10,2026-04-20
ACC1348,API_Access,76,2026-04-15
ACC1196,Dashboard,94,2026-05-02
ACC1481,Report_Gen,58,2026-05-05
ACC1092,Team_Collab,90,2026-04-22
ACC1235,Bulk_Upload,99,2026-04-15
ACC1323,Report_Gen,36,2026-04-26
ACC1315,Report_Gen,22,2026-04-07
ACC1480,Dashboard,90,2026-04-27
ACC1117,Report_Gen,94,2026-04-26
ACC1345,Team_Collab,41,2026-05-02
ACC1350,Bulk_Upload,65,2026-04-12
ACC1274,Team_Collab,51,2026-04-10
ACC1351,Bulk_Upload,84,2026-04-23
ACC1029,Bulk_Upload,29,2026-04-13
ACC1039,Team_Collab,43,2026-04-13
ACC1306,Team_Collab,73,2026-04-16
ACC1469,Dashboard,63,2026-04-08
ACC1162,Dashboard,94,2026-04-27
ACC1085,Bulk_Upload,39,2026-04-29
ACC1250,Report_Gen,57,2026-05-03
ACC1071,Team_Collab,51,2026-05-02
ACC1260,Bulk_Upload,17,2026-04-16
ACC1094,Bulk_Upload,49,2026-04-16
ACC1243,Dashboard,95,2026-05-05
ACC1212,API_Access,2,2026-04-16
ACC1028,API_Access,61,2026-04-14
ACC1378,Team_Collab,79,2026-04-13
ACC1367,Dashboard,20,2026-04-16
ACC1009,Dashboard,38,2026-04-14
ACC1302,Report_Gen,89,2026-04-30
ACC1276,Report_Gen,89,2026-04-13
ACC1239,API_Access,18,2026-04-20
ACC1057,Report_Gen,59,2026-04-28
ACC1115,API_Access,26,2026-04-07
ACC1437,Team_Collab,28,2026-04-16
ACC1049,Report_Gen,74,2026-04-12
ACC1497,Team_Collab,39,2026-04-28
ACC1350,Report_Gen,7,2026-04-22
ACC1412,Report_Gen,36,2026-04-24
ACC1058,Bulk_Upload,2,2026-04-16
ACC1376,Bulk_Upload,40,2026-04-13
ACC1488,Dashboard,94,2026-05-01
ACC1307,Bulk_Upload,10,2026-04-16
ACC1413,API_Access,62,2026-04-09
ACC1195,Bulk_Upload,55,2026-05-04
ACC1308,Bulk_Upload,7,2026-04-09
ACC1195,Report_Gen,46,2026-04-09
ACC1376,Bulk_Upload,68,2026-04-25
ACC1384,Report_Gen,15,2026-04-08
ACC1028,Report_Gen,66,2026-04-21
ACC1053,Team_Collab,73,2026-05-05
ACC1435,Bulk_Upload,2,2026-05-01
ACC1342,Team_Collab,69,2026-04-18
ACC1168,Report_Gen,27,2026-04-14
ACC1091,Team_Collab,21,2026-04-22
ACC1347,Dashboard,66,2026-04-07
ACC1426,Bulk_Upload,6,2026-05-04
ACC1465,Dashboard,90,2026-04-18
ACC1121,Bulk_Upload,79,2026-04-08
ACC1083,API_Access,77,2026-04-27
ACC1259,Team_Collab,82,2026-04-15
ACC1128,Report_Gen,65,2026-04-20
ACC1323,API_Access,70,2026-04-23
ACC1047,Team_Collab,66,2026-04-16
ACC1066,Bulk_Upload,94,2026-05-03
ACC1130,API_Access,90,2026-04-20
ACC1488,Bulk_Upload,37,2026-04-23
ACC1289,Bulk_Upload,68,2026-04-13
ACC1227,Bulk_Upload,49,2026-04-22
ACC1285,API_Access,27,2026-04-17
ACC1207,Report_Gen,31,2026-04-25
ACC1162,Dashboard,39,2026-04-09
ACC1301,Bulk_Upload,48,2026-04-27
ACC1043,Team_Collab,2,2026-04-28
ACC1141,Team_Collab,100,2026-04-22
ACC1384,API_Access,91,2026-04-27
ACC1245,Report_Gen,92,2026-04-15
ACC1293,API_Access,19,2026-05-03
ACC1494,API_Access,36,2026-05-05
ACC1372,Bulk_Upload,88,2026-04-23
ACC1071,Bulk_Upload,10,2026-04-17
ACC1217,Team_Collab,22,2026-05-01
ACC1021,Bulk_Upload,62,2026-04-13
ACC1107,Dashboard,30,2026-04-07
ACC1383,Bulk_Upload,22,2026-05-03
ACC1492,Dashboard,81,2026-04-29
ACC1236,API_Access,80,2026-04-22
ACC1193,Report_Gen,57,2026-04-27
ACC1455,Team_Collab,98,2026-04-12
ACC1165,Bulk_Upload,8,2026-05-04
ACC1315,API_Access,91,2026-04-24
ACC1172,Report_Gen,41,2026-05-05
ACC1474,Bulk_Upload,99,2026-04-06
ACC1428,Bulk_Upload,14,2026-04-18
ACC1227,Report_Gen,1,2026-05-03
ACC1264,Report_Gen,45,2026-04-28
ACC1390,API_Access,93,2026-04-20
ACC1054,API_Access,7,2026-04-10
ACC1443,Report_Gen,38,2026-04-29
ACC1148,Bulk_Upload,7,2026-04-25
ACC1203,API_Access,2,2026-04-25
ACC1065,Report_Gen,23,2026-04-18
ACC1377,Team_Collab,46,2026-05-01
ACC1249,Report_Gen,68,2026-05-03
ACC1146,API_Access,22,2026-04-24
ACC1047,Dashboard,26,2026-04-07
ACC1321,API_Access,27,2026-04-28
ACC1155,Bulk_Upload,74,2026-04-06
ACC1465,Bulk_Upload,11,2026-04-10
ACC1244,Dashboard,92,2026-04-28
ACC1054,API_Access,14,2026-05-05
ACC1220,Dashboard,75,2026-04-06
ACC1136,Bulk_Upload,47,2026-05-03
ACC1274,Team_Collab,91,2026-04-16
ACC1298,Dashboard,99,2026-04-15
ACC1077,Report_Gen,95,2026-04-27
ACC1462,Report_Gen,12,2026-05-02
ACC1342,Dashboard,58,2026-04-25
ACC1452,Bulk_Upload,78,2026-04-14
ACC1039,Dashboard,90,2026-04-23
ACC1148,API_Access,34,2026-05-02
ACC1056,Report_Gen,93,2026-04-23
ACC1125,Bulk_Upload,97,2026-04-09
ACC1455,Dashboard,63,2026-05-04
ACC1360,API_Access,86,2026-04-13
ACC1488,Dashboard,5,2026-04-29
ACC1146,Team_Collab,97,2026-04-13
ACC1111,API_Access,21,2026-04-06
ACC1090,API_Access,64,2026-04-07
ACC1346,API_Access,32,2026-04-06
ACC1280,Team_Collab,91,2026-04-26
ACC1293,Dashboard,29,2026-05-02
ACC1151,Team_Collab,93,2026-04-14
ACC1108,Report_Gen,56,2026-05-01
ACC1233,Bulk_Upload,67,2026-04-13
ACC1468,Bulk_Upload,45,2026-04-22
ACC1405,Bulk_Upload,54,2026-04-28
ACC1462,Bulk_Upload,11,2026-04-29
ACC1304,API_Access,21,2026-05-01
ACC1086,API_Access,33,2026-04-26
ACC1212,Team_Collab,28,2026-04-12
ACC1373,Bulk_Upload,50,2026-04-23
ACC1144,Team_Collab,84,2026-04-16
ACC1482,Bulk_Upload,88,2026-04-29
ACC1111,Report_Gen,67,2026-05-03
ACC1415,Bulk_Upload,74,2026-04-09
ACC1275,Report_Gen,70,2026-04-09
ACC1015,API_Access,35,2026-04-17
ACC1325,API_Access,94,2026-04-12
ACC1476,Bulk_Upload,46,2026-05-04
ACC1471,API_Access,6,2026-04-26
ACC1386,Dashboard,37,2026-04-18
ACC1017,Report_Gen,64,2026-04-29
ACC1090,Bulk_Upload,43,2026-04-27
ACC1238,Team_Collab,89,2026-05-02
ACC1452,Team_Collab,94,2026-04-26
ACC1487,API_Access,78,2026-04-23
ACC1355,API_Access,5,2026-04-20
ACC1303,Bulk_Upload,53,2026-04-12
ACC1241,API_Access,93,2026-05-01
ACC1035,Report_Gen,47,2026-04-28
ACC1329,Bulk_Upload,27,2026-04-24
ACC1112,Bulk_Upload,73,2026-04-19
ACC1067,Team_Collab,31,2026-05-04
ACC1282,Bulk_Upload,44,2026-04-18
ACC1367,Bulk_Upload,100,2026-04-29
ACC1365,Bulk_Upload,58,2026-04-25
ACC1360,Bulk_Upload,88,2026-04-10
ACC1453,Report_Gen,69,2026-04-17
ACC1192,Report_Gen,63,2026-04-21
ACC1292,Dashboard,60,2026-04-17
ACC1159,Bulk_Upload,16,2026-04-20
ACC1106,Bulk_Upload,95,2026-04-22
ACC1216,Bulk_Upload,37,2026-04-09
ACC1375,Report_Gen,13,2026-04-29
ACC1061,Team_Collab,52,2026-04-18
ACC1211,Team_Collab,4,2026-04-13
ACC1414,Report_Gen,28,2026-05-03
ACC1224,Bulk_Upload,10,2026-04-10
ACC1354,Report_Gen,77,2026-04-06
ACC1182,Report_Gen,71,2026-04-26
ACC1358,Bulk_Upload,13,2026-04-27
ACC1341,Report_Gen,26,2026-04-24
ACC1094,API_Access,33,2026-04-10
ACC1002,Bulk_Upload,16,2026-05-03
ACC1308,Team_Collab,43,2026-04-21
ACC1324,Bulk_Upload,78,2026-04-16
ACC1048,Bulk_Upload,93,2026-04-29
ACC1050,Bulk_Upload,14,2026-04-28
ACC1330,API_Access,7,2026-04-09
ACC1074,Bulk_Upload,49,2026-04-30
ACC1424,API_Access,61,2026-04-07
ACC1431,Bulk_Upload,6,2026-04-06
ACC1417,API_Access,92,2026-04-07
ACC1244,Team_Collab,19,2026-04-08
ACC1357,API_Access,29,2026-04-22
ACC1315,Team_Collab,38,2026-05-03
ACC1340,Dashboard,42,2026-04-28
ACC1235,Dashboard,67,2026-04-30
ACC1497,Report_Gen,54,2026-04-14
ACC1045,Dashboard,19,2026-04-10
ACC1278,API_Access,59,2026-05-04
ACC1201,Bulk_Upload,80,2026-04-15
ACC1380,Bulk_Upload,66,2026-05-05
ACC1256,Team_Collab,27,2026-04-18
ACC1222,Report_Gen,16,2026-04-08
ACC1316,Dashboard,39,2026-04-07
ACC1183,Report_Gen,55,2026-05-04
ACC1208,Team_Collab,57,2026-04-26
ACC1112,Dashboard,41,2026-04-24
ACC1055,Team_Collab,57,2026-04-20
ACC1248,Dashboard,12,2026-04-29
ACC1014,Dashboard,76,2026-04-07
ACC1085,Team_Collab,100,2026-04-17
ACC1307,Report_Gen,97,2026-04-10
ACC1222,Bulk_Upload,13,2026-05-03
ACC1472,Bulk_Upload,85,2026-04-07
ACC1271,API_Access,14,2026-04-22
ACC1281,Dashboard,68,2026-04-16
ACC1090,Report_Gen,94,2026-04-22
ACC1461,API_Access,99,2026-04-17
ACC1473,Report_Gen,41,2026-04-30
ACC1460,API_Access,100,2026-04-17
ACC1151,Bulk_Upload,24,2026-04-16
ACC1062,Report_Gen,1,2026-04-08
ACC1380,Team_Collab,58,2026-04-10
ACC1048,Dashboard,14,2026-04-19
ACC1317,Report_Gen,82,2026-04-29
ACC1317,Team_Collab,28,2026-04-15
ACC1163,Bulk_Upload,68,2026-04-25
ACC1398,Dashboard,79,2026-04-22
ACC1267,Dashboard,7,2026-05-02
ACC1282,Bulk_Upload,30,2026-04-30
ACC1137,Dashboard,4,2026-04-26
ACC1290,Dashboard,20,2026-04-24
ACC1454,Team_Collab,54,2026-04-28
ACC1329,Report_Gen,34,2026-04-23
ACC1382,Dashboard,10,2026-04-15
ACC1251,Report_Gen,6,2026-05-04
ACC1482,Dashboard,58,2026-04-17
ACC1337,API_Access,43,2026-04-24
ACC1323,Bulk_Upload,47,2026-04-16
ACC1430,Bulk_Upload,21,2026-05-02
ACC1452,Report_Gen,87,2026-04-26
ACC1469,Team_Collab,68,2026-04-11
ACC1029,Report_Gen,50,2026-04-15
ACC1446,Bulk_Upload,85,2026-04-19
ACC1404,Report_Gen,88,2026-04-07
ACC1280,Report_Gen,83,2026-04-24
ACC1032,Dashboard,38,2026-04-08
ACC1136,Dashboard,63,2026-04-21
ACC1429,Bulk_Upload,26,2026-04-13
ACC1057,Dashboard,37,2026-04-18
ACC1314,Report_Gen,90,2026-04-08
ACC1392,Report_Gen,22,2026-05-04
ACC1114,Team_Collab,32,2026-04-23
ACC1130,Bulk_Upload,73,2026-04-16
ACC1121,Report_Gen,72,2026-04-10
ACC1248,Dashboard,19,2026-04-13
ACC1482,API_Access,74,2026-04-10
ACC1456,Report_Gen,56,2026-04-10
ACC1306,Bulk_Upload,31,2026-04-17
ACC1335,Report_Gen,87,2026-05-03
ACC1422,Report_Gen,25,2026-04-08
ACC1021,Team_Collab,58,2026-04-26
ACC1386,Dashboard,86,2026-04-08
ACC1275,Dashboard,38,2026-04-10
ACC1167,Bulk_Upload,55,2026-04-17
ACC1179,Dashboard,99,2026-04-10
ACC1107,Dashboard,36,2026-04-09
ACC1194,Bulk_Upload,34,2026-05-04
ACC1226,Dashboard,16,2026-04-28
ACC1433,Dashboard,97,2026-04-15
ACC1366,Report_Gen,6,2026-05-02
ACC1144,Bulk_Upload,4,2026-04-12
ACC1415,Bulk_Upload,63,2026-04-07
ACC1423,API_Access,52,2026-04-28
ACC1422,API_Access,98,2026-04-09
ACC1256,Report_Gen,43,2026-04-20
ACC1489,Bulk_Upload,74,2026-04-27
ACC1320,Bulk_Upload,43,2026-04-08
ACC1097,API_Access,69,2026-05-03
ACC1392,Dashboard,100,2026-04-30
ACC1098,Team_Collab,79,2026-05-02
ACC1479,Team_Collab,60,2026-04-25
ACC1373,API_Access,20,2026-04-21
ACC1168,Dashboard,43,2026-04-24
ACC1159,Team_Collab,41,2026-04-09
ACC1499,Team_Collab,87,2026-04-28
ACC1054,Team_Collab,41,2026-04-06
ACC1427,Bulk_Upload,32,2026-04-18
ACC1428,Team_Collab,54,2026-05-02
ACC1185,Report_Gen,19,2026-04-09
ACC1135,API_Access,57,2026-05-04
ACC1486,Bulk_Upload,1,2026-04-24
ACC1138,Team_Collab,78,2026-04-16
ACC1058,Team_Collab,24,2026-04-21
ACC1407,Dashboard,36,2026-04-21
ACC1007,Report_Gen,81,2026-04-29
ACC1207,Report_Gen,78,2026-04-14
ACC1067,Bulk_Upload,77,2026-04-22
ACC1133,Team_Collab,51,2026-05-02
ACC1180,Report_Gen,66,2026-05-04
ACC1186,API_Access,98,2026-04-17
ACC1369,Dashboard,25,2026-04-16
ACC1159,Dashboard,6,2026-04-14
ACC1465,Report_Gen,95,2026-04-21
ACC1010,Bulk_Upload,10,2026-05-02
ACC1321,Team_Collab,59,2026-04-26
ACC1115,Bulk_Upload,57,2026-04-11
ACC1108,API_Access,87,2026-04-20
ACC1298,Report_Gen,82,2026-04-11
ACC1341,Report_Gen,2,2026-05-05
ACC1120,Report_Gen,20,2026-04-29
ACC1189,API_Access,76,2026-04-07
ACC1486,Team_Collab,2,2026-04-26
ACC1006,Dashboard,84,2026-04-21
ACC1353,Bulk_Upload,68,2026-04-26
ACC1123,Team_Collab,60,2026-05-05
ACC1426,API_Access,94,2026-04-10
ACC1208,Bulk_Upload,66,2026-04-12
ACC1363,API_Access,91,2026-05-01
ACC1311,Dashboard,86,2026-04-24
ACC1317,Report_Gen,60,2026-05-04
ACC1387,Team_Collab,11,2026-04-12
ACC1196,Bulk_Upload,82,2026-05-03
ACC1339,Dashboard,59,2026-04-25
ACC1336,Report_Gen,93,2026-05-05
ACC1357,Dashboard,74,2026-04-23
ACC1233,Team_Collab,95,2026-04-22
ACC1354,Team_Collab,54,2026-04-19
ACC1431,Dashboard,33,2026-04-11
ACC1381,API_Access,85,2026-05-04
ACC1437,Report_Gen,84,2026-04-22
ACC1286,Team_Collab,85,2026-04-22
ACC1480,API_Access,23,2026-04-27
ACC1147,Report_Gen,71,2026-05-01
ACC1017,API_Access,29,2026-04-27
ACC1052,Dashboard,45,2026-04-08
ACC1078,Team_Collab,41,2026-04-15
ACC1279,Dashboard,49,2026-04-16
ACC1373,Bulk_Upload,26,2026-04-20
ACC1062,Dashboard,65,2026-04-26
ACC1205,Report_Gen,62,2026-04-28
ACC1281,API_Access,38,2026-04-30
ACC1090,API_Access,54,2026-04-18
ACC1458,Team_Collab,97,2026-05-02
ACC1070,Team_Collab,100,2026-04-07
ACC1176,Bulk_Upload,3,2026-05-01
ACC1230,Dashboard,92,2026-04-25
ACC1161,Team_Collab,5,2026-04-12
ACC1341,Bulk_Upload,74,2026-04-15
ACC1151,Report_Gen,19,2026-04-27
ACC1103,Bulk_Upload,4,2026-04-21
ACC1145,Report_Gen,79,2026-05-05
ACC1379,Bulk_Upload,66,2026-04-27
ACC1012,Report_Gen,18,2026-04-20
ACC1131,Bulk_Upload,12,2026-04-23
ACC1241,Report_Gen,10,2026-04-09
ACC1410,Bulk_Upload,72,2026-04-10
ACC1419,Team_Collab,24,2026-04-15
ACC1451,Dashboard,67,2026-04-14
ACC1437,API_Access,86,2026-04-06
ACC1091,Report_Gen,24,2026-04-23
ACC1283,Team_Collab,10,2026-04-24
ACC1179,Report_Gen,93,2026-04-23
ACC1322,Team_Collab,66,2026-04-10
ACC1377,Dashboard,8,2026-04-08
ACC1459,Team_Collab,75,2026-05-05
ACC1204,API_Access,8,2026-05-02
ACC1451,Dashboard,19,2026-04-22
ACC1116,Bulk_Upload,57,2026-05-04
ACC1232,Bulk_Upload,7,2026-04-10
ACC1114,Team_Collab,68,2026-04-07
ACC1322,Report_Gen,63,2026-04-07
ACC1461,Report_Gen,94,2026-04-12
ACC1049,Team_Collab,82,2026-05-04
ACC1403,Report_Gen,27,2026-05-05
ACC1064,Team_Collab,64,2026-04-16
ACC1191,API_Access,21,2026-04-07
ACC1426,Dashboard,80,2026-04-24
ACC1292,Dashboard,6,2026-04-17
ACC1172,API_Access,71,2026-04-10
ACC1177,Team_Collab,60,2026-04-15
ACC1285,Team_Collab,5,2026-04-25
ACC1062,Report_Gen,75,2026-04-25
ACC1243,Report_Gen,82,2026-05-01
ACC1008,API_Access,60,2026-04-26
ACC1165,Report_Gen,49,2026-04-09
ACC1345,Team_Collab,74,2026-04-23
ACC1065,Bulk_Upload,39,2026-04-26
ACC1318,Team_Collab,61,2026-04-18
ACC1191,Bulk_Upload,96,2026-04-10
ACC1159,Team_Collab,51,2026-04-28
ACC1437,API_Access,4,2026-04-22
ACC1219,API_Access,66,2026-04-30
ACC1249,API_Access,12,2026-04-09
ACC1199,Bulk_Upload,68,2026-04-25
ACC1268,Bulk_Upload,62,2026-05-02
ACC1095,API_Access,64,2026-04-22
ACC1456,Team_Collab,55,2026-04-11
ACC1498,API_Access,29,2026-04-18
ACC1231,API_Access,97,2026-04-11
ACC1273,Team_Collab,84,2026-04-11
ACC1386,Team_Collab,100,2026-04-24
ACC1376,Report_Gen,41,2026-04-18
ACC1022,Bulk_Upload,21,2026-05-03
ACC1089,Bulk_Upload,23,2026-04-16
ACC1182,API_Access,76,2026-04-19
ACC1495,API_Access,94,2026-04-29
ACC1370,Report_Gen,51,2026-04-12
ACC1223,Bulk_Upload,64,2026-04-27
ACC1294,Report_Gen,84,2026-04-30
ACC1037,Team_Collab,18,2026-04-23
ACC1473,Team_Collab,40,2026-04-22
ACC1483,Team_Collab,11,2026-04-16
ACC1196,API_Access,85,2026-04-22
ACC1432,API_Access,72,2026-04-21
ACC1111,API_Access,84,2026-04-17
ACC1377,Team_Collab,12,2026-04-13
ACC1374,Dashboard,45,2026-05-05
ACC1015,Dashboard,87,2026-04-30
ACC1250,API_Access,75,2026-04-10
ACC1251,Bulk_Upload,61,2026-04-20
ACC1348,Bulk_Upload,21,2026-04-25
ACC1225,Dashboard,16,2026-04-20
ACC1421,Report_Gen,59,2026-05-04
ACC1055,API_Access,65,2026-04-19
ACC1035,Team_Collab,52,2026-04-23
ACC1099,API_Access,66,2026-05-04
ACC1188,Team_Collab,23,2026-04-19
ACC1329,Team_Collab,23,2026-04-16
ACC1352,API_Access,73,2026-04-14
ACC1211,Dashboard,84,2026-04-24
ACC1352,API_Access,33,2026-04-06
ACC1461,Report_Gen,42,2026-04-23
ACC1132,Report_Gen,93,2026-04-27
ACC1274,Team_Collab,48,2026-04-16
ACC1192,Team_Collab,17,2026-04-24
ACC1071,API_Access,100,2026-05-02
ACC1252,API_Access,64,2026-04-18
ACC1380,Team_Collab,67,2026-04-28
ACC1323,Report_Gen,55,2026-04-28
ACC1191,Team_Collab,22,2026-04-26
ACC1427,Bulk_Upload,11,2026-04-08
ACC1132,API_Access,26,2026-04-24
ACC1111,Report_Gen,7,2026-05-03
ACC1250,Dashboard,53,2026-04-28
ACC1112,Bulk_Upload,23,2026-04-07
ACC1141,Dashboard,90,2026-04-19
ACC1295,Dashboard,33,2026-04-20
ACC1283,Dashboard,48,2026-04-10
ACC1463,Team_Collab,90,2026-04-21
ACC1276,Bulk_Upload,44,2026-04-27
ACC1165,API_Access,3,2026-04-17
ACC1246,Dashboard,57,2026-04-06
ACC1091,Report_Gen,21,2026-04-29
ACC1159,Dashboard,86,2026-04-06
ACC1141,Bulk_Upload,46,2026-04-27
ACC1473,Dashboard,34,2026-04-24
ACC1170,Report_Gen,95,2026-04-22
ACC1029,Dashboard,98,2026-04-16
ACC1074,Dashboard,45,2026-05-05
ACC1203,Team_Collab,7,2026-04-26
ACC1092,Report_Gen,6,2026-04-25
ACC1309,API_Access,41,2026-04-18
ACC1160,Bulk_Upload,12,2026-04-17
ACC1339,Bulk_Upload,13,2026-04-23
ACC1447,API_Access,100,2026-04-17
ACC1085,API_Access,42,2026-05-01
ACC1490,Report_Gen,69,2026-04-15
ACC1046,Team_Collab,45,2026-04-16
ACC1112,Bulk_Upload,47,2026-04-19
ACC1041,Dashboard,68,2026-04-14
ACC1459,API_Access,22,2026-04-25
ACC1367,Bulk_Upload,11,2026-04-16
ACC1087,API_Access,59,2026-04-23
ACC1204,API_Access,2,2026-04-23
ACC1342,Dashboard,56,2026-04-09
ACC1478,Report_Gen,60,2026-04-28
ACC1028,Bulk_Upload,50,2026-04-27
ACC1086,Team_Collab,54,2026-04-23
ACC1127,Report_Gen,70,2026-04-15
ACC1145,Team_Collab,57,2026-05-05
ACC1370,Report_Gen,42,2026-04-18
ACC1206,Report_Gen,8,2026-04-15
ACC1454,API_Access,76,2026-04-25
ACC1361,Bulk_Upload,11,2026-04-12
ACC1050,Dashboard,73,2026-05-05
ACC1167,Bulk_Upload,21,2026-04-21
ACC1469,Report_Gen,51,2026-05-02
ACC1059,Bulk_Upload,56,2026-04-07
ACC1227,API_Access,15,2026-04-30
ACC1202,Dashboard,89,2026-04-27
ACC1197,Dashboard,74,2026-04-26
ACC1196,Report_Gen,95,2026-04-09
ACC1469,Dashboard,100,2026-05-03
ACC1036,API_Access,68,2026-04-28
ACC1383,API_Access,70,2026-04-16
ACC1252,Team_Collab,55,2026-04-16
ACC1217,Team_Collab,2,2026-04-16
ACC1494,Team_Collab,27,2026-04-26
ACC1330,Dashboard,97,2026-04-24
ACC1286,API_Access,52,2026-05-05
ACC1329,Report_Gen,75,2026-04-24
ACC1148,Report_Gen,15,2026-04-06
ACC1257,Bulk_Upload,71,2026-04-07
ACC1351,Report_Gen,45,2026-04-10
ACC1458,API_Access,21,2026-04-15
ACC1412,Dashboard,48,2026-04-24
ACC1389,Report_Gen,86,2026-04-09
ACC1442,Dashboard,22,2026-04-08
ACC1366,Bulk_Upload,89,2026-04-14
ACC1380,Dashboard,81,2026-04-11
ACC1261,API_Access,28,2026-05-02
ACC1162,Bulk_Upload,20,2026-05-05
ACC1344,Team_Collab,59,2026-04-26
ACC1322,API_Access,48,2026-04-20
ACC1087,Report_Gen,41,2026-04-28
ACC1197,API_Access,3,2026-04-13
ACC1137,Report_Gen,91,2026-04-14
ACC1216,API_Access,93,2026-04-18
ACC1274,Team_Collab,66,2026-04-18
ACC1208,Team_Collab,50,2026-05-05
ACC1474,Team_Collab,20,2026-04-20
ACC1252,Bulk_Upload,16,2026-04-30
ACC1219,API_Access,68,2026-04-25
ACC1330,Bulk_Upload,76,2026-04-16
ACC1443,Bulk_Upload,31,2026-04-23
ACC1150,Dashboard,76,2026-04-14
ACC1427,Team_Collab,43,2026-04-20
ACC1414,Dashboard,57,2026-04-14
ACC1402,Bulk_Upload,62,2026-04-08
ACC1271,Bulk_Upload,52,2026-05-02
ACC1088,API_Access,2,2026-05-04
ACC1428,Dashboard,22,2026-04-24
ACC1048,Dashboard,17,2026-05-05
ACC1404,Team_Collab,8,2026-04-10
ACC1102,Dashboard,1,2026-04-27
ACC1363,API_Access,50,2026-04-20
ACC1324,Team_Collab,55,2026-04-30
ACC1479,API_Access,93,2026-04-25
ACC1152,Dashboard,34,2026-05-05
ACC1145,API_Access,96,2026-04-24
ACC1058,Dashboard,39,2026-05-01
ACC1257,Team_Collab,31,2026-04-24
ACC1185,Team_Collab,61,2026-04-17
ACC1283,Bulk_Upload,72,2026-04-30
ACC1165,Report_Gen,17,2026-04-16
ACC1393,Dashboard,65,2026-04-10
ACC1101,Dashboard,12,2026-04-29
ACC1488,Report_Gen,36,2026-04-27
ACC1332,Report_Gen,51,2026-04-25
ACC1202,Team_Collab,83,2026-04-08
ACC1138,Bulk_Upload,93,2026-04-16
ACC1000,Dashboard,73,2026-04-25
ACC1170,Team_Collab,94,2026-05-01
ACC1213,Dashboard,89,2026-04-09
ACC1381,Bulk_Upload,35,2026-04-23
ACC1460,Report_Gen,80,2026-04-10
ACC1448,API_Access,47,2026-04-08
ACC1233,Dashboard,25,2026-04-17
ACC1471,Report_Gen,94,2026-04-08
ACC1410,Bulk_Upload,12,2026-04-29
ACC1172,API_Access,40,2026-04-09
ACC1022,API_Access,48,2026-04-23
ACC1218,Team_Collab,100,2026-04-07
ACC1045,API_Access,68,2026-04-13
ACC1426,Dashboard,53,2026-04-20
ACC1106,Report_Gen,99,2026-04-26
ACC1320,Bulk_Upload,95,2026-04-27
ACC1467,Dashboard,92,2026-04-30
ACC1428,Team_Collab,95,2026-04-06
ACC1406,Report_Gen,12,2026-04-27
ACC1484,API_Access,24,2026-04-15
ACC1406,Report_Gen,60,2026-04-12
ACC1494,API_Access,5,2026-04-22
ACC1214,Dashboard,63,2026-04-23
ACC1481,API_Access,61,2026-04-30
ACC1056,Report_Gen,49,2026-04-09
ACC1164,Bulk_Upload,51,2026-04-12
ACC1440,Bulk_Upload,5,2026-04-22
ACC1309,Bulk_Upload,6,2026-04-21
ACC1107,Bulk_Upload,27,2026-04-10
ACC1293,Dashboard,20,2026-05-01
ACC1254,Bulk_Upload,35,2026-04-08
ACC1050,Team_Collab,73,2026-04-20
ACC1188,Team_Collab,79,2026-04-29
ACC1204,Bulk_Upload,53,2026-04-13
ACC1142,API_Access,88,2026-04-14
ACC1386,Report_Gen,16,2026-04-09
ACC1057,API_Access,62,2026-04-22
ACC1253,Team_Collab,31,2026-04-06
ACC1449,Bulk_Upload,47,2026-04-08
ACC1228,Dashboard,51,2026-05-01
ACC1291,Dashboard,53,2026-04-16
ACC1146,API_Access,25,2026-04-07
ACC1232,Dashboard,94,2026-04-06
ACC1219,Dashboard,31,2026-04-21
ACC1460,API_Access,23,2026-04-07
ACC1345,Bulk_Upload,21,2026-04-12
ACC1288,Report_Gen,35,2026-04-08
ACC1331,Report_Gen,37,2026-05-05
ACC1255,Dashboard,97,2026-04-10
ACC1285,Report_Gen,22,2026-04-21
ACC1065,Bulk_Upload,88,2026-04-16
ACC1039,Dashboard,2,2026-04-15
ACC1395,Bulk_Upload,82,2026-04-13
ACC1273,Bulk_Upload,31,2026-04-15
ACC1120,API_Access,15,2026-04-14
ACC1406,API_Access,79,2026-04-22
ACC1406,Team_Collab,58,2026-04-19
ACC1496,Team_Collab,3,2026-04-21
ACC1073,API_Access,93,2026-04-28
ACC1394,Bulk_Upload,22,2026-04-29
ACC1112,API_Access,23,2026-04-27
ACC1361,Dashboard,12,2026-04-19
ACC1403,API_Access,36,2026-05-01
ACC1079,Report_Gen,79,2026-04-09
ACC1369,Report_Gen,25,2026-04-24
ACC1210,API_Access,93,2026-04-15
ACC1448,Dashboard,86,2026-05-02
ACC1155,Team_Collab,67,2026-04-29
ACC1495,Report_Gen,1,2026-04-17
ACC1162,Report_Gen,23,2026-04-15
ACC1071,Dashboard,5,2026-04-19
ACC1074,Team_Collab,38,2026-04-07
ACC1055,Dashboard,9,2026-04-25
ACC1219,API_Access,92,2026-04-09
ACC1399,Dashboard,16,2026-04-19
ACC1498,API_Access,69,2026-04-15
ACC1311,Bulk_Upload,93,2026-04-25
ACC1426,Team_Collab,90,2026-04-29
ACC1408,Team_Collab,27,2026-04-17
ACC1195,Report_Gen,96,2026-04-06
ACC1042,Dashboard,89,2026-04-13
ACC1031,Bulk_Upload,57,2026-04-06
ACC1392,Report_Gen,36,2026-05-03
ACC1111,API_Access,61,2026-04-25
ACC1164,Team_Collab,90,2026-04-06
ACC1099,Bulk_Upload,24,2026-04-14
ACC1120,Team_Collab,27,2026-04-30
ACC1462,Team_Collab,85,2026-04-08
ACC1126,Bulk_Upload,31,2026-04-11
ACC1122,Dashboard,83,2026-04-15
ACC1499,API_Access,25,2026-04-06
ACC1233,API_Access,66,2026-05-02
ACC1410,Dashboard,92,2026-04-08
ACC1092,Report_Gen,57,2026-04-24
ACC1330,Bulk_Upload,81,2026-04-29
ACC1358,Dashboard,54,2026-04-25
ACC1137,Team_Collab,4,2026-04-09
ACC1259,Bulk_Upload,12,2026-05-05
ACC1014,Dashboard,31,2026-04-10
ACC1045,API_Access,42,2026-04-08
ACC1203,Team_Collab,19,2026-04-28
ACC1482,API_Access,86,2026-04-10
ACC1094,API_Access,44,2026-04-11
ACC1191,Bulk_Upload,64,2026-04-12
ACC1453,API_Access,75,2026-04-11
ACC1012,Bulk_Upload,25,2026-04-14
ACC1392,Bulk_Upload,21,2026-04-18
ACC1309,Bulk_Upload,74,2026-05-02
ACC1283,Report_Gen,96,2026-04-18
ACC1396,Report_Gen,80,2026-05-03
ACC1491,Team_Collab,17,2026-04-09
ACC1326,Dashboard,8,2026-04-29
ACC1127,Team_Collab,1,2026-04-07
ACC1112,Team_Collab,18,2026-04-21
ACC1130,Bulk_Upload,95,2026-04-19
ACC1092,API_Access,97,2026-04-06
ACC1116,Report_Gen,88,2026-04-21
ACC1142,Dashboard,43,2026-04-30
ACC1237,API_Access,24,2026-04-21
ACC1087,Bulk_Upload,27,2026-04-12
ACC1315,API_Access,42,2026-04-21
ACC1023,Dashboard,62,2026-04-20
ACC1373,Dashboard,22,2026-04-28
ACC1434,API_Access,16,2026-04-10
ACC1113,Dashboard,67,2026-04-29
ACC1362,Report_Gen,45,2026-04-09
ACC1009,Report_Gen,57,2026-04-10
ACC1206,Bulk_Upload,30,2026-05-04
ACC1481,API_Access,26,2026-04-21
ACC1139,Team_Collab,2,2026-04-18
ACC1304,Dashboard,39,2026-04-15
ACC1136,Report_Gen,13,2026-05-01
ACC1450,Dashboard,71,2026-04-07
ACC1204,Bulk_Upload,15,2026-04-12
ACC1251,Team_Collab,62,2026-04-14
ACC1488,Team_Collab,20,2026-04-19
ACC1125,Team_Collab,54,2026-05-01
ACC1428,Report_Gen,8,2026-04-24
ACC1220,Report_Gen,43,2026-04-28
ACC1151,Dashboard,15,2026-04-23
ACC1477,Bulk_Upload,30,2026-04-28
ACC1086,Team_Collab,83,2026-04-25
ACC1098,Dashboard,9,2026-04-28
ACC1104,Team_Collab,90,2026-04-14
ACC1090,Team_Collab,25,2026-05-01
ACC1468,Bulk_Upload,22,2026-04-09
ACC1209,Team_Collab,33,2026-04-11
ACC1113,Report_Gen,64,2026-04-08
ACC1278,Report_Gen,36,2026-04-07
ACC1079,Bulk_Upload,8,2026-04-22
ACC1210,Team_Collab,75,2026-04-12
ACC1098,Report_Gen,73,2026-04-21
ACC1086,Report_Gen,100,2026-04-29
ACC1476,Report_Gen,53,2026-05-03
ACC1025,Team_Collab,100,2026-04-28
ACC1050,Report_Gen,85,2026-04-17
ACC1287,Bulk_Upload,11,2026-05-03
ACC1438,Bulk_Upload,99,2026-05-03
ACC1414,Bulk_Upload,69,2026-04-27
ACC1290,Report_Gen,49,2026-04-17
ACC1389,Report_Gen,90,2026-04-28
ACC1247,Team_Collab,71,2026-04-18
ACC1306,Dashboard,77,2026-05-02
ACC1260,API_Access,63,2026-04-19
ACC1368,Report_Gen,70,2026-04-21
ACC1325,Bulk_Upload,43,2026-04-25
ACC1060,Bulk_Upload,98,2026-04-15
ACC1279,API_Access,34,2026-04-09
ACC1071,Dashboard,26,2026-04-09
ACC1061,API_Access,89,2026-04-27
ACC1354,Dashboard,27,2026-04-19
ACC1085,Report_Gen,2,2026-04-11
ACC1434,Report_Gen,38,2026-04-16
ACC1040,Team_Collab,17,2026-04-08
ACC1404,Report_Gen,26,2026-04-20
ACC1221,Bulk_Upload,99,2026-05-05
ACC1173,API_Access,42,2026-04-14
ACC1286,Report_Gen,3,2026-04-07
ACC1015,API_Access,54,2026-04-22
ACC1289,Report_Gen,50,2026-04-24
ACC1085,Team_Collab,46,2026-04-30
ACC1054,Report_Gen,13,2026-04-26
ACC1005,API_Access,28,2026-04-27
ACC1032,Report_Gen,36,2026-04-29
ACC1390,Team_Collab,77,2026-04-19
ACC1134,Report_Gen,70,2026-04-09
ACC1358,Bulk_Upload,43,2026-04-23
ACC1234,Report_Gen,44,2026-04-08
ACC1013,Bulk_Upload,66,2026-05-02
ACC1071,Team_Collab,9,2026-04-19
ACC1237,Dashboard,8,2026-04-27
ACC1432,Team_Collab,69,2026-04-15
ACC1010,Team_Collab,66,2026-04-12
ACC1226,Bulk_Upload,88,2026-05-02
ACC1478,Report_Gen,65,2026-04-17
ACC1074,API_Access,65,2026-04-25
ACC1002,API_Access,68,2026-04-14
ACC1040,Team_Collab,49,2026-04-17
ACC1137,Report_Gen,67,2026-04-20
ACC1210,Team_Collab,98,2026-04-20
ACC1199,API_Access,72,2026-04-07
ACC1019,Bulk_Upload,53,2026-04-10
ACC1308,Report_Gen,8,2026-04-06
ACC1222,Dashboard,29,2026-05-04
ACC1499,Team_Collab,49,2026-04-09
ACC1415,Report_Gen,87,2026-04-25
ACC1144,Team_Collab,25,2026-04-18
ACC1362,Bulk_Upload,3,2026-04-30
ACC1435,Bulk_Upload,19,2026-04-10
ACC1084,Team_Collab,58,2026-04-25
ACC1224,Bulk_Upload,69,2026-04-23
ACC1220,Report_Gen,10,2026-04-29
ACC1408,Dashboard,73,2026-04-19
ACC1394,Report_Gen,93,2026-04-21
ACC1008,Dashboard,65,2026-04-27
ACC1275,Bulk_Upload,52,2026-05-05
ACC1177,Bulk_Upload,17,2026-04-12
ACC1292,Dashboard,80,2026-05-03
ACC1019,API_Access,24,2026-04-20
ACC1001,Bulk_Upload,6,2026-04-08
ACC1214,API_Access,60,2026-05-04
ACC1051,Bulk_Upload,97,2026-05-02
ACC1242,Dashboard,58,2026-04-19
ACC1030,Report_Gen,39,2026-04-09
ACC1068,API_Access,81,2026-04-27
ACC1080,Team_Collab,42,2026-04-21
ACC1229,API_Access,77,2026-04-30
ACC1218,API_Access,63,2026-04-26
ACC1398,Bulk_Upload,37,2026-04-11
ACC1480,API_Access,85,2026-04-13
ACC1297,API_Access,96,2026-04-19
ACC1119,Team_Collab,46,2026-04-17
ACC1249,API_Access,66,2026-04-10
ACC1263,Report_Gen,72,2026-04-07
ACC1271,Team_Collab,82,2026-04-19
ACC1185,Dashboard,18,2026-04-22
ACC1014,Dashboard,46,2026-04-23
ACC1468,API_Access,43,2026-04-24
ACC1334,Bulk_Upload,87,2026-04-12
ACC1080,Bulk_Upload,29,2026-05-05
ACC1216,Bulk_Upload,52,2026-04-23
ACC1366,Report_Gen,55,2026-04-22
ACC1245,Team_Collab,95,2026-04-19
ACC1473,Report_Gen,51,2026-04-24
ACC1496,Dashboard,37,2026-05-03
ACC1079,Dashboard,46,2026-04-06
ACC1110,Bulk_Upload,21,2026-04-06
ACC1437,API_Access,31,2026-04-20
ACC1132,Dashboard,27,2026-05-03
ACC1365,Bulk_Upload,59,2026-04-13
ACC1099,Team_Collab,43,2026-04-19
ACC1474,Team_Collab,78,2026-04-28
ACC1123,Dashboard,94,2026-04-13
ACC1169,Report_Gen,86,2026-04-22
ACC1149,Team_Collab,22,2026-05-01
ACC1118,API_Access,69,2026-05-04
ACC1007,Dashboard,2,2026-04-23
ACC1079,Dashboard,79,2026-04-13
ACC1154,Team_Collab,71,2026-04-23
ACC1127,Report_Gen,24,2026-04-23
ACC1296,Report_Gen,8,2026-04-13
ACC1031,Dashboard,87,2026-04-10
ACC1058,Bulk_Upload,78,2026-04-07
ACC1267,Team_Collab,26,2026-04-12
ACC1289,Team_Collab,43,2026-04-06
ACC1031,Report_Gen,29,2026-04-10
ACC1103,Team_Collab,74,2026-04-17
ACC1325,Dashboard,91,2026-04-24
ACC1440,Dashboard,23,2026-05-02
ACC1424,API_Access,80,2026-04-18
ACC1131,Report_Gen,23,2026-04-10
ACC1163,Report_Gen,29,2026-05-05
ACC1484,Bulk_Upload,73,2026-05-04
ACC1185,Bulk_Upload,38,2026-04-18
ACC1371,Bulk_Upload,27,2026-04-29
ACC1119,Report_Gen,74,2026-04-12
ACC1144,API_Access,16,2026-04-12
ACC1351,Report_Gen,8,2026-05-01
ACC1055,Bulk_Upload,92,2026-04-30
ACC1016,Team_Collab,22,2026-04-11
ACC1106,Team_Collab,15,2026-04-19
ACC1216,Team_Collab,65,2026-04-18
ACC1140,API_Access,54,2026-05-01
ACC1286,Dashboard,31,2026-05-04
ACC1296,Dashboard,14,2026-04-12
ACC1207,Dashboard,11,2026-04-27
ACC1088,Dashboard,76,2026-04-13
ACC1092,API_Access,42,2026-04-19
ACC1181,Team_Collab,35,2026-04-12
ACC1390,Report_Gen,14,2026-05-01
ACC1169,API_Access,31,2026-04-24
ACC1447,Team_Collab,88,2026-04-22
ACC1493,Report_Gen,86,2026-04-07
ACC1455,Bulk_Upload,86,2026-04-17
ACC1311,Dashboard,57,2026-04-17
ACC1051,Dashboard,62,2026-04-28
ACC1374,API_Access,83,2026-04-27
ACC1242,Team_Collab,82,2026-04-17
ACC1467,Bulk_Upload,25,2026-04-13
ACC1126,Dashboard,44,2026-04-30
ACC1025,API_Access,53,2026-05-04
ACC1365,Dashboard,67,2026-04-16
ACC1076,Team_Collab,18,2026-04-29
ACC1025,Team_Collab,17,2026-04-21
ACC1120,Bulk_Upload,28,2026-04-14
ACC1364,API_Access,23,2026-05-03
ACC1367,Dashboard,21,2026-04-13
ACC1013,Report_Gen,78,2026-04-07
ACC1219,Team_Collab,27,2026-04-16
ACC1239,Bulk_Upload,1,2026-04-23
ACC1112,API_Access,1,2026-04-11
ACC1255,Bulk_Upload,37,2026-04-18
ACC1425,Bulk_Upload,80,2026-04-25
ACC1219,Team_Collab,74,2026-04-08
ACC1103,API_Access,1,2026-04-13
ACC1365,Dashboard,56,2026-04-25
ACC1071,Bulk_Upload,46,2026-05-03
ACC1370,Dashboard,85,2026-04-27
ACC1135,API_Access,69,2026-04-25
ACC1176,Team_Collab,94,2026-04-30
ACC1324,Dashboard,1,2026-04-17
ACC1132,API_Access,93,2026-04-30
ACC1342,Report_Gen,3,2026-04-27
ACC1160,Bulk_Upload,60,2026-04-20
ACC1340,Bulk_Upload,6,2026-05-03
ACC1404,Bulk_Upload,79,2026-04-26
ACC1184,Team_Collab,54,2026-04-17
ACC1299,Dashboard,73,2026-05-01
ACC1416,Dashboard,61,2026-04-16
ACC1208,API_Access,57,2026-04-10
ACC1093,Bulk_Upload,14,2026-04-10
ACC1203,Report_Gen,46,2026-05-01
ACC1329,Report_Gen,43,2026-04-18
ACC1234,API_Access,22,2026-04-23
ACC1432,API_Access,1,2026-05-03
ACC1078,Dashboard,75,2026-05-03
ACC1136,Team_Collab,50,2026-04-10
ACC1128,API_Access,64,2026-04-22
ACC1036,Bulk_Upload,51,2026-04-20
ACC1154,Bulk_Upload,61,2026-04-10
ACC1488,Report_Gen,97,2026-04-18
ACC1071,Team_Collab,21,2026-04-28
ACC1433,Dashboard,52,2026-04-14
ACC1475,Bulk_Upload,21,2026-05-04
ACC1095,Team_Collab,2,2026-04-15
ACC1417,Dashboard,73,2026-04-28
ACC1076,API_Access,87,2026-04-29
ACC1032,Team_Collab,48,2026-04-14
ACC1000,API_Access,76,2026-05-01
ACC1344,Bulk_Upload,97,2026-04-09
ACC1161,Team_Collab,39,2026-04-30
ACC1134,Report_Gen,43,2026-04-17
ACC1138,Report_Gen,71,2026-04-14
ACC1181,Team_Collab,43,2026-04-14
ACC1173,Dashboard,43,2026-04-17
ACC1174,Dashboard,11,2026-04-23
ACC1442,Report_Gen,74,2026-04-27
ACC1360,API_Access,14,2026-04-26
ACC1414,Team_Collab,91,2026-04-30
ACC1049,Report_Gen,75,2026-04-26
ACC1106,Bulk_Upload,49,2026-04-06
ACC1491,Bulk_Upload,94,2026-04-22
ACC1062,Dashboard,40,2026-05-01
ACC1201,Dashboard,50,2026-04-23
ACC1359,Dashboard,98,2026-05-05
ACC1098,API_Access,12,2026-04-13
ACC1296,API_Access,67,2026-04-21
ACC1185,API_Access,49,2026-04-13
ACC1087,Dashboard,46,2026-04-14
ACC1197,Report_Gen,38,2026-05-05
ACC1222,Bulk_Upload,20,2026-04-06
ACC1381,API_Access,45,2026-04-07
ACC1139,Report_Gen,96,2026-04-24
ACC1354,Team_Collab,15,2026-04-19
ACC1423,Bulk_Upload,47,2026-04-21
ACC1121,Bulk_Upload,19,2026-04-29
ACC1316,Dashboard,15,2026-04-21
ACC1151,Report_Gen,43,2026-04-12
ACC1003,Dashboard,73,2026-04-25
ACC1055,Dashboard,27,2026-04-23
ACC1184,Report_Gen,47,2026-05-02
ACC1284,Dashboard,94,2026-04-16
ACC1378,Dashboard,65,2026-05-05
ACC1032,Bulk_Upload,84,2026-04-09
ACC1457,Dashboard,22,2026-04-20
ACC1363,API_Access,40,2026-04-26
ACC1270,Team_Collab,72,2026-04-26
ACC1345,Bulk_Upload,18,2026-04-17
ACC1020,Dashboard,29,2026-04-15
ACC1008,Report_Gen,42,2026-05-04
ACC1296,Bulk_Upload,14,2026-04-23
ACC1112,Team_Collab,43,2026-04-15
ACC1428,Bulk_Upload,45,2026-04-09
ACC1331,Report_Gen,33,2026-04-16
ACC1080,Dashboard,46,2026-04-23
ACC1319,Team_Collab,37,2026-04-28
ACC1458,API_Access,63,2026-04-26
ACC1489,Bulk_Upload,14,2026-04-17
ACC1179,Report_Gen,97,2026-05-01
ACC1399,Team_Collab,55,2026-04-24
ACC1063,Team_Collab,54,2026-04-26
ACC1380,Bulk_Upload,87,2026-05-02
ACC1075,Team_Collab,91,2026-04-26
ACC1241,API_Access,9,2026-04-15
ACC1434,API_Access,30,2026-04-30
ACC1187,Dashboard,14,2026-04-27
ACC1099,API_Access,74,2026-04-20
ACC1165,Team_Collab,4,2026-04-18
ACC1334,Report_Gen,10,2026-04-25
ACC1464,API_Access,24,2026-04-22
ACC1485,API_Access,7,2026-05-03
ACC1214,Report_Gen,26,2026-04-26
ACC1085,API_Access,45,2026-04-07
ACC1016,Report_Gen,66,2026-04-11
ACC1372,Team_Collab,99,2026-04-15
ACC1330,Report_Gen,68,2026-04-28
ACC1430,Bulk_Upload,1,2026-04-29
ACC1365,Bulk_Upload,21,2026-04-13
ACC1415,Team_Collab,54,2026-04-29
ACC1178,Bulk_Upload,43,2026-05-05
ACC1251,Team_Collab,71,2026-04-08
ACC1262,API_Access,41,2026-04-21
ACC1337,Dashboard,49,2026-05-02
ACC1300,Team_Collab,56,2026-04-24
ACC1331,API_Access,91,2026-04-17
ACC1217,Report_Gen,59,2026-04-21
ACC1393,API_Access,74,2026-04-21
ACC1090,Dashboard,67,2026-04-16
ACC1298,Report_Gen,4,2026-04-22
ACC1184,API_Access,48,2026-04-20
ACC1286,Dashboard,95,2026-04-07
ACC1144,Dashboard,94,2026-04-26
ACC1468,API_Access,12,2026-04-15
ACC1004,Bulk_Upload,56,2026-04-22
ACC1129,Team_Collab,93,2026-04-19
ACC1462,Bulk_Upload,74,2026-04-06
ACC1259,API_Access,91,2026-04-09
ACC1190,API_Access,88,2026-04-22
ACC1472,Report_Gen,51,2026-04-20
ACC1429,Report_Gen,41,2026-04-10
ACC1428,API_Access,13,2026-04-29
ACC1185,Team_Collab,42,2026-04-13
ACC1134,Team_Collab,59,2026-05-04
ACC1279,Report_Gen,18,2026-04-11
ACC1418,Dashboard,35,2026-04-14
ACC1368,Team_Collab,42,2026-04-13
ACC1361,Bulk_Upload,22,2026-04-15
ACC1284,Team_Collab,2,2026-04-24
ACC1150,Report_Gen,15,2026-04-25
ACC1129,Report_Gen,55,2026-04-08
ACC1456,Dashboard,76,2026-05-05
ACC1112,API_Access,19,2026-04-25
ACC1201,Dashboard,42,2026-04-29
ACC1448,Report_Gen,100,2026-05-05
ACC1341,Bulk_Upload,40,2026-05-02
ACC1304,Report_Gen,64,2026-04-11
ACC1213,Report_Gen,63,2026-04-08
ACC1127,Dashboard,17,2026-04-21
ACC1279,Report_Gen,56,2026-04-11
ACC1459,API_Access,96,2026-04-27
ACC1078,Report_Gen,34,2026-04-30
ACC1433,API_Access,16,2026-04-17
ACC1297,Dashboard,66,2026-04-27
ACC1368,API_Access,94,2026-04-14
ACC1375,API_Access,2,2026-04-20
ACC1237,Bulk_Upload,80,2026-04-06
ACC1021,Dashboard,24,2026-04-07
ACC1275,API_Access,41,2026-04-16
ACC1168,API_Access,8,2026-04-22
ACC1177,Report_Gen,64,2026-04-26
ACC1415,Team_Collab,24,2026-04-17
ACC1210,Bulk_Upload,94,2026-04-17
ACC1202,Report_Gen,29,2026-04-23
ACC1029,Bulk_Upload,39,2026-04-22
ACC1083,Report_Gen,81,2026-04-15
ACC1110,Bulk_Upload,26,2026-04-22
ACC1222,Dashboard,22,2026-04-27
ACC1345,API_Access,96,2026-05-04
ACC1310,Bulk_Upload,47,2026-04-29
ACC1466,API_Access,63,2026-05-03
ACC1273,Report_Gen,18,2026-04-21
ACC1479,Dashboard,2,2026-04-27
ACC1339,Team_Collab,60,2026-04-11
ACC1198,Team_Collab,51,2026-04-30
ACC1455,API_Access,63,2026-04-30
ACC1466,Dashboard,35,2026-04-13
ACC1289,Report_Gen,74,2026-04-19
ACC1193,API_Access,54,2026-04-16
ACC1257,Bulk_Upload,36,2026-04-18
ACC1330,Team_Collab,16,2026-04-20
ACC1331,API_Access,52,2026-05-03
ACC1088,Report_Gen,29,2026-04-14
ACC1078,Report_Gen,62,2026-04-30
ACC1005,Report_Gen,49,2026-05-01
ACC1110,Bulk_Upload,47,2026-05-02
ACC1242,Team_Collab,43,2026-04-20
ACC1454,Dashboard,94,2026-04-19
ACC1449,Dashboard,87,2026-05-01
ACC1206,Team_Collab,88,2026-04-16
ACC1240,Bulk_Upload,62,2026-04-12
ACC1087,Team_Collab,42,2026-05-05
ACC1425,API_Access,52,2026-04-17
ACC1343,Report_Gen,64,2026-04-25
ACC1356,Team_Collab,45,2026-04-20
ACC1429,API_Access,58,2026-05-04
ACC1233,Dashboard,52,2026-04-22
ACC1391,API_Access,9,2026-04-27
ACC1006,API_Access,20,2026-05-01
ACC1489,Team_Collab,38,2026-04-15
ACC1124,API_Access,100,2026-05-03
ACC1110,API_Access,21,2026-04-10
ACC1309,Dashboard,15,2026-04-12
ACC1069,Report_Gen,46,2026-04-30
ACC1306,Bulk_Upload,74,2026-04-06
ACC1351,Team_Collab,31,2026-04-18
ACC1382,API_Access,84,2026-04-24
ACC1344,API_Access,92,2026-04-17
ACC1217,API_Access,10,2026-04-29
ACC1486,Dashboard,78,2026-04-06
ACC1064,Report_Gen,1,2026-04-16
ACC1190,Dashboard,88,2026-04-16
ACC1366,Report_Gen,11,2026-04-21
ACC1118,API_Access,15,2026-05-05
ACC1344,Team_Collab,32,2026-04-17
ACC1453,Dashboard,67,2026-04-10
ACC1051,Team_Collab,50,2026-05-05
ACC1183,Dashboard,50,2026-05-02
ACC1438,Dashboard,85,2026-04-17
ACC1026,Team_Collab,77,2026-05-02
ACC1117,Bulk_Upload,19,2026-04-07
ACC1469,API_Access,90,2026-04-09
ACC1298,Report_Gen,73,2026-04-17
ACC1322,Report_Gen,16,2026-04-10
ACC1482,Team_Collab,46,2026-05-03
ACC1198,Bulk_Upload,31,2026-05-02
ACC1492,Bulk_Upload,26,2026-04-22
ACC1114,Dashboard,89,2026-04-18
ACC1216,Report_Gen,36,2026-04-23
ACC1032,Team_Collab,46,2026-04-10
ACC1379,API_Access,40,2026-04-06
ACC1361,Bulk_Upload,21,2026-04-09
ACC1463,API_Access,98,2026-04-09
ACC1172,Report_Gen,31,2026-04-26
ACC1084,Team_Collab,40,2026-05-03
ACC1309,API_Access,60,2026-04-27
ACC1249,Report_Gen,75,2026-04-17
ACC1155,Team_Collab,29,2026-04-13
ACC1450,Bulk_Upload,29,2026-04-25
ACC1027,Team_Collab,5,2026-05-04
ACC1098,Dashboard,61,2026-04-19
ACC1076,API_Access,19,2026-04-17
ACC1359,Report_Gen,34,2026-04-21
ACC1373,Report_Gen,66,2026-04-19
ACC1117,Report_Gen,47,2026-04-24
ACC1107,Report_Gen,99,2026-04-22
ACC1079,Team_Collab,42,2026-04-11
ACC1072,API_Access,76,2026-05-02
ACC1036,Dashboard,38,2026-04-06
ACC1375,API_Access,47,2026-05-04
ACC1303,API_Access,30,2026-04-30
ACC1165,Team_Collab,10,2026-04-29
ACC1070,Dashboard,48,2026-04-23
ACC1337,API_Access,97,2026-04-08
ACC1190,Dashboard,97,2026-04-27
ACC1004,Bulk_Upload,31,2026-05-05
ACC1394,Report_Gen,49,2026-04-16
ACC1402,Bulk_Upload,56,2026-05-04
ACC1288,API_Access,39,2026-04-14
ACC1190,Bulk_Upload,89,2026-04-22
ACC1426,Report_Gen,84,2026-04-27
ACC1057,Bulk_Upload,95,2026-04-06
ACC1177,Team_Collab,29,2026-04-30
ACC1183,Team_Collab,30,2026-04-20
ACC1473,Team_Collab,17,2026-04-17
ACC1393,Team_Collab,62,2026-04-19
ACC1039,Team_Collab,72,2026-05-01
ACC1407,Report_Gen,28,2026-04-19
ACC1108,Dashboard,2,2026-05-01
ACC1008,Team_Collab,99,2026-04-30
ACC1494,API_Access,38,2026-04-12
ACC1199,Bulk_Upload,26,2026-04-07
ACC1155,Team_Collab,15,2026-04-09
ACC1024,Team_Collab,77,2026-05-04
ACC1376,Report_Gen,93,2026-05-05
ACC1172,Team_Collab,57,2026-04-10
ACC1443,Report_Gen,24,2026-04-30
ACC1263,Bulk_Upload,54,2026-05-04
ACC1102,Bulk_Upload,94,2026-04-16
ACC1302,API_Access,6,2026-05-02
ACC1439,API_Access,76,2026-04-29
ACC1424,Team_Collab,15,2026-04-17
ACC1400,API_Access,63,2026-04-28
ACC1486,API_Access,95,2026-04-30
ACC1370,Report_Gen,18,2026-04-29
ACC1282,Team_Collab,21,2026-04-16
ACC1243,API_Access,12,2026-04-16
ACC1378,API_Access,2,2026-05-04
ACC1009,Bulk_Upload,97,2026-04-08
ACC1396,Report_Gen,65,2026-05-05
ACC1259,API_Access,81,2026-04-15
ACC1265,Bulk_Upload,19,2026-04-20
ACC1472,Bulk_Upload,31,2026-04-18
ACC1400,Team_Collab,21,2026-05-03
ACC1066,Dashboard,95,2026-04-09
ACC1240,Team_Collab,11,2026-05-01
ACC1196,Bulk_Upload,81,2026-05-02
ACC1426,Report_Gen,49,2026-05-01
ACC1326,API_Access,83,2026-04-11
ACC1497,API_Access,73,2026-05-03
ACC1032,API_Access,27,2026-04-21
ACC1472,Report_Gen,7,2026-04-17
ACC1211,Dashboard,43,2026-04-11
ACC1122,Bulk_Upload,50,2026-04-19
ACC1138,Dashboard,40,2026-05-05
ACC1333,Bulk_Upload,50,2026-04-29
ACC1036,Team_Collab,74,2026-05-04
ACC1128,Dashboard,31,2026-04-13
ACC1237,Team_Collab,20,2026-04-26
ACC1270,Team_Collab,88,2026-04-29
ACC1319,Report_Gen,42,2026-05-05
ACC1144,Report_Gen,76,2026-04-09
ACC1431,Dashboard,46,2026-04-11
ACC1494,Team_Collab,54,2026-04-19
ACC1033,Report_Gen,31,2026-04-27
ACC1497,API_Access,5,2026-04-22
ACC1332,Bulk_Upload,35,2026-04-12
ACC1359,Dashboard,55,2026-04-19
ACC1133,Report_Gen,64,2026-04-25
ACC1160,Dashboard,56,2026-05-01
ACC1412,API_Access,81,2026-04-13
ACC1103,API_Access,57,2026-04-20
ACC1460,Team_Collab,58,2026-04-27
ACC1236,Team_Collab,73,2026-04-10
ACC1033,Bulk_Upload,50,2026-04-16
ACC1492,API_Access,74,2026-04-28
ACC1125,Bulk_Upload,21,2026-05-02
ACC1413,API_Access,5,2026-04-16
ACC1411,Dashboard,32,2026-04-23
ACC1230,Dashboard,94,2026-04-26
ACC1396,Dashboard,85,2026-04-21
ACC1256,Bulk_Upload,91,2026-04-12
ACC1274,API_Access,49,2026-04-10
ACC1006,API_Access,55,2026-04-25
ACC1096,Dashboard,94,2026-04-23
ACC1253,Dashboard,57,2026-04-11
ACC1236,Bulk_Upload,74,2026-04-21
ACC1147,Team_Collab,32,2026-04-29
ACC1268,Bulk_Upload,11,2026-05-01
ACC1499,Team_Collab,52,2026-04-11
ACC1127,Bulk_Upload,42,2026-05-04
ACC1028,Dashboard,38,2026-04-17
ACC1043,Report_Gen,45,2026-04-07
ACC1135,Bulk_Upload,43,2026-04-09
ACC1269,Report_Gen,48,2026-04-27
ACC1310,Report_Gen,76,2026-04-29
ACC1083,API_Access,37,2026-04-25
ACC1148,API_Access,4,2026-04-17
ACC1052,Dashboard,40,2026-04-14
ACC1034,Team_Collab,36,2026-04-30
ACC1393,API_Access,53,2026-04-11
ACC1164,Bulk_Upload,2,2026-04-26
ACC1154,Dashboard,1,2026-05-05
ACC1202,Bulk_Upload,88,2026-04-28
ACC1139,Report_Gen,9,2026-04-21
ACC1211,API_Access,71,2026-05-04
ACC1050,Report_Gen,65,2026-04-24
ACC1372,Team_Collab,28,2026-04-07
ACC1039,API_Access,33,2026-04-30
ACC1491,Team_Collab,24,2026-04-20
ACC1188,Bulk_Upload,95,2026-04-22
ACC1150,Report_Gen,16,2026-04-14
ACC1237,API_Access,85,2026-04-09
ACC1417,Report_Gen,68,2026-04-26
ACC1394,Team_Collab,68,2026-04-28
ACC1240,Team_Collab,67,2026-04-20
ACC1017,Dashboard,30,2026-04-13
ACC1374,Team_Collab,83,2026-04-14
ACC1444,Report_Gen,23,2026-04-22
ACC1097,Bulk_Upload,48,2026-04-15
ACC1127,API_Access,66,2026-04-27
ACC1165,Report_Gen,10,2026-04-27
ACC1098,API_Access,74,2026-05-05
ACC1416,Report_Gen,14,2026-05-01
ACC1071,Dashboard,96,2026-05-04
ACC1150,Team_Collab,21,2026-05-02
ACC1350,Report_Gen,30,2026-05-04
ACC1158,API_Access,52,2026-04-24
ACC1105,Dashboard,95,2026-04-28
ACC1270,Team_Collab,6,2026-05-04
ACC1428,Report_Gen,27,2026-05-05
ACC1316,Dashboard,60,2026-04-16
ACC1116,API_Access,88,2026-04-16
ACC1336,API_Access,19,2026-04-15
ACC1465,Dashboard,49,2026-04-23
ACC1128,Bulk_Upload,85,2026-04-16
ACC1058,API_Access,98,2026-04-23
ACC1441,Dashboard,75,2026-04-28
ACC1435,Report_Gen,24,2026-04-09
ACC1081,Team_Collab,97,2026-04-22
ACC1015,API_Access,99,2026-05-05
ACC1393,Report_Gen,84,2026-04-29
ACC1494,Bulk_Upload,96,2026-04-29
ACC1298,Team_Collab,13,2026-05-04
ACC1093,Team_Collab,26,2026-04-21
ACC1135,API_Access,23,2026-04-22
ACC1061,Bulk_Upload,48,2026-04-10
ACC1366,Bulk_Upload,86,2026-04-26
ACC1495,Dashboard,83,2026-04-27
ACC1202,Dashboard,27,2026-04-25
ACC1336,Report_Gen,95,2026-04-29
ACC1241,API_Access,35,2026-05-04
ACC1132,Bulk_Upload,21,2026-04-18
ACC1427,Bulk_Upload,3,2026-04-16
ACC1317,Bulk_Upload,13,2026-04-09
ACC1236,Team_Collab,22,2026-04-23
ACC1203,API_Access,71,2026-04-19
ACC1254,Bulk_Upload,100,2026-04-07
ACC1233,API_Access,13,2026-04-12
ACC1424,Dashboard,78,2026-04-14
ACC1231,Bulk_Upload,12,2026-04-13
ACC1209,Team_Collab,8,2026-04-27
ACC1346,API_Access,7,2026-04-19
ACC1391,API_Access,28,2026-04-18
ACC1338,Dashboard,91,2026-05-02
ACC1098,Dashboard,83,2026-04-15
ACC1432,Team_Collab,90,2026-04-07
ACC1334,Report_Gen,43,2026-04-14
ACC1257,Bulk_Upload,37,2026-04-12
ACC1330,Report_Gen,78,2026-04-08
ACC1380,Bulk_Upload,91,2026-04-11
ACC1482,Report_Gen,48,2026-04-24
ACC1156,Team_Collab,64,2026-04-09
ACC1301,Team_Collab,3,2026-04-12
ACC1461,Dashboard,89,2026-04-08
ACC1094,Report_Gen,80,2026-04-14
ACC1413,Team_Collab,52,2026-04-17
ACC1134,API_Access,65,2026-04-07
ACC1040,Team_Collab,58,2026-04-29
ACC1366,Dashboard,18,2026-04-14
ACC1276,Bulk_Upload,47,2026-04-30
ACC1101,Team_Collab,1,2026-05-04
ACC1098,Dashboard,89,2026-04-29
ACC1041,Team_Collab,44,2026-05-03
ACC1146,Bulk_Upload,84,2026-04-18
ACC1055,Bulk_Upload,69,2026-04-20
ACC1053,Dashboard,51,2026-04-08
ACC1283,Team_Collab,66,2026-04-11
ACC1169,API_Access,49,2026-04-23
ACC1339,Report_Gen,18,2026-04-18
ACC1023,Report_Gen,68,2026-05-01
ACC1153,Report_Gen,71,2026-04-25
ACC1290,Bulk_Upload,38,2026-04-26
ACC1062,API_Access,4,2026-04-07
ACC1344,Bulk_Upload,27,2026-04-17
ACC1233,Bulk_Upload,72,2026-04-08
ACC1115,Bulk_Upload,21,2026-04-19
ACC1234,Report_Gen,48,2026-04-14
ACC1495,Bulk_Upload,3,2026-04-07
ACC1242,API_Access,12,2026-04-07
ACC1120,Dashboard,35,2026-05-03
ACC1085,Team_Collab,77,2026-05-03
ACC1234,Bulk_Upload,11,2026-05-05
ACC1411,Report_Gen,39,2026-04-17
ACC1035,Team_Collab,42,2026-04-30
ACC1154,Report_Gen,60,2026-04-12
ACC1029,Report_Gen,32,2026-04-15
ACC1268,Bulk_Upload,97,2026-04-13
ACC1136,Report_Gen,33,2026-05-04
ACC1080,Dashboard,94,2026-04-10
ACC1248,Report_Gen,38,2026-04-18
ACC1321,Bulk_Upload,80,2026-05-02
ACC1430,Team_Collab,34,2026-04-30
ACC1281,Dashboard,39,2026-04-27
ACC1253,Dashboard,81,2026-04-28
ACC1168,Bulk_Upload,96,2026-04-28
ACC1484,Report_Gen,30,2026-04-27
ACC1134,Bulk_Upload,86,2026-04-12
ACC1258,Dashboard,74,2026-04-19
ACC1461,API_Access,76,2026-04-17
ACC1412,Dashboard,61,2026-04-13
ACC1111,Bulk_Upload,26,2026-04-28
ACC1472,Team_Collab,9,2026-04-16
ACC1242,Report_Gen,87,2026-04-16
ACC1292,API_Access,1,2026-04-09
ACC1365,Team_Collab,5,2026-04-23
ACC1272,Report_Gen,13,2026-04-18
ACC1069,Dashboard,71,2026-04-15
ACC1313,API_Access,15,2026-05-03
ACC1389,Bulk_Upload,24,2026-04-16
ACC1401,Bulk_Upload,90,2026-04-13
ACC1031,Report_Gen,69,2026-04-27
ACC1434,Report_Gen,20,2026-04-13
ACC1364,Dashboard,65,2026-04-15
ACC1137,Team_Collab,88,2026-04-08
ACC1015,Dashboard,90,2026-04-08
ACC1398,Team_Collab,35,2026-04-29
ACC1340,API_Access,17,2026-04-06
ACC1053,Report_Gen,98,2026-04-26
ACC1480,Bulk_Upload,80,2026-04-10
ACC1455,Dashboard,14,2026-04-23
ACC1385,Team_Collab,67,2026-04-08
ACC1248,Dashboard,56,2026-04-27
ACC1089,API_Access,62,2026-04-28
ACC1344,Report_Gen,33,2026-04-10
ACC1189,Bulk_Upload,11,2026-04-20
ACC1232,API_Access,23,2026-04-09
ACC1322,Dashboard,70,2026-05-05
ACC1434,Dashboard,90,2026-04-16
ACC1000,Team_Collab,63,2026-04-20
ACC1453,Dashboard,14,2026-04-10
ACC1333,Report_Gen,39,2026-04-12
ACC1087,API_Access,7,2026-04-13
ACC1254,Report_Gen,31,2026-04-25
ACC1445,Dashboard,72,2026-04-08
ACC1398,Dashboard,97,2026-04-21
ACC1068,Bulk_Upload,53,2026-04-28
ACC1391,Report_Gen,83,2026-04-15
ACC1460,Report_Gen,51,2026-05-02
ACC1492,API_Access,51,2026-04-27
ACC1143,Dashboard,3,2026-05-03
ACC1464,API_Access,27,2026-04-23
ACC1215,API_Access,26,2026-04-08
ACC1144,Dashboard,94,2026-04-19
ACC1166,Team_Collab,90,2026-04-11
ACC1069,Bulk_Upload,13,2026-04-17
ACC1437,Report_Gen,29,2026-04-06
ACC1340,Dashboard,37,2026-04-08
ACC1347,Dashboard,84,2026-04-29
ACC1295,Report_Gen,31,2026-04-10
ACC1243,Team_Collab,15,2026-04-20
ACC1189,Dashboard,51,2026-04-28
ACC1085,API_Access,71,2026-05-01
ACC1057,API_Access,82,2026-04-24
ACC1070,Report_Gen,74,2026-04-13
ACC1397,Bulk_Upload,55,2026-04-06
ACC1307,Report_Gen,51,2026-04-26
ACC1075,Team_Collab,1,2026-04-25
ACC1109,Report_Gen,45,2026-04-27
ACC1105,Bulk_Upload,25,2026-04-20
ACC1046,Team_Collab,98,2026-04-10
ACC1027,API_Access,20,2026-04-17
ACC1144,Bulk_Upload,24,2026-05-01
ACC1230,Report_Gen,14,2026-04-28
ACC1422,Report_Gen,53,2026-04-24
ACC1218,Bulk_Upload,48,2026-04-24
ACC1235,Team_Collab,34,2026-04-22
ACC1364,Report_Gen,33,2026-04-21
ACC1458,API_Access,56,2026-04-09
ACC1431,Team_Collab,18,2026-04-16
ACC1338,Report_Gen,52,2026-04-07
ACC1285,Team_Collab,41,2026-04-09
ACC1281,Dashboard,36,2026-04-22
ACC1421,API_Access,20,2026-04-16
ACC1317,Dashboard,88,2026-04-29
ACC1463,API_Access,57,2026-04-28
ACC1382,Team_Collab,94,2026-04-15
ACC1321,Dashboard,9,2026-04-10
ACC1177,Report_Gen,81,2026-04-27
ACC1385,API_Access,96,2026-04-10
ACC1225,Report_Gen,66,2026-04-30
ACC1416,Bulk_Upload,87,2026-04-11
ACC1387,Bulk_Upload,41,2026-04-13
ACC1057,Bulk_Upload,41,2026-04-16
ACC1403,Dashboard,74,2026-04-30
ACC1224,Bulk_Upload,25,2026-04-10
ACC1470,API_Access,22,2026-04-22
ACC1067,Report_Gen,93,2026-05-01
ACC1442,Dashboard,7,2026-05-03
ACC1215,Dashboard,17,2026-04-22
ACC1339,Dashboard,84,2026-05-05
ACC1054,Bulk_Upload,100,2026-04-14
ACC1091,Bulk_Upload,23,2026-04-20
ACC1294,API_Access,28,2026-05-03
ACC1340,Dashboard,1,2026-04-11
ACC1017,API_Access,90,2026-04-17
ACC1360,Team_Collab,84,2026-04-06
ACC1017,API_Access,55,2026-04-29
ACC1389,Dashboard,5,2026-04-07
ACC1305,Team_Collab,12,2026-04-24
ACC1142,API_Access,30,2026-05-01
ACC1238,API_Access,48,2026-04-13
ACC1490,Dashboard,64,2026-04-30
ACC1131,Report_Gen,83,2026-04-12
ACC1497,Bulk_Upload,34,2026-04-27
ACC1181,API_Access,100,2026-04-26
ACC1332,Report_Gen,64,2026-04-14
ACC1401,API_Access,52,2026-04-25
ACC1250,API_Access,20,2026-04-30
ACC1337,Dashboard,72,2026-04-25
ACC1201,Team_Collab,28,2026-04-30
ACC1459,Report_Gen,71,2026-04-23
ACC1399,Report_Gen,72,2026-04-17
ACC1324,API_Access,83,2026-04-15
ACC1320,Team_Collab,49,2026-04-13
ACC1110,Dashboard,61,2026-04-19
ACC1470,Team_Collab,94,2026-04-07
ACC1375,Bulk_Upload,84,2026-04-08
ACC1054,Bulk_Upload,28,2026-04-12
ACC1181,Team_Collab,30,2026-04-14
ACC1136,Team_Collab,33,2026-04-19
ACC1207,Report_Gen,87,2026-04-16
ACC1137,Report_Gen,7,2026-04-11
ACC1223,Report_Gen,70,2026-04-13
ACC1353,API_Access,26,2026-04-26
ACC1183,Bulk_Upload,36,2026-04-28
ACC1000,API_Access,10,2026-05-04
ACC1268,Dashboard,38,2026-04-25
ACC1311,Bulk_Upload,96,2026-05-02
ACC1230,Bulk_Upload,93,2026-04-13
ACC1034,API_Access,38,2026-04-27
ACC1325,Dashboard,95,2026-04-11
ACC1006,Dashboard,75,2026-04-28
ACC1470,API_Access,48,2026-04-06
ACC1186,Team_Collab,45,2026-04-09
ACC1385,Bulk_Upload,48,2026-04-27
ACC1158,Report_Gen,37,2026-04-06
ACC1229,Report_Gen,8,2026-04-10
ACC1490,Team_Collab,85,2026-04-06
ACC1166,API_Access,19,2026-04-14
ACC1040,Team_Collab,23,2026-04-10
ACC1446,Report_Gen,7,2026-04-28
ACC1472,API_Access,36,2026-04-14
ACC1439,API_Access,96,2026-04-28
ACC1043,Bulk_Upload,6,2026-04-08
ACC1297,Team_Collab,68,2026-04-18
ACC1273,Bulk_Upload,68,2026-04-19
ACC1404,Report_Gen,69,2026-04-28
ACC1129,API_Access,48,2026-04-24
ACC1162,Report_Gen,61,2026-04-21
ACC1190,API_Access,65,2026-05-03
ACC1416,Dashboard,29,2026-04-26
ACC1205,Report_Gen,62,2026-04-13
ACC1239,Bulk_Upload,99,2026-05-02
ACC1004,API_Access,46,2026-04-20
ACC1092,API_Access,79,2026-05-02
ACC1412,Dashboard,62,2026-04-09
ACC1049,Bulk_Upload,29,2026-04-18
ACC1444,Report_Gen,50,2026-04-19
ACC1464,Dashboard,14,2026-05-03
ACC1390,Team_Collab,82,2026-04-14
ACC1260,Team_Collab,88,2026-04-22
ACC1368,API_Access,80,2026-04-16
ACC1419,API_Access,10,2026-04-09
ACC1157,API_Access,98,2026-04-09
ACC1102,API_Access,45,2026-04-18
ACC1460,Bulk_Upload,67,2026-04-13
ACC1085,Bulk_Upload,89,2026-04-25
ACC1234,Team_Collab,47,2026-04-19
ACC1353,Bulk_Upload,43,2026-05-02
ACC1291,API_Access,29,2026-05-01
ACC1019,Bulk_Upload,80,2026-05-01
ACC1348,Report_Gen,68,2026-05-04
ACC1160,Bulk_Upload,77,2026-04-07
ACC1180,Report_Gen,43,2026-04-10
ACC1296,Dashboard,45,2026-04-30
ACC1168,Bulk_Upload,2,2026-05-03
ACC1230,Team_Collab,2,2026-04-14
ACC1474,Report_Gen,88,2026-04-23
ACC1258,Dashboard,99,2026-04-18
ACC1321,API_Access,54,2026-05-01
ACC1159,Dashboard,26,2026-04-21
ACC1283,Dashboard,53,2026-04-17
ACC1213,Bulk_Upload,29,2026-04-30
ACC1271,Dashboard,68,2026-04-28
ACC1337,Dashboard,65,2026-04-06
ACC1344,Bulk_Upload,41,2026-04-16
ACC1062,API_Access,74,2026-04-16
ACC1301,Team_Collab,22,2026-04-07
ACC1230,Bulk_Upload,19,2026-04-24
ACC1040,Dashboard,14,2026-04-17
ACC1432,Dashboard,19,2026-04-16
ACC1378,Dashboard,69,2026-04-06
ACC1395,Report_Gen,23,2026-04-07
ACC1004,Bulk_Upload,61,2026-04-18
ACC1202,Report_Gen,62,2026-04-18
ACC1450,API_Access,84,2026-04-13
ACC1269,Dashboard,22,2026-04-18
ACC1032,Team_Collab,27,2026-04-08
ACC1263,Dashboard,81,2026-04-25
ACC1498,Dashboard,77,2026-04-20
ACC1026,Bulk_Upload,94,2026-04-23
ACC1054,Bulk_Upload,35,2026-05-03
ACC1315,Bulk_Upload,26,2026-05-02
ACC1314,Dashboard,9,2026-04-08
ACC1251,Team_Collab,21,2026-05-03
ACC1097,Team_Collab,84,2026-04-23
ACC1074,Report_Gen,41,2026-04-28
ACC1141,Team_Collab,85,2026-04-12
ACC1065,API_Access,15,2026-04-19
ACC1062,Bulk_Upload,37,2026-04-21
ACC1270,Bulk_Upload,93,2026-04-18
ACC1021,Dashboard,73,2026-04-24
ACC1233,API_Access,97,2026-04-27
ACC1423,Team_Collab,9,2026-04-14
ACC1074,Team_Collab,12,2026-04-23
ACC1132,Team_Collab,17,2026-04-08
ACC1110,Dashboard,19,2026-04-25
ACC1344,Team_Collab,39,2026-04-16
ACC1431,API_Access,71,2026-05-05
ACC1365,Team_Collab,36,2026-05-04
ACC1474,Bulk_Upload,53,2026-04-07
ACC1115,Report_Gen,30,2026-04-18
ACC1286,API_Access,8,2026-04-20
ACC1306,API_Access,7,2026-04-15
ACC1169,Dashboard,76,2026-04-25
ACC1180,Dashboard,21,2026-05-04
ACC1395,Report_Gen,41,2026-04-17
ACC1091,API_Access,93,2026-04-09
ACC1430,API_Access,21,2026-04-07
ACC1388,Report_Gen,49,2026-04-30
ACC1103,Dashboard,45,2026-05-05
ACC1071,Team_Collab,45,2026-04-07
ACC1416,Bulk_Upload,89,2026-04-15
ACC1412,Bulk_Upload,57,2026-04-09
ACC1070,Report_Gen,87,2026-05-04
ACC1344,Dashboard,61,2026-04-21
ACC1243,Team_Collab,98,2026-04-26
ACC1425,API_Access,73,2026-04-15
ACC1293,API_Access,56,2026-04-14
ACC1190,Bulk_Upload,29,2026-04-20
ACC1363,Report_Gen,68,2026-04-20
ACC1441,Bulk_Upload,54,2026-04-10
ACC1123,Team_Collab,75,2026-04-20
ACC1184,Bulk_Upload,6,2026-04-23
ACC1247,Team_Collab,90,2026-04-21
ACC1322,Team_Collab,61,2026-04-29
ACC1371,Report_Gen,40,2026-04-18
ACC1121,Bulk_Upload,16,2026-04-24
ACC1096,Report_Gen,10,2026-05-03
ACC1462,Dashboard,96,2026-04-06
ACC1264,Report_Gen,12,2026-04-09
ACC1401,Dashboard,97,2026-04-20
ACC1024,Report_Gen,30,2026-04-27
ACC1328,Dashboard,2,2026-04-16
ACC1359,Team_Collab,8,2026-04-15
ACC1373,Dashboard,5,2026-04-07
ACC1390,Bulk_Upload,50,2026-04-19
ACC1222,Team_Collab,59,2026-04-29
ACC1293,Bulk_Upload,53,2026-04-08
ACC1418,API_Access,52,2026-04-12
ACC1303,Report_Gen,69,2026-04-19
ACC1365,Team_Collab,81,2026-04-20
ACC1103,Bulk_Upload,1,2026-05-02
ACC1066,API_Access,57,2026-04-07
ACC1009,Team_Collab,86,2026-05-05
ACC1159,Dashboard,19,2026-04-18
ACC1249,Dashboard,69,2026-04-08
ACC1047,API_Access,1,2026-05-04
ACC1105,API_Access,55,2026-04-28
ACC1144,Bulk_Upload,96,2026-04-27
ACC1402,Team_Collab,60,2026-04-17
ACC1489,Bulk_Upload,78,2026-04-07
ACC1024,Bulk_Upload,38,2026-05-04
ACC1436,Team_Collab,90,2026-04-29
ACC1254,Team_Collab,90,2026-04-23
ACC1050,API_Access,18,2026-05-04
ACC1043,Dashboard,83,2026-04-27
ACC1495,Bulk_Upload,65,2026-04-25
ACC1336,Bulk_Upload,72,2026-05-02
ACC1243,Team_Collab,86,2026-04-11
ACC1374,API_Access,15,2026-04-15
ACC1433,Dashboard,84,2026-04-21
ACC1008,Bulk_Upload,91,2026-04-15
ACC1211,Dashboard,65,2026-04-21
ACC1205,Dashboard,61,2026-05-05
ACC1304,Dashboard,22,2026-04-10
ACC1287,Team_Collab,40,2026-04-26
ACC1265,Team_Collab,12,2026-04-10
ACC1415,Team_Collab,59,2026-05-04
ACC1301,Report_Gen,73,2026-04-13
ACC1168,Bulk_Upload,64,2026-04-23
ACC1408,Team_Collab,72,2026-04-15
ACC1392,API_Access,19,2026-05-05
ACC1362,API_Access,55,2026-04-14
ACC1132,Team_Collab,7,2026-04-08
ACC1446,Bulk_Upload,82,2026-04-27
ACC1375,API_Access,17,2026-05-01
ACC1101,API_Access,56,2026-04-27
ACC1334,Bulk_Upload,99,2026-05-03
ACC1031,Dashboard,42,2026-05-01
ACC1483,Bulk_Upload,62,2026-04-30
ACC1034,Bulk_Upload,73,2026-04-08
ACC1388,API_Access,62,2026-04-09
ACC1182,Report_Gen,49,2026-04-07
ACC1316,Dashboard,17,2026-04-21
ACC1108,Dashboard,65,2026-04-22
ACC1164,Bulk_Upload,42,2026-05-05
ACC1403,API_Access,84,2026-04-12
ACC1073,Report_Gen,37,2026-04-13
ACC1175,Report_Gen,14,2026-04-17
ACC1285,Team_Collab,35,2026-04-21
ACC1206,Team_Collab,78,2026-04-10
ACC1018,Bulk_Upload,15,2026-04-24
ACC1410,Report_Gen,65,2026-04-14
ACC1433,Team_Collab,5,2026-04-30
ACC1312,API_Access,44,2026-04-23
ACC1079,Dashboard,44,2026-04-13
ACC1125,Bulk_Upload,17,2026-05-02
ACC1317,Team_Collab,32,2026-05-01
ACC1227,Bulk_Upload,5,2026-04-24
ACC1407,Dashboard,74,2026-04-27
ACC1261,Dashboard,7,2026-04-16
ACC1368,API_Access,63,2026-04-18
ACC1170,Team_Collab,13,2026-04-16
ACC1492,Report_Gen,76,2026-05-05
ACC1222,Report_Gen,2,2026-04-22
ACC1120,Dashboard,61,2026-04-20
ACC1181,Report_Gen,48,2026-05-04
ACC1346,Report_Gen,62,2026-04-17
ACC1310,Report_Gen,81,2026-04-22
ACC1001,Dashboard,40,2026-05-04
ACC1016,Bulk_Upload,39,2026-04-28
ACC1173,Report_Gen,56,2026-04-23
ACC1060,Dashboard,72,2026-05-03
ACC1034,Bulk_Upload,25,2026-05-05
ACC1481,Team_Collab,85,2026-04-18
ACC1087,Dashboard,55,2026-04-22
ACC1202,Dashboard,91,2026-04-30
ACC1226,Report_Gen,49,2026-04-25
ACC1371,API_Access,76,2026-04-08
ACC1024,API_Access,43,2026-04-18
ACC1466,Report_Gen,10,2026-05-02
ACC1398,Report_Gen,19,2026-04-19
ACC1038,Dashboard,34,2026-04-17
ACC1064,API_Access,67,2026-04-29
ACC1278,Bulk_Upload,83,2026-05-02
ACC1194,API_Access,12,2026-04-20
ACC1117,API_Access,59,2026-04-07
ACC1433,API_Access,50,2026-04-12
ACC1491,API_Access,24,2026-04-22
ACC1446,Dashboard,38,2026-05-05
ACC1446,Dashboard,86,2026-04-27
ACC1446,Dashboard,69,2026-04-20
ACC1464,Dashboard,43,2026-04-24
ACC1034,API_Access,73,2026-04-24
ACC1172,Team_Collab,15,2026-04-08
ACC1342,Dashboard,17,2026-05-04
ACC1246,Report_Gen,56,2026-05-03
ACC1057,Team_Collab,1,2026-04-30
ACC1338,API_Access,88,2026-04-06
ACC1203,Team_Collab,31,2026-04-20
ACC1096,Bulk_Upload,27,2026-04-06
ACC1113,Dashboard,48,2026-04-28
ACC1488,Report_Gen,95,2026-04-28
ACC1152,Team_Collab,73,2026-05-01
ACC1359,Team_Collab,84,2026-05-03
ACC1043,Bulk_Upload,86,2026-05-01
ACC1263,API_Access,29,2026-04-19
ACC1009,Dashboard,95,2026-04-20
ACC1099,Team_Collab,4,2026-04-13
ACC1137,Bulk_Upload,8,2026-04-29
ACC1136,Dashboard,53,2026-04-09
ACC1013,Bulk_Upload,29,2026-04-16
ACC1192,Dashboard,3,2026-05-02
ACC1056,Dashboard,14,2026-04-29
ACC1132,Report_Gen,11,2026-04-21
ACC1036,Bulk_Upload,46,2026-04-23
ACC1317,Dashboard,41,2026-04-26
ACC1420,API_Access,12,2026-04-24
ACC1447,Dashboard,14,2026-04-27
ACC1344,Team_Collab,84,2026-05-02
ACC1312,Report_Gen,85,2026-04-06
ACC1065,API_Access,96,2026-04-17
ACC1109,Bulk_Upload,53,2026-04-11
ACC1251,Bulk_Upload,46,2026-04-17
ACC1200,Team_Collab,36,2026-04-28
ACC1450,API_Access,28,2026-04-06
ACC1217,Team_Collab,86,2026-05-03
ACC1334,Bulk_Upload,84,2026-05-05
ACC1344,API_Access,81,2026-04-21
ACC1498,API_Access,24,2026-04-06
ACC1300,Report_Gen,84,2026-04-19
ACC1293,Bulk_Upload,92,2026-04-24
ACC1201,Report_Gen,58,2026-04-19
ACC1292,Team_Collab,64,2026-04-20
ACC1237,Bulk_Upload,13,2026-04-19
ACC1031,API_Access,41,2026-04-07
ACC1145,API_Access,17,2026-05-02
ACC1448,API_Access,92,2026-04-26
ACC1286,Bulk_Upload,19,2026-04-10
ACC1122,Team_Collab,85,2026-04-14
ACC1404,Report_Gen,42,2026-05-03
ACC1185,Dashboard,75,2026-05-03
ACC1100,API_Access,68,2026-04-24
ACC1001,Team_Collab,64,2026-04-14
ACC1180,Team_Collab,15,2026-04-30
ACC1275,Dashboard,30,2026-04-24
ACC1082,Bulk_Upload,79,2026-04-17
ACC1415,Dashboard,56,2026-04-25
ACC1214,Report_Gen,39,2026-05-05
ACC1044,API_Access,70,2026-04-14
ACC1375,Bulk_Upload,33,2026-04-15
ACC1146,Dashboard,10,2026-05-04
ACC1225,Report_Gen,96,2026-04-26
ACC1276,API_Access,49,2026-04-11
ACC1198,Bulk_Upload,81,2026-04-11
ACC1175,Bulk_Upload,73,2026-05-01
ACC1423,API_Access,52,2026-04-14
ACC1038,Team_Collab,5,2026-04-26
ACC1052,Team_Collab,4,2026-04-15
ACC1167,Report_Gen,28,2026-04-20
ACC1098,Report_Gen,18,2026-04-23
ACC1032,Report_Gen,42,2026-04-08
ACC1154,API_Access,20,2026-04-10
ACC1495,Dashboard,95,2026-04-17
ACC1222,Dashboard,79,2026-04-24
ACC1471,Bulk_Upload,83,2026-04-08
ACC1201,Dashboard,23,2026-04-23
ACC1370,Bulk_Upload,61,2026-04-14
ACC1325,API_Access,64,2026-04-10
ACC1049,Report_Gen,1,2026-05-05
ACC1349,Team_Collab,49,2026-04-28
ACC1102,Bulk_Upload,7,2026-04-19
ACC1042,Bulk_Upload,2,2026-04-18
ACC1257,Dashboard,91,2026-04-08
ACC1318,Bulk_Upload,92,2026-04-28
ACC1473,Report_Gen,52,2026-04-12
ACC1173,Bulk_Upload,48,2026-04-14
ACC1212,Dashboard,15,2026-04-12
ACC1162,Team_Collab,41,2026-05-02
ACC1228,API_Access,53,2026-04-15
ACC1219,Team_Collab,54,2026-04-17
ACC1228,Bulk_Upload,28,2026-04-19
ACC1105,API_Access,58,2026-04-28
ACC1165,Dashboard,96,2026-04-29
ACC1270,API_Access,85,2026-04-27
ACC1238,Dashboard,63,2026-04-10
ACC1009,API_Access,21,2026-04-09
ACC1394,Bulk_Upload,9,2026-04-24
ACC1039,Report_Gen,63,2026-04-19
ACC1499,Team_Collab,65,2026-04-27
ACC1325,API_Access,66,2026-04-16
ACC1347,Bulk_Upload,53,2026-04-18
ACC1464,Report_Gen,7,2026-04-23
ACC1184,Team_Collab,28,2026-04-17
ACC1266,Team_Collab,12,2026-04-21
ACC1421,Bulk_Upload,83,2026-04-24
ACC1030,Team_Collab,76,2026-04-08
ACC1267,Team_Collab,45,2026-04-28
ACC1340,API_Access,80,2026-04-10
ACC1404,Report_Gen,38,2026-04-28
ACC1497,Team_Collab,62,2026-05-03
ACC1194,Bulk_Upload,77,2026-04-19
ACC1017,Bulk_Upload,25,2026-04-17
ACC1187,Report_Gen,63,2026-04-22
ACC1060,Dashboard,86,2026-04-16
ACC1213,API_Access,52,2026-04-25
ACC1409,Dashboard,80,2026-04-25
ACC1108,Dashboard,47,2026-04-21
ACC1158,Dashboard,33,2026-04-06
ACC1354,Bulk_Upload,63,2026-04-08
ACC1154,Report_Gen,96,2026-04-28
ACC1250,Bulk_Upload,94,2026-04-08
ACC1490,Report_Gen,16,2026-04-12
ACC1399,Report_Gen,14,2026-04-26
ACC1130,Bulk_Upload,26,2026-04-07
ACC1433,API_Access,54,2026-05-04
ACC1235,Team_Collab,2,2026-04-13
ACC1330,API_Access,88,2026-04-17
ACC1229,Dashboard,49,2026-04-17
ACC1123,Report_Gen,47,2026-04-18
ACC1169,API_Access,89,2026-04-26
ACC1231,Bulk_Upload,100,2026-04-25
ACC1110,API_Access,71,2026-05-03
ACC1342,Report_Gen,54,2026-05-03
ACC1101,Bulk_Upload,23,2026-04-26
ACC1025,Bulk_Upload,49,2026-04-12
ACC1205,API_Access,3,2026-04-16
ACC1163,Bulk_Upload,77,2026-05-04
ACC1121,Team_Collab,59,2026-05-03
ACC1188,Dashboard,99,2026-04-24
ACC1451,Team_Collab,17,2026-04-16
ACC1058,Report_Gen,61,2026-05-02
ACC1043,API_Access,27,2026-04-19
ACC1128,Team_Collab,56,2026-04-08
ACC1129,Report_Gen,58,2026-04-30
ACC1367,API_Access,48,2026-04-13
ACC1473,Team_Collab,50,2026-04-29
ACC1264,Bulk_Upload,58,2026-04-22
ACC1333,Dashboard,20,2026-04-29
ACC1088,Bulk_Upload,27,2026-04-19
ACC1171,Report_Gen,88,2026-04-22
ACC1346,Report_Gen,91,2026-04-06
ACC1142,API_Access,100,2026-04-30
ACC1126,Dashboard,79,2026-04-27
ACC1366,Bulk_Upload,53,2026-04-25
ACC1305,Report_Gen,75,2026-04-12
ACC1182,Team_Collab,42,2026-05-04
ACC1362,Dashboard,87,2026-04-10
ACC1260,Team_Collab,20,2026-04-18
ACC1493,Team_Collab,13,2026-04-23
ACC1148,API_Access,64,2026-04-09
ACC1199,API_Access,39,2026-04-08
ACC1361,Dashboard,8,2026-04-10
ACC1444,API_Access,4,2026-04-18
ACC1139,API_Access,13,2026-04-06
ACC1008,Team_Collab,90,2026-04-12
ACC1454,API_Access,100,2026-04-16
ACC1101,Report_Gen,82,2026-04-25
ACC1292,API_Access,53,2026-04-25
ACC1092,Report_Gen,83,2026-04-16
ACC1078,Bulk_Upload,60,2026-04-06
ACC1065,API_Access,83,2026-04-12
ACC1023,Bulk_Upload,55,2026-04-12
ACC1155,API_Access,25,2026-04-23
ACC1011,API_Access,10,2026-04-26
ACC1208,API_Access,81,2026-04-19
ACC1228,Team_Collab,45,2026-04-22
ACC1023,Bulk_Upload,75,2026-04-12
ACC1418,Bulk_Upload,85,2026-04-15
ACC1226,API_Access,97,2026-05-01
ACC1388,Team_Collab,22,2026-04-12
ACC1151,Team_Collab,25,2026-04-10
ACC1206,Team_Collab,3,2026-04-13
ACC1485,Bulk_Upload,61,2026-04-27
ACC1291,API_Access,56,2026-04-12
ACC1257,Bulk_Upload,3,2026-05-01
ACC1016,Report_Gen,78,2026-05-05
ACC1332,API_Access,48,2026-04-21
ACC1291,Bulk_Upload,7,2026-04-07
ACC1315,Dashboard,52,2026-04-21
ACC1096,API_Access,62,2026-04-11
ACC1289,Bulk_Upload,17,2026-04-30
ACC1483,API_Access,33,2026-04-25
ACC1484,Report_Gen,20,2026-04-17
ACC1360,Team_Collab,78,2026-04-08
ACC1208,Dashboard,79,2026-04-23
ACC1190,Dashboard,13,2026-04-24
ACC1319,API_Access,54,2026-04-17
ACC1161,API_Access,25,2026-04-28
ACC1099,Report_Gen,53,2026-04-27
ACC1458,Team_Collab,66,2026-04-29
ACC1069,Dashboard,6,2026-04-18
ACC1009,Bulk_Upload,17,2026-04-30
ACC1217,Team_Collab,91,2026-04-26
ACC1135,Bulk_Upload,64,2026-05-05
ACC1338,Dashboard,25,2026-04-29
ACC1201,Bulk_Upload,10,2026-04-29
ACC1200,Team_Collab,4,2026-05-04
ACC1146,Bulk_Upload,66,2026-04-18
ACC1016,Team_Collab,1,2026-04-27
ACC1077,Dashboard,46,2026-04-16
ACC1412,Report_Gen,18,2026-04-22
ACC1428,Report_Gen,40,2026-04-15
ACC1298,Report_Gen,7,2026-04-25
ACC1499,API_Access,30,2026-04-29
ACC1105,Report_Gen,60,2026-05-04
ACC1292,Bulk_Upload,51,2026-05-04
ACC1191,Report_Gen,11,2026-04-19
ACC1122,Report_Gen,16,2026-05-04
ACC1472,Team_Collab,35,2026-04-12
ACC1381,Team_Collab,52,2026-04-09
ACC1014,Report_Gen,97,2026-05-05
ACC1069,API_Access,12,2026-05-04
ACC1450,API_Access,54,2026-04-11
ACC1349,Dashboard,92,2026-04-16
ACC1003,Bulk_Upload,96,2026-04-22
ACC1271,Report_Gen,89,2026-05-03
ACC1295,Team_Collab,10,2026-05-02
ACC1317,Report_Gen,60,2026-05-01
ACC1077,Report_Gen,21,2026-04-26
ACC1498,Bulk_Upload,18,2026-05-03
ACC1260,API_Access,92,2026-04-21
ACC1458,Team_Collab,46,2026-04-23
ACC1046,API_Access,85,2026-05-02
ACC1417,Bulk_Upload,14,2026-04-27
ACC1033,Dashboard,68,2026-04-16
ACC1229,API_Access,57,2026-05-01
ACC1157,API_Access,1,2026-04-18
ACC1455,Dashboard,90,2026-04-10
ACC1449,Report_Gen,72,2026-04-28
ACC1223,Report_Gen,22,2026-04-15
ACC1466,API_Access,30,2026-04-08
ACC1083,Report_Gen,54,2026-04-26
ACC1162,Team_Collab,16,2026-05-03
ACC1362,Report_Gen,28,2026-04-29
ACC1070,API_Access,27,2026-04-30
ACC1099,API_Access,65,2026-04-10
ACC1354,Team_Collab,2,2026-05-03
ACC1070,Bulk_Upload,99,2026-04-15
ACC1200,Report_Gen,21,2026-04-18
ACC1167,Dashboard,84,2026-04-14
ACC1235,Dashboard,70,2026-04-27
ACC1073,Bulk_Upload,32,2026-04-16
ACC1104,API_Access,92,2026-04-14
ACC1116,Dashboard,57,2026-04-27
ACC1390,Bulk_Upload,14,2026-04-07
ACC1100,Dashboard,66,2026-05-03
ACC1364,Dashboard,94,2026-04-09
ACC1277,API_Access,6,2026-04-11
ACC1113,Dashboard,15,2026-04-23
ACC1455,Bulk_Upload,81,2026-05-04
ACC1146,API_Access,26,2026-04-22
ACC1216,API_Access,7,2026-04-26
ACC1090,Bulk_Upload,53,2026-05-01
ACC1360,Dashboard,5,2026-04-24
ACC1248,API_Access,12,2026-04-17
ACC1213,Dashboard,78,2026-04-21
ACC1270,API_Access,8,2026-04-12
ACC1050,Bulk_Upload,70,2026-04-11
ACC1006,Dashboard,10,2026-04-27
ACC1216,Bulk_Upload,91,2026-04-18
ACC1225,API_Access,65,2026-04-08
ACC1385,Report_Gen,82,2026-04-16
ACC1153,Report_Gen,12,2026-05-03
ACC1001,Bulk_Upload,57,2026-04-07
ACC1471,Dashboard,49,2026-04-14
ACC1251,Report_Gen,9,2026-04-19
ACC1454,Team_Collab,24,2026-04-26
ACC1077,Report_Gen,4,2026-04-21
ACC1410,Bulk_Upload,22,2026-04-20
ACC1416,API_Access,100,2026-04-25
ACC1255,Team_Collab,89,2026-04-06
ACC1206,Report_Gen,19,2026-05-05
ACC1012,Report_Gen,51,2026-05-04
ACC1080,API_Access,14,2026-04-27
ACC1093,Team_Collab,26,2026-05-02
ACC1271,Team_Collab,38,2026-04-13
ACC1314,API_Access,20,2026-04-25
ACC1306,Team_Collab,69,2026-04-28
ACC1026,Team_Collab,44,2026-04-15
ACC1468,API_Access,80,2026-04-13
ACC1039,Bulk_Upload,6,2026-04-19
ACC1102,Bulk_Upload,79,2026-04-17
ACC1365,API_Access,89,2026-04-18
ACC1228,Bulk_Upload,29,2026-04-14
ACC1474,Team_Collab,75,2026-05-02
ACC1100,Report_Gen,24,2026-04-26
ACC1028,Team_Collab,74,2026-04-16
ACC1447,Dashboard,70,2026-04-26
ACC1051,Bulk_Upload,81,2026-04-06
ACC1110,Dashboard,62,2026-04-11
ACC1322,Dashboard,16,2026-04-16
ACC1375,API_Access,72,2026-04-23
ACC1473,API_Access,63,2026-04-22
ACC1388,Team_Collab,51,2026-04-08
ACC1251,Report_Gen,36,2026-04-25
ACC1206,API_Access,42,2026-05-01
ACC1067,API_Access,27,2026-04-15
ACC1397,Dashboard,97,2026-04-09
ACC1476,Dashboard,93,2026-04-30
ACC1268,Report_Gen,98,2026-04-19
ACC1370,API_Access,21,2026-05-05
ACC1178,API_Access,50,2026-04-17
ACC1271,Bulk_Upload,99,2026-04-23
ACC1487,Bulk_Upload,68,2026-04-26
ACC1211,Team_Collab,7,2026-04-14
ACC1161,Bulk_Upload,21,2026-04-25
ACC1271,API_Access,4,2026-04-21
ACC1323,Bulk_Upload,71,2026-05-04
ACC1349,Team_Collab,35,2026-04-08
ACC1375,Team_Collab,54,2026-04-29
ACC1206,API_Access,18,2026-05-04
ACC1019,Dashboard,45,2026-04-11
ACC1083,Report_Gen,18,2026-04-24
ACC1234,Team_Collab,31,2026-04-25
ACC1179,API_Access,55,2026-04-13
ACC1422,Bulk_Upload,33,2026-04-22
ACC1208,Report_Gen,35,2026-04-10
ACC1098,Bulk_Upload,26,2026-04-18
ACC1092,API_Access,53,2026-04-20
ACC1472,API_Access,68,2026-04-16
ACC1180,Report_Gen,84,2026-04-15
ACC1062,API_Access,40,2026-04-10
ACC1327,API_Access,12,2026-04-27
ACC1182,Team_Collab,25,2026-05-03
ACC1383,Report_Gen,91,2026-04-17
ACC1157,API_Access,32,2026-04-11
ACC1204,API_Access,22,2026-04-11
ACC1257,Dashboard,70,2026-04-16
ACC1495,Team_Collab,92,2026-04-20
ACC1497,Bulk_Upload,1,2026-04-11
ACC1047,Team_Collab,99,2026-05-03
ACC1062,Team_Collab,66,2026-05-02
ACC1481,Report_Gen,99,2026-04-26
ACC1314,Report_Gen,83,2026-04-11
ACC1299,Dashboard,46,2026-04-07
ACC1079,Bulk_Upload,37,2026-04-21
ACC1133,Dashboard,21,2026-04-29
ACC1016,API_Access,58,2026-04-14
ACC1197,Report_Gen,16,2026-04-15
ACC1337,Report_Gen,21,2026-04-20
ACC1421,Bulk_Upload,44,2026-05-05
ACC1115,Report_Gen,47,2026-04-08
ACC1436,Bulk_Upload,57,2026-04-15
ACC1385,Bulk_Upload,12,2026-04-13
ACC1096,Bulk_Upload,20,2026-04-18
ACC1280,Dashboard,51,2026-04-23
ACC1469,API_Access,10,2026-04-26
ACC1063,Team_Collab,54,2026-05-01
ACC1402,Report_Gen,5,2026-04-24
ACC1356,Dashboard,13,2026-04-11
ACC1344,Bulk_Upload,96,2026-04-24
ACC1204,API_Access,56,2026-04-28
ACC1409,API_Access,31,2026-04-14
ACC1392,API_Access,41,2026-04-22
ACC1190,API_Access,6,2026-04-08
ACC1307,Dashboard,86,2026-04-29
ACC1251,Report_Gen,100,2026-04-14
ACC1032,Report_Gen,80,2026-04-09
ACC1086,Bulk_Upload,30,2026-04-27
ACC1057,API_Access,75,2026-04-13
ACC1195,Dashboard,20,2026-04-10
ACC1090,Bulk_Upload,43,2026-04-23
ACC1458,API_Access,27,2026-05-02
ACC1289,Team_Collab,25,2026-04-09
ACC1245,Bulk_Upload,54,2026-04-12
ACC1352,Report_Gen,62,2026-04-06
ACC1395,Team_Collab,43,2026-04-10
ACC1401,Team_Collab,28,2026-04-09
ACC1234,Dashboard,33,2026-04-17
ACC1141,Team_Collab,14,2026-05-03
ACC1466,Report_Gen,32,2026-05-03
ACC1362,Bulk_Upload,73,2026-04-08
ACC1102,Bulk_Upload,48,2026-05-03
ACC1257,Team_Collab,51,2026-04-30
ACC1405,Report_Gen,23,2026-04-07
ACC1217,Report_Gen,64,2026-05-01
ACC1262,Team_Collab,87,2026-04-08
ACC1328,Team_Collab,73,2026-04-15
ACC1343,Dashboard,47,2026-04-21
ACC1026,Bulk_Upload,29,2026-05-05
ACC1471,Dashboard,27,2026-04-21
ACC1380,Bulk_Upload,62,2026-04-13
ACC1431,Dashboard,86,2026-04-19
ACC1365,Report_Gen,81,2026-05-04
ACC1187,Team_Collab,71,2026-04-23
ACC1207,Bulk_Upload,15,2026-04-30
ACC1362,Team_Collab,17,2026-04-14
ACC1048,Team_Collab,24,2026-04-25
ACC1031,Team_Collab,38,2026-04-07
ACC1122,Report_Gen,74,2026-04-24
ACC1398,Dashboard,74,2026-04-11
ACC1400,API_Access,75,2026-04-19
ACC1499,API_Access,86,2026-04-07
ACC1103,Dashboard,66,2026-04-15
ACC1290,Report_Gen,55,2026-04-11
ACC1449,Team_Collab,88,2026-04-07
ACC1339,Team_Collab,18,2026-04-17
ACC1448,Dashboard,69,2026-04-18
ACC1303,Dashboard,22,2026-04-25
ACC1379,Team_Collab,67,2026-04-09
ACC1212,Dashboard,52,2026-04-16
ACC1062,Report_Gen,25,2026-04-27
ACC1377,Report_Gen,70,2026-04-30
ACC1259,API_Access,91,2026-04-23
ACC1409,Dashboard,85,2026-04-15
ACC1272,Team_Collab,4,2026-04-15
ACC1264,Bulk_Upload,90,2026-04-26
ACC1088,Dashboard,57,2026-04-21
ACC1340,API_Access,92,2026-04-22
ACC1299,Report_Gen,52,2026-05-01
ACC1413,Team_Collab,43,2026-04-08
ACC1248,Report_Gen,9,2026-04-15
ACC1176,API_Access,89,2026-04-18
ACC1255,API_Access,35,2026-04-21
ACC1052,Report_Gen,41,2026-04-06
ACC1340,Dashboard,71,2026-04-29
ACC1128,API_Access,23,2026-04-09
ACC1239,Team_Collab,17,2026-05-05
ACC1100,Dashboard,25,2026-05-04
ACC1116,Dashboard,69,2026-04-23
ACC1451,Report_Gen,29,2026-04-10
ACC1240,Report_Gen,48,2026-04-08
ACC1087,Dashboard,29,2026-04-08
ACC1098,Team_Collab,37,2026-04-09
ACC1284,Dashboard,38,2026-04-15
ACC1010,Bulk_Upload,22,2026-04-20
ACC1449,Team_Collab,21,2026-04-08
ACC1151,Report_Gen,72,2026-04-14
ACC1398,API_Access,97,2026-04-10
ACC1193,Report_Gen,32,2026-04-24
ACC1145,Dashboard,50,2026-04-20
ACC1151,Dashboard,88,2026-04-09
ACC1080,Report_Gen,56,2026-04-09
ACC1154,Report_Gen,79,2026-04-16
ACC1485,Dashboard,23,2026-04-11
ACC1139,Dashboard,53,2026-05-01
ACC1168,Report_Gen,96,2026-04-30
ACC1246,Report_Gen,69,2026-05-03
ACC1243,Bulk_Upload,63,2026-04-28
ACC1270,Bulk_Upload,46,2026-04-09
ACC1265,Dashboard,100,2026-04-27
ACC1182,Bulk_Upload,28,2026-05-02
ACC1127,Bulk_Upload,51,2026-04-27
ACC1322,Bulk_Upload,44,2026-04-25
ACC1475,Report_Gen,75,2026-04-14
ACC1389,Team_Collab,61,2026-04-14
ACC1147,API_Access,15,2026-04-23
ACC1056,API_Access,29,2026-04-25
ACC1050,Team_Collab,81,2026-05-01
ACC1001,Bulk_Upload,60,2026-04-22
ACC1138,API_Access,10,2026-04-11
ACC1227,Dashboard,38,2026-05-04
ACC1374,Dashboard,27,2026-04-21
ACC1186,Team_Collab,4,2026-04-15
ACC1183,Team_Collab,32,2026-04-26
ACC1151,Dashboard,43,2026-04-20
ACC1455,Team_Collab,60,2026-04-26
ACC1022,Dashboard,47,2026-04-07
ACC1318,Report_Gen,28,2026-04-12
ACC1117,Bulk_Upload,22,2026-04-26
ACC1166,API_Access,92,2026-04-08
ACC1130,API_Access,17,2026-04-30
ACC1386,Report_Gen,89,2026-04-27
ACC1044,API_Access,28,2026-04-27
ACC1011,Dashboard,75,2026-04-14
ACC1320,Dashboard,58,2026-04-24
ACC1407,API_Access,6,2026-04-17
ACC1378,Dashboard,31,2026-04-25
ACC1366,Team_Collab,39,2026-04-15
ACC1366,Dashboard,70,2026-04-08
ACC1220,Team_Collab,34,2026-04-30
ACC1129,Team_Collab,89,2026-04-11
ACC1486,Report_Gen,57,2026-04-10
ACC1119,Report_Gen,11,2026-04-24
ACC1046,Team_Collab,7,2026-04-15
ACC1449,Bulk_Upload,48,2026-04-26
ACC1000,Dashboard,93,2026-05-01
ACC1062,Bulk_Upload,87,2026-04-17
ACC1060,API_Access,41,2026-04-12
ACC1490,API_Access,77,2026-04-10
ACC1412,Bulk_Upload,26,2026-04-07
ACC1334,Report_Gen,87,2026-04-11
ACC1307,Bulk_Upload,86,2026-04-08
ACC1251,API_Access,57,2026-05-05
ACC1148,Dashboard,17,2026-04-13
ACC1117,API_Access,73,2026-04-12
ACC1012,Dashboard,54,2026-04-26
ACC1194,Bulk_Upload,93,2026-05-03
ACC1416,Team_Collab,4,2026-05-02
ACC1087,Bulk_Upload,83,2026-04-22
ACC1049,API_Access,55,2026-04-24
ACC1138,Dashboard,65,2026-04-10
ACC1342,Report_Gen,39,2026-04-30
ACC1014,Dashboard,50,2026-04-21
ACC1089,API_Access,83,2026-04-28
ACC1177,Report_Gen,60,2026-04-24
ACC1135,Report_Gen,67,2026-05-02
ACC1416,Team_Collab,84,2026-04-30
ACC1438,Team_Collab,82,2026-04-20
ACC1154,Dashboard,96,2026-04-21
ACC1393,Team_Collab,63,2026-05-01
ACC1397,API_Access,61,2026-04-07
ACC1051,Dashboard,45,2026-04-22
ACC1265,Report_Gen,98,2026-05-04
ACC1329,API_Access,15,2026-04-26
ACC1329,Dashboard,37,2026-04-21
ACC1413,Report_Gen,91,2026-04-23
ACC1215,Team_Collab,84,2026-04-17
ACC1073,API_Access,42,2026-04-25
ACC1341,API_Access,42,2026-04-25
ACC1030,Bulk_Upload,84,2026-04-20
ACC1383,Bulk_Upload,92,2026-04-11
ACC1136,Report_Gen,11,2026-04-21
ACC1392,Dashboard,45,2026-04-25
ACC1276,Dashboard,35,2026-04-16
ACC1276,Bulk_Upload,1,2026-04-12
ACC1391,Dashboard,67,2026-04-16
ACC1348,Dashboard,35,2026-04-25
ACC1046,Team_Collab,37,2026-05-02
ACC1340,Dashboard,56,2026-04-07
ACC1046,Report_Gen,27,2026-04-16
ACC1318,Dashboard,23,2026-04-20
ACC1360,Report_Gen,56,2026-04-08
ACC1033,Team_Collab,11,2026-04-21
ACC1186,Dashboard,95,2026-04-13
ACC1324,Dashboard,92,2026-04-10
ACC1403,Dashboard,62,2026-04-06
ACC1125,API_Access,63,2026-05-05
ACC1314,Bulk_Upload,10,2026-04-26
ACC1061,Team_Collab,75,2026-04-26
ACC1217,API_Access,51,2026-04-19
ACC1132,Bulk_Upload,15,2026-04-07
ACC1174,Report_Gen,42,2026-05-03
ACC1262,Report_Gen,21,2026-05-01
ACC1337,Dashboard,3,2026-04-10
ACC1348,API_Access,35,2026-04-18
ACC1103,Team_Collab,60,2026-04-11
ACC1408,Dashboard,71,2026-04-06
ACC1436,Dashboard,10,2026-04-19
ACC1297,Team_Collab,19,2026-04-07
ACC1341,Team_Collab,88,2026-04-21
ACC1121,Team_Collab,30,2026-05-01
ACC1391,API_Access,99,2026-04-14
ACC1358,Bulk_Upload,43,2026-04-25
ACC1450,API_Access,86,2026-04-24
ACC1411,Team_Collab,15,2026-05-05
ACC1462,Team_Collab,53,2026-04-29
ACC1383,Team_Collab,32,2026-04-26
ACC1027,Bulk_Upload,46,2026-04-21
ACC1294,Team_Collab,8,2026-04-11
ACC1007,Report_Gen,18,2026-04-10
ACC1142,Team_Collab,2,2026-04-23
ACC1322,API_Access,38,2026-04-26
ACC1080,Dashboard,47,2026-04-16
ACC1286,Team_Collab,31,2026-04-25
ACC1127,Dashboard,32,2026-04-06
ACC1156,API_Access,34,2026-04-29
ACC1100,Team_Collab,54,2026-04-29
ACC1187,Dashboard,9,2026-04-24
ACC1449,API_Access,5,2026-04-27
ACC1237,Team_Collab,21,2026-04-28
ACC1191,Dashboard,13,2026-04-07
ACC1059,API_Access,28,2026-04-13
ACC1129,API_Access,36,2026-04-15
ACC1189,Bulk_Upload,60,2026-04-08
ACC1493,Bulk_Upload,66,2026-05-04
ACC1225,Report_Gen,15,2026-04-14
ACC1107,API_Access,1,2026-04-11
ACC1244,API_Access,18,2026-04-23
ACC1373,Bulk_Upload,81,2026-04-23
ACC1456,Report_Gen,56,2026-04-29
ACC1046,Report_Gen,35,2026-04-13
ACC1145,Dashboard,13,2026-04-18
ACC1369,Dashboard,11,2026-04-27
ACC1443,Report_Gen,80,2026-04-20
ACC1151,Bulk_Upload,2,2026-04-12
ACC1213,Dashboard,38,2026-04-26
ACC1320,Bulk_Upload,42,2026-05-03
ACC1303,Report_Gen,18,2026-04-21
ACC1129,Bulk_Upload,23,2026-04-18
ACC1113,API_Access,56,2026-04-09
ACC1129,Dashboard,27,2026-04-08
ACC1295,Report_Gen,85,2026-04-06
ACC1152,API_Access,52,2026-04-19
ACC1123,Team_Collab,37,2026-04-24
ACC1431,Report_Gen,57,2026-04-24
ACC1004,API_Access,51,2026-04-22
ACC1174,Dashboard,60,2026-04-29
ACC1001,Dashboard,95,2026-04-26
ACC1406,Bulk_Upload,35,2026-04-16
ACC1268,Dashboard,6,2026-04-26
ACC1380,Report_Gen,63,2026-04-30
ACC1284,Dashboard,12,2026-04-15
ACC1129,Report_Gen,75,2026-04-23
ACC1280,Dashboard,96,2026-04-14
ACC1047,API_Access,44,2026-05-01
ACC1268,Dashboard,81,2026-05-04
ACC1167,Team_Collab,20,2026-04-21
ACC1033,API_Access,20,2026-04-13
ACC1391,API_Access,29,2026-04-18
ACC1410,Dashboard,75,2026-04-20
ACC1223,Bulk_Upload,57,2026-05-04
ACC1159,Bulk_Upload,98,2026-05-01
ACC1098,Bulk_Upload,54,2026-05-04
ACC1004,Bulk_Upload,26,2026-04-24
ACC1345,Report_Gen,87,2026-04-25
ACC1428,Dashboard,88,2026-04-28
ACC1363,API_Access,41,2026-04-27
ACC1057,Bulk_Upload,69,2026-04-12
ACC1344,API_Access,47,2026-05-02
ACC1080,API_Access,83,2026-04-21
ACC1275,API_Access,54,2026-04-27
ACC1323,Team_Collab,76,2026-04-18
ACC1421,Bulk_Upload,74,2026-04-30
ACC1251,Team_Collab,93,2026-04-22
ACC1064,API_Access,39,2026-04-14
ACC1217,Bulk_Upload,76,2026-05-04
ACC1275,Dashboard,55,2026-04-23
ACC1081,Dashboard,86,2026-04-30
ACC1364,Bulk_Upload,66,2026-04-19
ACC1485,Bulk_Upload,9,2026-04-17
ACC1169,API_Access,21,2026-05-05
ACC1044,Report_Gen,83,2026-04-15
ACC1403,Team_Collab,7,2026-05-03
ACC1442,Report_Gen,12,2026-04-24
ACC1054,Bulk_Upload,61,2026-04-21
ACC1222,Team_Collab,6,2026-04-29
ACC1354,Bulk_Upload,76,2026-04-08
ACC1046,Bulk_Upload,99,2026-04-25
ACC1498,API_Access,82,2026-04-06
ACC1491,API_Access,4,2026-04-25
ACC1044,Bulk_Upload,1,2026-04-29
ACC1404,Dashboard,43,2026-04-22
ACC1291,API_Access,46,2026-04-27
ACC1031,Dashboard,75,2026-04-20
ACC1276,Dashboard,26,2026-04-23
ACC1259,Report_Gen,77,2026-04-11
ACC1289,Bulk_Upload,9,2026-04-07
ACC1089,Dashboard,6,2026-04-23
ACC1044,Dashboard,58,2026-04-24
ACC1490,API_Access,16,2026-04-24
ACC1419,Dashboard,48,2026-04-24
ACC1022,Dashboard,25,2026-04-09
ACC1323,Team_Collab,5,2026-04-27
ACC1118,Team_Collab,15,2026-04-22
ACC1439,API_Access,53,2026-04-14
ACC1132,Report_Gen,44,2026-04-24
ACC1336,Bulk_Upload,12,2026-04-19
ACC1189,Team_Collab,19,2026-05-01
ACC1134,Dashboard,51,2026-04-26
ACC1389,Team_Collab,62,2026-04-12
ACC1212,Dashboard,83,2026-04-13
ACC1089,Dashboard,87,2026-04-07
ACC1221,API_Access,26,2026-05-02
ACC1388,API_Access,95,2026-04-20
ACC1030,Bulk_Upload,95,2026-04-13
ACC1045,Dashboard,25,2026-05-02
ACC1300,API_Access,41,2026-05-02
ACC1376,Report_Gen,4,2026-04-23
ACC1038,Report_Gen,48,2026-04-11
ACC1015,API_Access,4,2026-04-19
ACC1209,Report_Gen,7,2026-04-10
ACC1003,Report_Gen,16,2026-04-12
ACC1352,Dashboard,1,2026-04-28
ACC1302,Report_Gen,89,2026-04-07
ACC1496,API_Access,50,2026-04-21
ACC1362,Dashboard,92,2026-04-24
ACC1167,API_Access,25,2026-04-21
ACC1291,Report_Gen,62,2026-04-30
ACC1200,API_Access,68,2026-04-19
ACC1286,Report_Gen,18,2026-04-09
ACC1112,Team_Collab,9,2026-04-25
ACC1343,Bulk_Upload,33,2026-05-03
ACC1339,Bulk_Upload,22,2026-04-16
ACC1283,API_Access,44,2026-04-23
ACC1371,Bulk_Upload,26,2026-05-05
ACC1124,Team_Collab,43,2026-05-04
ACC1233,Bulk_Upload,48,2026-04-26
ACC1193,Team_Collab,53,2026-04-13
ACC1070,API_Access,69,2026-05-01
ACC1475,Team_Collab,18,2026-04-06
ACC1280,Dashboard,20,2026-04-09
ACC1499,Dashboard,86,2026-04-26
ACC1445,Team_Collab,21,2026-04-24
ACC1172,API_Access,22,2026-04-27
ACC1173,API_Access,79,2026-04-27
ACC1280,API_Access,65,2026-04-18
ACC1136,Bulk_Upload,99,2026-04-17
ACC1143,Team_Collab,19,2026-04-29
ACC1322,API_Access,48,2026-04-20
ACC1323,Team_Collab,47,2026-04-10
ACC1222,API_Access,10,2026-04-07
ACC1127,Bulk_Upload,38,2026-04-17
ACC1162,Bulk_Upload,40,2026-04-12
ACC1203,Bulk_Upload,49,2026-04-07
ACC1236,Bulk_Upload,79,2026-05-01
ACC1035,API_Access,12,2026-04-14
ACC1315,Report_Gen,30,2026-04-13
ACC1062,Team_Collab,90,2026-05-01
ACC1301,Report_Gen,37,2026-04-15
ACC1186,API_Access,22,2026-04-17
ACC1247,Team_Collab,70,2026-04-22
ACC1226,Bulk_Upload,91,2026-04-07
ACC1346,Bulk_Upload,20,2026-04-17
ACC1428,API_Access,62,2026-04-20
ACC1427,Dashboard,1,2026-04-15
ACC1064,Bulk_Upload,85,2026-04-11
ACC1133,Team_Collab,91,2026-04-27
ACC1100,API_Access,16,2026-04-24
ACC1065,API_Access,37,2026-04-08
ACC1328,Report_Gen,53,2026-04-09
ACC1332,Team_Collab,11,2026-04-24
ACC1260,Team_Collab,36,2026-04-26
ACC1316,API_Access,81,2026-04-10
ACC1435,Team_Collab,27,2026-05-05
ACC1019,API_Access,53,2026-04-08
ACC1022,Bulk_Upload,72,2026-04-30
ACC1480,Report_Gen,97,2026-04-13
ACC1316,Report_Gen,87,2026-04-20
ACC1082,Bulk_Upload,86,2026-05-04
ACC1155,Team_Collab,29,2026-04-19
ACC1256,Report_Gen,35,2026-04-17
ACC1497,Report_Gen,35,2026-04-26
ACC1495,Dashboard,45,2026-04-17
ACC1437,Report_Gen,100,2026-05-01
ACC1052,API_Access,38,2026-04-11
ACC1085,Dashboard,22,2026-04-22
ACC1362,Report_Gen,74,2026-04-21
ACC1069,Report_Gen,75,2026-04-29
ACC1398,Dashboard,1,2026-04-12
ACC1467,Team_Collab,58,2026-04-24
ACC1255,Report_Gen,88,2026-04-16
ACC1051,Dashboard,13,2026-04-21
ACC1001,Dashboard,27,2026-04-11
ACC1036,Dashboard,84,2026-05-01
ACC1264,API_Access,90,2026-04-23
ACC1327,Dashboard,24,2026-04-30
ACC1192,API_Access,44,2026-04-23
ACC1297,Dashboard,2,2026-05-03
ACC1294,Dashboard,79,2026-04-14
ACC1464,API_Access,72,2026-04-13
ACC1346,Team_Collab,65,2026-05-03
ACC1267,Bulk_Upload,64,2026-04-17
ACC1487,API_Access,92,2026-04-13
ACC1139,Bulk_Upload,14,2026-04-06
ACC1433,Dashboard,40,2026-04-11
ACC1177,Team_Collab,91,2026-05-02
ACC1426,Report_Gen,5,2026-04-21
ACC1484,API_Access,60,2026-04-13
ACC1205,Team_Collab,31,2026-04-26
ACC1304,Dashboard,11,2026-04-27
ACC1331,Report_Gen,37,2026-04-15
ACC1204,Team_Collab,95,2026-04-15
ACC1323,Team_Collab,66,2026-04-22
ACC1082,API_Access,42,2026-04-25
ACC1181,Dashboard,77,2026-04-28
ACC1041,Team_Collab,70,2026-05-05
ACC1222,Bulk_Upload,17,2026-04-18
ACC1492,Team_Collab,28,2026-04-16
ACC1105,API_Access,8,2026-04-15
ACC1198,Team_Collab,69,2026-04-15
ACC1033,Dashboard,8,2026-04-10
ACC1157,Team_Collab,43,2026-04-08
ACC1236,Bulk_Upload,1,2026-05-05
ACC1173,Bulk_Upload,100,2026-04-20
ACC1344,Bulk_Upload,7,2026-05-04
ACC1392,Dashboard,72,2026-04-10
ACC1358,Dashboard,33,2026-04-08
ACC1268,Bulk_Upload,19,2026-05-05
ACC1356,Dashboard,27,2026-04-17
ACC1012,Dashboard,40,2026-04-07
ACC1416,Bulk_Upload,5,2026-04-18
ACC1391,Report_Gen,77,2026-04-17
ACC1486,Team_Collab,46,2026-04-07
ACC1329,Report_Gen,25,2026-04-17
ACC1245,Dashboard,52,2026-04-19
ACC1175,Team_Collab,23,2026-04-27
ACC1035,Dashboard,17,2026-04-07
ACC1310,Bulk_Upload,86,2026-04-27
ACC1091,Bulk_Upload,48,2026-04-25
ACC1309,Team_Collab,46,2026-04-27
ACC1223,Dashboard,18,2026-04-06
ACC1332,Team_Collab,2,2026-05-04
ACC1366,Report_Gen,89,2026-05-04
ACC1221,Bulk_Upload,57,2026-04-20
ACC1180,Dashboard,20,2026-04-16
ACC1110,API_Access,34,2026-05-02
ACC1375,Team_Collab,99,2026-04-26
ACC1315,API_Access,70,2026-04-09
ACC1360,Bulk_Upload,70,2026-04-25
ACC1474,Bulk_Upload,34,2026-05-04
ACC1370,Team_Collab,21,2026-04-27
ACC1179,API_Access,93,2026-04-26
ACC1018,Report_Gen,17,2026-04-27
ACC1126,Report_Gen,73,2026-05-01
ACC1037,API_Access,8,2026-04-24
ACC1368,Report_Gen,5,2026-05-05
ACC1064,Team_Collab,96,2026-04-17
ACC1321,Bulk_Upload,36,2026-04-07
ACC1035,API_Access,62,2026-04-11
ACC1388,Dashboard,37,2026-04-07
ACC1317,Team_Collab,15,2026-04-12
ACC1203,API_Access,36,2026-04-27
ACC1117,Team_Collab,71,2026-05-03
ACC1361,Dashboard,10,2026-04-25
ACC1473,Bulk_Upload,100,2026-04-09
ACC1263,Report_Gen,35,2026-05-03
ACC1470,Report_Gen,46,2026-04-28
ACC1273,Dashboard,73,2026-04-26
ACC1081,API_Access,95,2026-04-17
ACC1116,API_Access,93,2026-04-30
ACC1279,Dashboard,80,2026-04-12
ACC1015,Dashboard,27,2026-04-08
ACC1209,Bulk_Upload,56,2026-04-08
ACC1362,Bulk_Upload,79,2026-04-07
ACC1219,Team_Collab,38,2026-04-15
ACC1009,Bulk_Upload,7,2026-04-15
ACC1011,Report_Gen,98,2026-04-22
ACC1460,Report_Gen,38,2026-04-10
ACC1129,API_Access,90,2026-04-10
ACC1137,Bulk_Upload,13,2026-05-03
ACC1335,Dashboard,38,2026-04-22
ACC1393,Team_Collab,30,2026-04-20
ACC1214,Report_Gen,73,2026-05-02
ACC1460,Dashboard,24,2026-04-19
ACC1062,Report_Gen,21,2026-04-10
ACC1027,Team_Collab,94,2026-04-25
ACC1095,Report_Gen,89,2026-04-25
ACC1101,API_Access,85,2026-04-29
ACC1312,Bulk_Upload,63,2026-04-11
ACC1489,API_Access,40,2026-04-08
ACC1024,Bulk_Upload,80,2026-04-11
ACC1320,Report_Gen,55,2026-04-07
ACC1400,Bulk_Upload,93,2026-04-09
ACC1252,API_Access,51,2026-04-06
ACC1083,Team_Collab,28,2026-04-15
ACC1472,API_Access,84,2026-04-20
ACC1029,Report_Gen,91,2026-04-22
ACC1070,Dashboard,100,2026-04-23
ACC1346,Dashboard,16,2026-04-26
ACC1021,Team_Collab,72,2026-04-28
ACC1394,Bulk_Upload,10,2026-04-30
ACC1323,Team_Collab,6,2026-05-01
ACC1337,API_Access,38,2026-04-19
ACC1095,Dashboard,20,2026-04-28
ACC1393,Report_Gen,56,2026-05-05
ACC1461,Report_Gen,75,2026-04-08
ACC1330,Bulk_Upload,100,2026-04-28
ACC1069,API_Access,89,2026-04-23
ACC1246,Bulk_Upload,14,2026-04-09
ACC1004,Dashboard,17,2026-04-10
ACC1139,Bulk_Upload,8,2026-05-01
ACC1016,API_Access,88,2026-04-18
ACC1130,Bulk_Upload,82,2026-04-28
ACC1143,Bulk_Upload,15,2026-05-04
ACC1359,Bulk_Upload,59,2026-04-24
ACC1090,Report_Gen,16,2026-04-19
ACC1039,Team_Collab,85,2026-04-22
ACC1127,Bulk_Upload,31,2026-04-19
ACC1377,API_Access,19,2026-04-08
ACC1364,Team_Collab,56,2026-04-18
ACC1018,API_Access,24,2026-04-11
ACC1465,Dashboard,38,2026-05-04
ACC1277,API_Access,21,2026-04-30
ACC1172,Dashboard,52,2026-04-15
ACC1016,API_Access,92,2026-04-27
ACC1094,Dashboard,39,2026-04-25
ACC1334,Report_Gen,28,2026-04-23
ACC1261,Bulk_Upload,66,2026-04-14
ACC1218,Dashboard,35,2026-04-23
ACC1063,Team_Collab,20,2026-04-15
ACC1115,Team_Collab,56,2026-04-11
ACC1468,Dashboard,87,2026-04-17
ACC1090,Report_Gen,88,2026-04-27
ACC1442,Team_Collab,51,2026-05-03
ACC1101,Team_Collab,30,2026-05-01
ACC1083,API_Access,6,2026-04-20
ACC1069,Dashboard,2,2026-04-21
ACC1174,Bulk_Upload,66,2026-04-30
ACC1037,Bulk_Upload,85,2026-04-20
ACC1243,API_Access,62,2026-04-10
ACC1344,API_Access,56,2026-04-18
ACC1189,Dashboard,45,2026-04-13
ACC1448,Dashboard,60,2026-05-03
ACC1012,Bulk_Upload,34,2026-04-12
ACC1084,Dashboard,32,2026-05-01
ACC1483,Team_Collab,78,2026-04-28
ACC1259,Bulk_Upload,87,2026-05-02
ACC1386,Team_Collab,71,2026-05-05
ACC1427,Team_Collab,38,2026-04-16
ACC1490,Team_Collab,42,2026-05-04
ACC1239,Dashboard,85,2026-05-03
ACC1058,Report_Gen,68,2026-04-22
ACC1387,Report_Gen,85,2026-04-26
ACC1173,Team_Collab,67,2026-04-25
ACC1244,Team_Collab,31,2026-04-20
ACC1163,Dashboard,10,2026-04-08
ACC1106,Bulk_Upload,56,2026-04-08
ACC1097,Dashboard,98,2026-04-12
ACC1163,Team_Collab,2,2026-04-24
ACC1018,Team_Collab,66,2026-04-27
ACC1463,API_Access,27,2026-04-13
ACC1112,Dashboard,98,2026-04-18
ACC1463,API_Access,98,2026-04-08
ACC1088,Team_Collab,41,2026-04-17
ACC1103,Bulk_Upload,82,2026-05-05
ACC1117,API_Access,88,2026-04-15
ACC1459,API_Access,86,2026-04-17
ACC1399,API_Access,24,2026-04-27
ACC1264,Team_Collab,14,2026-04-15
ACC1090,Dashboard,47,2026-04-28
ACC1126,Dashboard,42,2026-04-12
ACC1406,Bulk_Upload,68,2026-04-27
ACC1430,Dashboard,65,2026-04-06
ACC1004,Bulk_Upload,87,2026-05-01
ACC1340,API_Access,30,2026-04-27
ACC1335,Report_Gen,100,2026-04-17
ACC1333,Report_Gen,19,2026-04-15
ACC1360,Bulk_Upload,27,2026-04-23
ACC1137,Team_Collab,24,2026-04-24
ACC1207,Dashboard,22,2026-04-07
ACC1132,Team_Collab,19,2026-04-26
ACC1299,Dashboard,67,2026-04-20
ACC1473,Dashboard,81,2026-05-04
ACC1361,Dashboard,35,2026-05-01
ACC1117,Dashboard,56,2026-04-21
ACC1256,Bulk_Upload,31,2026-04-06
ACC1176,Bulk_Upload,3,2026-05-03
ACC1047,Report_Gen,54,2026-04-23
ACC1094,Report_Gen,91,2026-04-23
ACC1411,Team_Collab,9,2026-04-29
ACC1450,Team_Collab,66,2026-04-14
ACC1486,Team_Collab,98,2026-05-04
ACC1368,API_Access,64,2026-05-04
ACC1473,Bulk_Upload,61,2026-04-15
ACC1408,Team_Collab,15,2026-04-14
ACC1401,Dashboard,93,2026-04-23
ACC1019,Bulk_Upload,98,2026-04-09
ACC1129,Dashboard,69,2026-04-13
ACC1287,Dashboard,74,2026-04-14
ACC1228,API_Access,39,2026-04-28
ACC1330,Bulk_Upload,27,2026-04-30
ACC1262,Team_Collab,43,2026-05-02
ACC1104,API_Access,30,2026-04-14
ACC1136,API_Access,1,2026-04-28
ACC1382,Dashboard,14,2026-05-02
ACC1415,Dashboard,21,2026-04-18
ACC1165,Team_Collab,4,2026-04-06
ACC1000,Bulk_Upload,1,2026-04-29
ACC1351,Bulk_Upload,33,2026-04-25
ACC1365,API_Access,95,2026-04-17
ACC1397,Team_Collab,88,2026-04-17
ACC1314,Dashboard,58,2026-04-22
ACC1025,Report_Gen,42,2026-04-10
ACC1392,Report_Gen,24,2026-04-21
ACC1093,Dashboard,78,2026-04-08
ACC1213,API_Access,31,2026-04-16
ACC1034,Team_Collab,22,2026-04-09
ACC1360,Report_Gen,90,2026-04-21
ACC1194,API_Access,32,2026-04-21
ACC1123,Report_Gen,72,2026-05-03
ACC1277,Report_Gen,53,2026-04-09
ACC1366,Report_Gen,96,2026-04-15
ACC1311,Team_Collab,11,2026-04-13
ACC1098,Bulk_Upload,100,2026-04-18
ACC1041,Bulk_Upload,18,2026-04-20
ACC1238,Dashboard,79,2026-04-09
ACC1017,API_Access,72,2026-04-28
ACC1465,API_Access,81,2026-04-26
ACC1297,Dashboard,4,2026-04-11
ACC1173,Bulk_Upload,69,2026-04-22
ACC1136,Report_Gen,40,2026-04-08
ACC1387,Report_Gen,31,2026-04-11
ACC1328,API_Access,22,2026-04-09
ACC1202,Bulk_Upload,91,2026-04-19
ACC1197,Dashboard,88,2026-04-28
ACC1494,Team_Collab,9,2026-05-02
ACC1136,API_Access,100,2026-04-30
ACC1421,API_Access,63,2026-04-19
ACC1189,Bulk_Upload,70,2026-04-07
ACC1447,Dashboard,96,2026-04-17
ACC1344,Dashboard,100,2026-04-17
ACC1195,Team_Collab,90,2026-04-12
ACC1248,Team_Collab,31,2026-04-27
ACC1466,API_Access,33,2026-04-17
ACC1433,API_Access,91,2026-04-17
ACC1097,Team_Collab,75,2026-05-01
ACC1451,Report_Gen,81,2026-05-03
ACC1156,Bulk_Upload,2,2026-04-26
ACC1352,Team_Collab,96,2026-05-05
ACC1340,Dashboard,71,2026-04-07
ACC1235,Report_Gen,7,2026-04-21
ACC1016,API_Access,69,2026-04-11
ACC1237,Bulk_Upload,20,2026-05-01
ACC1366,Team_Collab,85,2026-04-16
ACC1332,Dashboard,86,2026-04-30
ACC1095,Team_Collab,30,2026-04-18
ACC1358,Team_Collab,6,2026-04-16
ACC1035,Bulk_Upload,66,2026-04-20
ACC1394,Team_Collab,19,2026-05-01
ACC1174,Dashboard,54,2026-04-06
ACC1198,Report_Gen,1,2026-04-08
ACC1131,Team_Collab,74,2026-04-14
ACC1277,Dashboard,63,2026-04-14
ACC1236,Report_Gen,61,2026-04-19
ACC1110,Dashboard,41,2026-04-16
ACC1273,API_Access,17,2026-04-11
ACC1134,Bulk_Upload,14,2026-04-17
ACC1272,Bulk_Upload,40,2026-04-08
ACC1489,Report_Gen,10,2026-05-05
ACC1441,Team_Collab,87,2026-05-05
ACC1324,Bulk_Upload,39,2026-04-14
ACC1213,Bulk_Upload,47,2026-04-09
ACC1284,Dashboard,99,2026-04-13
ACC1065,Dashboard,41,2026-04-19
ACC1295,Report_Gen,56,2026-04-09
ACC1223,Dashboard,48,2026-04-13
ACC1377,Report_Gen,4,2026-04-09
ACC1462,API_Access,85,2026-04-20
ACC1344,API_Access,17,2026-04-06
ACC1434,Team_Collab,17,2026-04-12
ACC1051,Bulk_Upload,93,2026-04-11
ACC1249,Dashboard,1,2026-04-09
ACC1373,Team_Collab,71,2026-04-15
ACC1165,Dashboard,27,2026-04-30
ACC1487,API_Access,18,2026-04-26
ACC1316,Bulk_Upload,54,2026-04-09
ACC1379,Bulk_Upload,13,2026-04-08
ACC1422,Dashboard,97,2026-04-10
ACC1310,Bulk_Upload,88,2026-04-15
ACC1382,API_Access,78,2026-05-04
ACC1310,Report_Gen,88,2026-04-19
ACC1089,Bulk_Upload,22,2026-04-22
ACC1201,Report_Gen,85,2026-04-19
ACC1259,Dashboard,16,2026-04-16
ACC1402,API_Access,87,2026-04-14
ACC1451,Team_Collab,16,2026-04-11
ACC1193,Bulk_Upload,45,2026-04-19
ACC1001,Bulk_Upload,90,2026-04-14
ACC1261,Bulk_Upload,42,2026-04-12
ACC1263,Dashboard,56,2026-04-08
ACC1117,API_Access,6,2026-04-16
ACC1358,Report_Gen,48,2026-04-21
ACC1153,Team_Collab,42,2026-04-30
ACC1270,Bulk_Upload,75,2026-04-14
ACC1291,Bulk_Upload,65,2026-04-11
ACC1493,Bulk_Upload,31,2026-05-01
ACC1447,Dashboard,37,2026-05-03
ACC1373,API_Access,57,2026-04-17
ACC1064,Report_Gen,9,2026-04-06
ACC1439,API_Access,18,2026-04-21
ACC1195,API_Access,16,2026-04-27
ACC1158,API_Access,6,2026-05-04
ACC1220,Report_Gen,31,2026-04-16
ACC1277,Bulk_Upload,53,2026-04-24
ACC1418,Team_Collab,93,2026-04-22
ACC1228,Dashboard,82,2026-04-22
ACC1464,Report_Gen,85,2026-05-05
ACC1121,API_Access,63,2026-04-15
ACC1178,Bulk_Upload,96,2026-05-04
ACC1082,Report_Gen,45,2026-04-28
ACC1477,Dashboard,50,2026-04-19
ACC1040,Bulk_Upload,88,2026-04-07
ACC1313,Bulk_Upload,55,2026-04-15
ACC1245,Report_Gen,64,2026-04-14
ACC1130,API_Access,91,2026-04-13
ACC1259,API_Access,83,2026-04-14
ACC1419,API_Access,2,2026-04-06
ACC1488,Team_Collab,11,2026-04-11
ACC1275,Dashboard,17,2026-04-09
ACC1468,Report_Gen,77,2026-04-22
ACC1379,Report_Gen,56,2026-04-29
ACC1211,Bulk_Upload,91,2026-05-05
ACC1302,Bulk_Upload,63,2026-04-28
ACC1026,Bulk_Upload,43,2026-04-06
ACC1250,Report_Gen,10,2026-04-17
ACC1397,Team_Collab,91,2026-04-17
ACC1012,Report_Gen,79,2026-04-15
ACC1382,Dashboard,65,2026-04-12
ACC1463,Team_Collab,45,2026-05-01
ACC1076,Team_Collab,85,2026-04-20
ACC1039,Team_Collab,42,2026-05-02
ACC1348,Dashboard,82,2026-04-13
ACC1425,Dashboard,23,2026-04-27
ACC1208,Team_Collab,64,2026-04-19
ACC1191,Report_Gen,50,2026-04-18
ACC1169,API_Access,72,2026-04-26
ACC1464,Team_Collab,100,2026-04-21
ACC1445,Dashboard,17,2026-04-23
ACC1090,Dashboard,79,2026-04-30
ACC1085,Dashboard,2,2026-04-28
ACC1164,Bulk_Upload,83,2026-04-16
ACC1436,Team_Collab,30,2026-04-26
ACC1254,Dashboard,60,2026-04-28
ACC1320,Team_Collab,43,2026-04-21
ACC1343,API_Access,28,2026-04-15
ACC1240,Report_Gen,92,2026-04-15
ACC1447,API_Access,62,2026-04-26
ACC1461,API_Access,29,2026-04-11
ACC1128,Report_Gen,92,2026-04-10
ACC1031,Report_Gen,95,2026-04-29
ACC1339,Report_Gen,56,2026-04-09
ACC1266,Report_Gen,90,2026-04-28
ACC1030,Dashboard,9,2026-04-18
ACC1024,API_Access,87,2026-04-15
ACC1286,Dashboard,74,2026-04-27
ACC1401,Dashboard,92,2026-04-07
ACC1273,Report_Gen,71,2026-04-17
ACC1119,API_Access,29,2026-04-08
ACC1081,Report_Gen,96,2026-04-20
ACC1034,API_Access,24,2026-05-04
ACC1334,Dashboard,7,2026-04-06
ACC1071,Report_Gen,54,2026-04-17
ACC1131,Dashboard,53,2026-04-19
ACC1471,Dashboard,4,2026-04-17
ACC1367,Dashboard,5,2026-05-05
ACC1228,Dashboard,46,2026-04-27
ACC1109,Team_Collab,14,2026-04-10
ACC1042,Team_Collab,99,2026-04-27
ACC1023,Report_Gen,86,2026-04-27
ACC1225,Bulk_Upload,79,2026-04-07
ACC1354,API_Access,69,2026-04-18
ACC1284,API_Access,55,2026-04-17
ACC1193,Team_Collab,16,2026-04-28
ACC1290,Team_Collab,47,2026-04-29
ACC1088,Dashboard,9,2026-04-28
ACC1127,Dashboard,9,2026-04-27
ACC1461,API_Access,99,2026-04-23
ACC1354,Team_Collab,6,2026-04-07
ACC1246,Bulk_Upload,78,2026-04-19
ACC1262,Bulk_Upload,23,2026-04-06
ACC1093,API_Access,76,2026-04-21
ACC1393,API_Access,26,2026-04-07
ACC1123,API_Access,62,2026-04-26
ACC1164,Team_Collab,17,2026-05-03
ACC1305,Bulk_Upload,51,2026-04-26
ACC1312,Bulk_Upload,70,2026-04-19
ACC1244,API_Access,11,2026-04-10
ACC1420,Dashboard,20,2026-04-08
ACC1367,Dashboard,28,2026-04-26
ACC1011,Bulk_Upload,87,2026-04-17
ACC1391,API_Access,50,2026-05-03
ACC1254,Report_Gen,67,2026-04-12
ACC1445,API_Access,42,2026-04-22
ACC1257,Report_Gen,28,2026-05-05
ACC1336,Bulk_Upload,30,2026-04-07
ACC1107,Report_Gen,32,2026-04-18
ACC1018,Dashboard,100,2026-04-24
ACC1490,Bulk_Upload,51,2026-04-26
ACC1098,API_Access,1,2026-04-23
ACC1128,API_Access,8,2026-04-14
ACC1373,Bulk_Upload,71,2026-04-07
ACC1411,API_Access,59,2026-05-02
ACC1161,Report_Gen,11,2026-04-28
ACC1178,Report_Gen,83,2026-04-12
ACC1286,API_Access,98,2026-04-13
ACC1476,Report_Gen,35,2026-05-03
ACC1390,Report_Gen,99,2026-04-16
ACC1315,Bulk_Upload,8,2026-05-03
ACC1222,API_Access,15,2026-04-18
ACC1358,Report_Gen,36,2026-04-16
ACC1209,Team_Collab,68,2026-04-17
ACC1414,Report_Gen,14,2026-04-06
ACC1307,Bulk_Upload,44,2026-05-04
ACC1353,Bulk_Upload,46,2026-04-26
ACC1009,Report_Gen,2,2026-04-15
ACC1320,Report_Gen,34,2026-04-15
ACC1420,Report_Gen,90,2026-05-02
ACC1326,Bulk_Upload,86,2026-04-24
ACC1496,Report_Gen,2,2026-04-22
ACC1406,API_Access,77,2026-04-17
ACC1167,Bulk_Upload,36,2026-04-12
ACC1158,Team_Collab,98,2026-04-18
ACC1424,Team_Collab,96,2026-04-22
ACC1041,API_Access,50,2026-04-28
ACC1483,Team_Collab,7,2026-04-23
ACC1207,Team_Collab,80,2026-04-23
ACC1447,Bulk_Upload,12,2026-04-19
ACC1117,Dashboard,40,2026-04-12
ACC1014,Team_Collab,78,2026-04-28
ACC1075,Dashboard,44,2026-04-12
ACC1346,Dashboard,6,2026-04-25
ACC1118,API_Access,36,2026-04-06
ACC1270,Dashboard,9,2026-05-04
ACC1397,Bulk_Upload,37,2026-04-13
ACC1135,API_Access,87,2026-04-09
ACC1417,Report_Gen,54,2026-04-28
ACC1244,Team_Collab,23,2026-05-02
ACC1482,Bulk_Upload,86,2026-04-19
ACC1106,Report_Gen,13,2026-04-06
ACC1205,Team_Collab,2,2026-04-18
ACC1464,Report_Gen,8,2026-05-04
ACC1006,API_Access,88,2026-04-10
ACC1276,Bulk_Upload,26,2026-04-07
ACC1206,API_Access,91,2026-04-20
ACC1227,Team_Collab,34,2026-04-10
ACC1017,Report_Gen,97,2026-04-07
ACC1352,Report_Gen,11,2026-04-21
ACC1310,API_Access,38,2026-04-21
ACC1132,Team_Collab,28,2026-04-11
ACC1436,Bulk_Upload,65,2026-04-08
ACC1283,Team_Collab,33,2026-04-17
ACC1475,API_Access,42,2026-04-07
ACC1333,Report_Gen,76,2026-04-14
ACC1003,Bulk_Upload,70,2026-04-06
ACC1206,Bulk_Upload,53,2026-04-27
ACC1085,Team_Collab,37,2026-04-17
ACC1087,Dashboard,48,2026-05-05
ACC1434,Bulk_Upload,92,2026-04-09
ACC1353,Team_Collab,47,2026-04-25
ACC1304,API_Access,68,2026-04-20
ACC1180,Dashboard,91,2026-05-01
ACC1394,Bulk_Upload,76,2026-04-26
ACC1442,Team_Collab,16,2026-04-26
ACC1309,Team_Collab,35,2026-04-19
ACC1058,Report_Gen,43,2026-04-22
ACC1447,API_Access,67,2026-04-16
ACC1221,API_Access,26,2026-05-02
ACC1035,Dashboard,84,2026-05-03
ACC1266,Bulk_Upload,67,2026-04-08
ACC1074,Team_Collab,46,2026-04-13
ACC1359,Dashboard,11,2026-04-20
ACC1157,Team_Collab,86,2026-04-15
ACC1147,Report_Gen,84,2026-05-05
ACC1231,Report_Gen,60,2026-04-14
ACC1288,Dashboard,78,2026-04-22
ACC1249,API_Access,84,2026-04-09
ACC1482,Team_Collab,21,2026-04-09
ACC1254,Bulk_Upload,60,2026-04-16
ACC1453,Report_Gen,51,2026-04-29
ACC1133,Bulk_Upload,64,2026-04-12
ACC1499,Bulk_Upload,72,2026-04-14
ACC1417,Bulk_Upload,76,2026-04-29
ACC1421,Bulk_Upload,100,2026-04-13
ACC1192,Report_Gen,33,2026-04-23
ACC1293,Report_Gen,24,2026-04-14
ACC1253,Report_Gen,15,2026-04-19
ACC1275,Team_Collab,63,2026-04-24
ACC1437,Report_Gen,19,2026-04-28
ACC1385,Bulk_Upload,87,2026-04-11
ACC1441,Report_Gen,11,2026-04-13
ACC1365,Report_Gen,65,2026-04-12
ACC1378,API_Access,56,2026-04-21
ACC1193,Bulk_Upload,14,2026-04-15
ACC1163,Report_Gen,1,2026-04-19
ACC1267,Report_Gen,17,2026-04-18
ACC1473,Team_Collab,37,2026-04-20
ACC1438,Team_Collab,86,2026-04-12
ACC1334,Report_Gen,93,2026-04-26
ACC1088,Dashboard,69,2026-04-24
ACC1114,Dashboard,86,2026-05-01
ACC1332,Report_Gen,54,2026-05-05
ACC1141,Team_Collab,96,2026-04-10
ACC1418,Team_Collab,49,2026-04-15
ACC1442,Report_Gen,7,2026-04-07
ACC1273,Team_Collab,91,2026-04-21
ACC1424,Report_Gen,28,2026-04-23
ACC1377,Bulk_Upload,15,2026-05-02
ACC1082,Dashboard,69,2026-04-15
ACC1243,Bulk_Upload,35,2026-04-06
ACC1462,Dashboard,95,2026-04-30
ACC1193,Team_Collab,70,2026-05-05
ACC1356,Dashboard,41,2026-05-04
ACC1171,Report_Gen,61,2026-04-10
ACC1095,Dashboard,49,2026-04-11
ACC1140,Bulk_Upload,52,2026-04-26
ACC1351,Bulk_Upload,33,2026-04-21
ACC1442,Dashboard,49,2026-05-04
ACC1114,Dashboard,14,2026-04-16
ACC1238,Team_Collab,3,2026-04-09
ACC1339,Bulk_Upload,95,2026-04-18
ACC1028,Report_Gen,72,2026-04-17
ACC1311,Team_Collab,81,2026-05-04
ACC1357,Bulk_Upload,53,2026-05-04
ACC1402,Report_Gen,19,2026-04-17
ACC1234,Bulk_Upload,63,2026-05-03
ACC1015,Bulk_Upload,68,2026-04-26
ACC1180,Bulk_Upload,42,2026-04-10
ACC1424,Report_Gen,4,2026-04-19
ACC1466,Report_Gen,55,2026-04-17
ACC1468,API_Access,21,2026-04-17
ACC1032,Report_Gen,58,2026-04-19
ACC1264,API_Access,25,2026-05-05
ACC1064,Bulk_Upload,23,2026-04-20
ACC1117,Report_Gen,50,2026-04-16
ACC1100,Bulk_Upload,34,2026-04-18
ACC1178,Bulk_Upload,34,2026-04-26
ACC1381,API_Access,58,2026-04-09
ACC1033,Bulk_Upload,64,2026-04-08
ACC1373,Report_Gen,42,2026-04-24
ACC1046,Report_Gen,40,2026-04-12
ACC1157,Bulk_Upload,96,2026-04-22
ACC1172,API_Access,68,2026-04-16
ACC1074,Team_Collab,49,2026-04-06
ACC1462,API_Access,44,2026-04-16
ACC1449,Report_Gen,6,2026-04-24
ACC1234,Bulk_Upload,66,2026-04-14
ACC1408,Report_Gen,65,2026-04-14
ACC1115,Report_Gen,72,2026-04-06
ACC1067,Team_Collab,52,2026-04-28
ACC1070,Report_Gen,94,2026-04-22
ACC1282,Dashboard,89,2026-04-30
ACC1170,Team_Collab,32,2026-04-28
ACC1294,Dashboard,4,2026-04-06
ACC1473,Report_Gen,92,2026-04-06
ACC1418,Bulk_Upload,33,2026-04-26
ACC1380,Bulk_Upload,88,2026-04-22
ACC1243,Dashboard,58,2026-04-22
ACC1299,API_Access,23,2026-04-24
ACC1423,Bulk_Upload,80,2026-04-20
ACC1405,Team_Collab,62,2026-04-08
ACC1160,Report_Gen,91,2026-04-18
ACC1376,Bulk_Upload,79,2026-04-16
ACC1302,Dashboard,82,2026-05-02
ACC1300,Report_Gen,63,2026-04-15
ACC1220,Report_Gen,60,2026-04-29
ACC1193,Bulk_Upload,69,2026-04-20
ACC1001,Team_Collab,12,2026-05-03
ACC1146,Dashboard,11,2026-04-09
ACC1409,API_Access,88,2026-04-22
ACC1166,API_Access,99,2026-04-27
ACC1059,Report_Gen,46,2026-04-19
ACC1477,Bulk_Upload,24,2026-04-24
ACC1303,Bulk_Upload,78,2026-04-12
ACC1413,Report_Gen,56,2026-04-23
ACC1359,Dashboard,5,2026-04-07
ACC1192,API_Access,56,2026-04-21
ACC1379,Team_Collab,99,2026-04-26
ACC1310,Team_Collab,45,2026-04-23
ACC1262,API_Access,38,2026-04-27
ACC1434,Team_Collab,95,2026-04-21
ACC1386,Report_Gen,82,2026-04-16
ACC1180,Dashboard,26,2026-04-09
ACC1288,Report_Gen,60,2026-04-23
ACC1088,Bulk_Upload,17,2026-04-22
ACC1208,Bulk_Upload,97,2026-05-03
ACC1129,Report_Gen,29,2026-05-01
ACC1223,Team_Collab,57,2026-04-12
ACC1240,Report_Gen,36,2026-04-07
ACC1270,Report_Gen,43,2026-04-13
ACC1420,Team_Collab,74,2026-04-27
ACC1164,Team_Collab,41,2026-04-30
ACC1060,Dashboard,57,2026-05-02
ACC1037,Report_Gen,42,2026-04-19
ACC1338,API_Access,87,2026-05-01
ACC1228,Dashboard,32,2026-04-07
ACC1381,Report_Gen,77,2026-04-20
ACC1348,Bulk_Upload,99,2026-04-08
ACC1149,Report_Gen,40,2026-04-30
ACC1043,Bulk_Upload,19,2026-05-02
ACC1175,Team_Collab,90,2026-04-29
ACC1441,Team_Collab,99,2026-04-22
ACC1100,Bulk_Upload,15,2026-04-21
ACC1414,Team_Collab,87,2026-05-03
ACC1209,Dashboard,97,2026-05-03
ACC1037,Team_Collab,38,2026-04-17
ACC1201,Dashboard,2,2026-04-15
ACC1136,Team_Collab,37,2026-04-19
ACC1315,Report_Gen,2,2026-04-19
ACC1122,API_Access,19,2026-04-15
ACC1342,Bulk_Upload,95,2026-04-13
ACC1282,Team_Collab,3,2026-04-26
ACC1459,API_Access,5,2026-04-13
ACC1379,Bulk_Upload,53,2026-04-06
ACC1477,API_Access,49,2026-04-19
ACC1226,Report_Gen,43,2026-04-17
ACC1254,Report_Gen,25,2026-04-10
ACC1075,Report_Gen,66,2026-05-02
ACC1356,Bulk_Upload,49,2026-04-29
ACC1177,Team_Collab,6,2026-05-04
ACC1073,Report_Gen,52,2026-04-22
ACC1472,Report_Gen,69,2026-04-27
ACC1044,Dashboard,37,2026-04-18
ACC1182,Team_Collab,48,2026-04-11
ACC1021,Bulk_Upload,60,2026-04-17
ACC1230,Report_Gen,60,2026-04-19
ACC1383,Dashboard,35,2026-04-09
ACC1301,Bulk_Upload,31,2026-04-11
ACC1197,Report_Gen,95,2026-04-16
ACC1442,API_Access,98,2026-05-05
ACC1433,Dashboard,35,2026-04-24
ACC1329,Dashboard,41,2026-04-18
ACC1199,API_Access,54,2026-04-21
ACC1139,Team_Collab,23,2026-04-14
ACC1349,Team_Collab,95,2026-04-09
ACC1322,Bulk_Upload,35,2026-04-18
ACC1027,Dashboard,2,2026-04-11
ACC1076,Team_Collab,93,2026-04-22
ACC1431,API_Access,16,2026-04-07
ACC1235,API_Access,30,2026-04-10
ACC1277,Dashboard,33,2026-04-20
ACC1110,API_Access,75,2026-04-28
ACC1051,Team_Collab,49,2026-04-22
ACC1304,Team_Collab,21,2026-04-25
ACC1221,Bulk_Upload,75,2026-04-17
ACC1369,API_Access,49,2026-04-21
ACC1438,API_Access,57,2026-04-17
ACC1466,Team_Collab,5,2026-04-23
ACC1276,Dashboard,45,2026-04-29
ACC1292,Report_Gen,70,2026-04-16
ACC1142,Dashboard,40,2026-04-16
ACC1127,Team_Collab,76,2026-04-23
ACC1406,Report_Gen,52,2026-04-14
ACC1053,API_Access,80,2026-04-25
ACC1354,Bulk_Upload,78,2026-04-22
ACC1297,Bulk_Upload,25,2026-05-04
ACC1174,Dashboard,19,2026-04-14
ACC1033,Bulk_Upload,80,2026-04-09
ACC1210,Report_Gen,12,2026-04-19
ACC1370,Team_Collab,5,2026-04-23
ACC1025,Team_Collab,77,2026-04-12
ACC1200,Bulk_Upload,56,2026-04-17
ACC1199,Dashboard,35,2026-04-12
ACC1117,Team_Collab,64,2026-04-29
ACC1435,Report_Gen,79,2026-04-07
ACC1425,Report_Gen,95,2026-04-08
ACC1199,Dashboard,35,2026-04-23
ACC1257,Report_Gen,59,2026-04-15
ACC1200,Report_Gen,84,2026-04-13
ACC1277,Dashboard,34,2026-04-15
ACC1265,Team_Collab,100,2026-04-14
ACC1262,Team_Collab,90,2026-05-03
ACC1387,API_Access,28,2026-04-12
ACC1383,API_Access,63,2026-05-05
ACC1235,Team_Collab,31,2026-04-09
ACC1188,API_Access,83,2026-04-14
ACC1090,Bulk_Upload,75,2026-04-06
ACC1171,API_Access,98,2026-04-09
ACC1333,API_Access,58,2026-04-30
ACC1185,Report_Gen,53,2026-04-11
ACC1004,Dashboard,65,2026-04-19
ACC1018,Team_Collab,5,2026-04-10
ACC1053,Bulk_Upload,77,2026-04-29
ACC1232,Bulk_Upload,3,2026-04-17
ACC1450,Bulk_Upload,87,2026-04-15
ACC1066,Team_Collab,97,2026-04-14
ACC1462,Team_Collab,92,2026-04-06
ACC1339,Bulk_Upload,75,2026-04-26
ACC1206,Report_Gen,2,2026-04-12
ACC1269,API_Access,59,2026-04-16
ACC1120,Bulk_Upload,55,2026-04-14
ACC1112,Dashboard,90,2026-04-25
ACC1042,Bulk_Upload,19,2026-04-22
ACC1372,Dashboard,92,2026-04-19
ACC1050,Dashboard,14,2026-04-23
ACC1003,Team_Collab,84,2026-04-06
ACC1376,API_Access,15,2026-04-16
ACC1225,Bulk_Upload,62,2026-04-11
ACC1301,Report_Gen,62,2026-04-21
ACC1168,Dashboard,53,2026-04-24
ACC1005,Bulk_Upload,56,2026-04-09
ACC1076,Dashboard,13,2026-04-19
ACC1061,Bulk_Upload,63,2026-04-08
ACC1488,Bulk_Upload,9,2026-04-14
ACC1255,Dashboard,73,2026-04-24
ACC1191,Team_Collab,69,2026-04-23
ACC1335,API_Access,73,2026-04-14
ACC1177,Dashboard,44,2026-04-27
ACC1004,Report_Gen,56,2026-04-10
ACC1266,Report_Gen,9,2026-04-10
ACC1473,Dashboard,19,2026-04-21
ACC1059,Bulk_Upload,93,2026-04-19
ACC1294,Team_Collab,56,2026-04-22
ACC1161,API_Access,47,2026-04-16
ACC1028,API_Access,52,2026-05-01
ACC1316,Team_Collab,30,2026-04-17
ACC1470,Team_Collab,18,2026-04-16
ACC1412,Team_Collab,32,2026-04-25
ACC1276,Team_Collab,12,2026-04-20
ACC1041,Report_Gen,94,2026-04-12
ACC1374,Dashboard,31,2026-04-09
ACC1003,API_Access,53,2026-05-04
ACC1187,Dashboard,25,2026-05-05
ACC1093,API_Access,30,2026-04-14
ACC1268,Team_Collab,96,2026-04-07
ACC1392,Team_Collab,3,2026-04-17
ACC1026,Team_Collab,43,2026-05-05
ACC1142,Bulk_Upload,95,2026-04-13
ACC1160,API_Access,35,2026-04-15
ACC1263,Report_Gen,45,2026-05-05
ACC1172,Report_Gen,57,2026-04-28
ACC1204,Report_Gen,49,2026-05-02
ACC1473,Dashboard,29,2026-05-01
ACC1425,Bulk_Upload,22,2026-04-22
ACC1145,API_Access,74,2026-04-20
ACC1140,Dashboard,59,2026-04-07
ACC1004,Dashboard,100,2026-05-05
ACC1470,Dashboard,9,2026-04-19
ACC1417,Dashboard,85,2026-04-30
ACC1322,Bulk_Upload,40,2026-04-17
ACC1080,Report_Gen,90,2026-04-15
ACC1428,Report_Gen,68,2026-04-27
ACC1209,API_Access,95,2026-04-23
ACC1384,Bulk_Upload,73,2026-04-10
ACC1377,Report_Gen,47,2026-04-28
ACC1171,Dashboard,80,2026-04-12
ACC1167,Dashboard,33,2026-05-05
ACC1457,API_Access,25,2026-04-25
ACC1059,Bulk_Upload,71,2026-04-17
ACC1383,Bulk_Upload,22,2026-04-28
ACC1087,Team_Collab,28,2026-05-04
ACC1344,Team_Collab,36,2026-05-03
ACC1180,API_Access,98,2026-04-23
ACC1128,Team_Collab,47,2026-04-29
ACC1014,API_Access,1,2026-05-02
ACC1017,Report_Gen,62,2026-04-22
ACC1422,API_Access,88,2026-04-07
ACC1466,API_Access,96,2026-04-09
ACC1459,Team_Collab,69,2026-04-18
ACC1002,API_Access,86,2026-05-05
ACC1287,Bulk_Upload,55,2026-05-04
ACC1208,Dashboard,98,2026-04-25
ACC1477,Report_Gen,15,2026-04-20
ACC1209,Team_Collab,76,2026-05-02
ACC1210,Bulk_Upload,77,2026-04-25
ACC1269,API_Access,87,2026-04-20
ACC1289,Dashboard,22,2026-04-23
ACC1176,Dashboard,62,2026-04-22
ACC1010,Dashboard,84,2026-05-02
ACC1121,API_Access,77,2026-04-18
ACC1419,Team_Collab,6,2026-04-10
ACC1285,Bulk_Upload,68,2026-04-19
ACC1299,Team_Collab,31,2026-04-16
ACC1058,API_Access,91,2026-05-02
ACC1089,Dashboard,73,2026-04-22
ACC1081,API_Access,39,2026-04-29
ACC1474,Dashboard,76,2026-05-04
ACC1225,Bulk_Upload,59,2026-04-17
ACC1015,Report_Gen,51,2026-04-06
ACC1103,Bulk_Upload,99,2026-04-18
ACC1371,Report_Gen,8,2026-04-22
ACC1225,Bulk_Upload,14,2026-05-02
ACC1400,Team_Collab,19,2026-04-29
ACC1068,Report_Gen,46,2026-04-24
ACC1279,Bulk_Upload,73,2026-04-25
ACC1420,Team_Collab,59,2026-05-05
ACC1338,Dashboard,93,2026-04-06
ACC1485,Bulk_Upload,5,2026-04-30
ACC1110,API_Access,38,2026-04-22
ACC1396,Dashboard,54,2026-04-20
ACC1044,Team_Collab,4,2026-05-04
ACC1155,Bulk_Upload,57,2026-04-11
ACC1328,Report_Gen,3,2026-04-28
ACC1240,Dashboard,76,2026-04-15
ACC1111,Team_Collab,63,2026-04-17
ACC1232,API_Access,23,2026-04-18
ACC1202,Bulk_Upload,54,2026-04-29
ACC1059,Dashboard,59,2026-04-24
ACC1271,API_Access,8,2026-04-18
ACC1457,Dashboard,8,2026-04-09
ACC1078,API_Access,54,2026-04-20
ACC1441,Dashboard,57,2026-04-24
ACC1279,Team_Collab,85,2026-04-10
ACC1219,Bulk_Upload,29,2026-04-23
ACC1179,Team_Collab,40,2026-04-23
ACC1223,Bulk_Upload,11,2026-04-12
ACC1481,Bulk_Upload,75,2026-04-22
ACC1026,API_Access,3,2026-04-18
ACC1237,Dashboard,18,2026-04-29
ACC1274,Bulk_Upload,91,2026-04-24
ACC1171,Dashboard,81,2026-04-18
ACC1186,Bulk_Upload,29,2026-05-05
ACC1261,Bulk_Upload,40,2026-04-11
ACC1395,Report_Gen,37,2026-04-18
ACC1131,Report_Gen,48,2026-04-09
ACC1431,API_Access,49,2026-04-21
ACC1221,API_Access,38,2026-05-02
ACC1312,Report_Gen,40,2026-04-23
ACC1087,Team_Collab,39,2026-04-26
ACC1182,Report_Gen,82,2026-04-17
ACC1450,Report_Gen,75,2026-04-13
ACC1132,API_Access,99,2026-04-23
ACC1018,API_Access,20,2026-04-19
ACC1262,Dashboard,31,2026-04-17
ACC1018,API_Access,92,2026-04-18
ACC1223,Report_Gen,67,2026-04-08
ACC1335,Bulk_Upload,86,2026-04-29
ACC1351,Bulk_Upload,24,2026-04-21
ACC1257,Team_Collab,50,2026-04-12
ACC1302,Team_Collab,68,2026-04-08
ACC1359,Team_Collab,25,2026-04-19
ACC1425,API_Access,85,2026-04-18
ACC1229,API_Access,35,2026-04-20
ACC1129,Team_Collab,55,2026-04-11
ACC1132,Team_Collab,42,2026-04-09
ACC1365,Report_Gen,85,2026-04-17
ACC1013,Dashboard,29,2026-04-22
ACC1357,API_Access,20,2026-04-19
ACC1186,Dashboard,28,2026-04-15
ACC1237,Team_Collab,15,2026-05-02
ACC1115,Team_Collab,13,2026-04-17
ACC1349,Dashboard,78,2026-04-19
ACC1202,Report_Gen,63,2026-04-24
ACC1054,Dashboard,97,2026-04-07
ACC1246,Bulk_Upload,80,2026-04-29
ACC1392,Bulk_Upload,18,2026-04-26
ACC1079,Bulk_Upload,16,2026-04-22
ACC1151,Bulk_Upload,11,2026-04-30
ACC1387,Dashboard,95,2026-04-22
ACC1262,API_Access,24,2026-04-29
ACC1214,Team_Collab,100,2026-04-14
ACC1105,Bulk_Upload,69,2026-04-07
ACC1035,Dashboard,14,2026-04-17
ACC1223,Report_Gen,11,2026-04-17
ACC1214,Dashboard,72,2026-04-20
ACC1169,Report_Gen,59,2026-04-24
ACC1492,Dashboard,16,2026-04-30
ACC1457,API_Access,68,2026-04-29
ACC1296,Team_Collab,97,2026-04-10
ACC1387,Dashboard,72,2026-04-30
ACC1281,Report_Gen,77,2026-04-28
ACC1418,Report_Gen,11,2026-04-21
ACC1340,Team_Collab,73,2026-04-22
ACC1267,API_Access,52,2026-04-11
ACC1188,Bulk_Upload,67,2026-04-07
ACC1197,Report_Gen,84,2026-04-30
ACC1268,Dashboard,82,2026-05-02
ACC1154,Report_Gen,77,2026-04-10
ACC1027,Bulk_Upload,58,2026-04-10
ACC1309,API_Access,69,2026-04-30
ACC1177,Dashboard,94,2026-04-27
ACC1009,API_Access,12,2026-04-23
ACC1408,Team_Collab,16,2026-04-27
ACC1137,API_Access,26,2026-04-22
ACC1209,API_Access,18,2026-04-09
ACC1447,Report_Gen,100,2026-05-03
ACC1146,Bulk_Upload,74,2026-05-01
ACC1157,Bulk_Upload,4,2026-05-01
ACC1005,Team_Collab,26,2026-05-03
ACC1458,Report_Gen,9,2026-04-07
ACC1308,API_Access,62,2026-04-07
ACC1355,API_Access,92,2026-04-12
ACC1068,Report_Gen,41,2026-04-26
ACC1223,Bulk_Upload,12,2026-04-29
ACC1105,Report_Gen,67,2026-04-20
ACC1373,API_Access,73,2026-05-03
ACC1399,Bulk_Upload,17,2026-04-10
ACC1381,API_Access,95,2026-05-01
ACC1326,Bulk_Upload,8,2026-04-21
ACC1136,Bulk_Upload,7,2026-04-30
ACC1250,API_Access,14,2026-04-22
ACC1370,Report_Gen,69,2026-04-18
ACC1287,Dashboard,43,2026-04-13
ACC1241,Report_Gen,6,2026-04-23
ACC1425,Dashboard,41,2026-04-06
ACC1181,API_Access,60,2026-04-13
ACC1428,Dashboard,1,2026-04-29
ACC1056,Report_Gen,23,2026-05-05
ACC1219,Bulk_Upload,20,2026-04-12
ACC1385,API_Access,44,2026-04-24
ACC1373,Team_Collab,52,2026-04-09
ACC1418,Bulk_Upload,24,2026-04-14
ACC1267,API_Access,21,2026-04-26
ACC1272,Bulk_Upload,44,2026-04-23
ACC1330,Report_Gen,39,2026-04-07
ACC1207,Dashboard,59,2026-04-10
ACC1315,Dashboard,7,2026-05-01
ACC1365,API_Access,77,2026-04-24
ACC1361,Dashboard,100,2026-04-14
ACC1247,Team_Collab,32,2026-04-10
ACC1231,Bulk_Upload,93,2026-04-18
ACC1431,API_Access,23,2026-04-12
ACC1499,Team_Collab,85,2026-04-15
ACC1077,Team_Collab,72,2026-04-19
ACC1150,Report_Gen,71,2026-04-07
ACC1145,Dashboard,5,2026-04-23
ACC1239,Dashboard,87,2026-04-11
ACC1192,Team_Collab,40,2026-04-15
ACC1253,Report_Gen,85,2026-04-18
ACC1361,Bulk_Upload,19,2026-05-01
ACC1210,Bulk_Upload,43,2026-04-13
ACC1060,Team_Collab,35,2026-04-26
ACC1014,Report_Gen,53,2026-04-21
ACC1130,API_Access,86,2026-04-09
ACC1152,Report_Gen,76,2026-04-12
ACC1064,Report_Gen,37,2026-04-20
ACC1325,Team_Collab,74,2026-04-06
ACC1339,Team_Collab,66,2026-04-06
ACC1226,API_Access,79,2026-04-19
ACC1257,Report_Gen,47,2026-04-30
ACC1455,Team_Collab,67,2026-05-05
ACC1197,Team_Collab,38,2026-04-09
ACC1273,Dashboard,30,2026-04-30
ACC1223,Dashboard,8,2026-04-24
ACC1181,Dashboard,97,2026-04-23
ACC1443,Dashboard,49,2026-04-15
ACC1263,Dashboard,41,2026-05-03
ACC1199,Report_Gen,60,2026-04-28
ACC1175,API_Access,29,2026-04-21
ACC1217,Bulk_Upload,97,2026-04-17
ACC1408,Dashboard,24,2026-04-28
ACC1425,Dashboard,52,2026-05-01
ACC1328,Bulk_Upload,65,2026-04-28
ACC1192,Bulk_Upload,84,2026-04-16
ACC1161,Team_Collab,68,2026-04-23
ACC1399,Report_Gen,82,2026-04-19
ACC1064,Report_Gen,24,2026-04-13
ACC1021,Team_Collab,47,2026-04-15
ACC1137,Team_Collab,8,2026-04-15
ACC1093,Bulk_Upload,13,2026-04-11
ACC1425,Dashboard,14,2026-04-12
ACC1143,Team_Collab,67,2026-04-17
ACC1380,API_Access,76,2026-04-30
ACC1102,Dashboard,4,2026-04-25
ACC1331,Team_Collab,2,2026-04-19
ACC1288,API_Access,33,2026-04-25
ACC1350,Dashboard,13,2026-04-23
ACC1028,Report_Gen,52,2026-04-19
ACC1245,Team_Collab,100,2026-05-04
ACC1333,API_Access,28,2026-04-28
ACC1115,API_Access,6,2026-05-03
ACC1220,Dashboard,34,2026-04-23
ACC1253,Report_Gen,49,2026-04-19
ACC1269,Report_Gen,92,2026-05-01
ACC1243,API_Access,24,2026-04-23
ACC1421,Team_Collab,41,2026-04-10
ACC1287,API_Access,28,2026-04-24
ACC1249,API_Access,30,2026-04-18
ACC1023,Dashboard,78,2026-04-09
ACC1410,API_Access,65,2026-04-13
ACC1103,API_Access,90,2026-04-13
ACC1068,Bulk_Upload,29,2026-05-04
ACC1071,API_Access,96,2026-04-10
ACC1023,Bulk_Upload,11,2026-04-23
ACC1010,Team_Collab,78,2026-05-02
ACC1326,Bulk_Upload,97,2026-04-26
ACC1094,Bulk_Upload,75,2026-04-18
ACC1072,Report_Gen,82,2026-05-05
ACC1369,Team_Collab,25,2026-04-26
ACC1292,Bulk_Upload,30,2026-04-27
ACC1364,API_Access,84,2026-04-28
ACC1018,API_Access,46,2026-04-18
ACC1412,Dashboard,35,2026-04-22
ACC1190,API_Access,81,2026-05-03
ACC1045,Team_Collab,53,2026-04-19
ACC1402,Team_Collab,94,2026-05-01
ACC1033,API_Access,24,2026-05-01
ACC1378,API_Access,87,2026-04-12
ACC1016,Team_Collab,15,2026-05-01
ACC1133,API_Access,67,2026-04-09
ACC1025,Team_Collab,72,2026-04-13
ACC1397,Dashboard,46,2026-04-22
ACC1499,Bulk_Upload,79,2026-04-10
ACC1095,Team_Collab,47,2026-04-30
ACC1402,API_Access,93,2026-04-23
ACC1103,Team_Collab,10,2026-04-21
ACC1400,Team_Collab,29,2026-04-22
ACC1367,Report_Gen,24,2026-05-04
ACC1476,Report_Gen,28,2026-04-11
ACC1117,Bulk_Upload,2,2026-04-12
ACC1134,Bulk_Upload,80,2026-05-05
ACC1278,Bulk_Upload,33,2026-04-10
ACC1289,Dashboard,69,2026-04-25
ACC1194,Bulk_Upload,25,2026-04-15
ACC1283,Bulk_Upload,59,2026-05-02
ACC1407,Dashboard,33,2026-04-06
ACC1030,Report_Gen,19,2026-04-29
ACC1408,Report_Gen,68,2026-04-26
ACC1047,Bulk_Upload,57,2026-04-08
ACC1314,Report_Gen,24,2026-05-04
ACC1228,Report_Gen,85,2026-04-17
ACC1489,Report_Gen,29,2026-04-12
ACC1377,Team_Collab,64,2026-04-08
ACC1204,API_Access,93,2026-04-18
ACC1377,Report_Gen,50,2026-04-09
ACC1256,Team_Collab,97,2026-04-16
ACC1197,Report_Gen,97,2026-04-14
ACC1190,Report_Gen,72,2026-04-11
ACC1040,Bulk_Upload,61,2026-04-07
ACC1301,Dashboard,89,2026-04-12
ACC1018,API_Access,33,2026-04-24
ACC1323,Dashboard,19,2026-04-26
ACC1031,Bulk_Upload,31,2026-04-23
ACC1065,Report_Gen,44,2026-04-17
ACC1158,Bulk_Upload,95,2026-04-22
ACC1404,Team_Collab,98,2026-04-15
ACC1413,Report_Gen,66,2026-04-24
ACC1176,Team_Collab,32,2026-05-04
ACC1130,Team_Collab,78,2026-04-29
ACC1079,Team_Collab,69,2026-04-18
ACC1283,API_Access,91,2026-04-25
ACC1207,Dashboard,84,2026-04-30
ACC1054,Team_Collab,51,2026-04-15
ACC1295,Dashboard,66,2026-04-25
ACC1163,Dashboard,13,2026-04-16
ACC1174,Bulk_Upload,33,2026-05-01
ACC1050,Bulk_Upload,87,2026-04-11
ACC1211,API_Access,74,2026-05-01
ACC1018,Report_Gen,13,2026-04-30
ACC1372,Report_Gen,70,2026-04-30
ACC1352,Report_Gen,98,2026-04-24
ACC1180,Bulk_Upload,46,2026-04-30
ACC1379,Team_Collab,84,2026-04-19
ACC1170,Dashboard,66,2026-04-22
ACC1312,API_Access,22,2026-05-05
ACC1364,Bulk_Upload,94,2026-04-26
ACC1093,Dashboard,68,2026-04-13
ACC1396,Team_Collab,85,2026-04-24
ACC1324,Dashboard,16,2026-04-20
ACC1321,Dashboard,26,2026-04-17
ACC1106,Report_Gen,62,2026-04-17
ACC1158,Bulk_Upload,100,2026-04-10
ACC1144,Report_Gen,21,2026-04-13
ACC1025,API_Access,59,2026-04-15
ACC1491,Bulk_Upload,68,2026-04-29
ACC1183,Team_Collab,3,2026-05-02
ACC1388,Report_Gen,19,2026-04-09
ACC1304,Bulk_Upload,30,2026-04-17
ACC1022,Bulk_Upload,93,2026-04-12
ACC1170,API_Access,94,2026-05-03
ACC1270,Team_Collab,64,2026-05-02
ACC1489,API_Access,16,2026-04-06
ACC1451,Bulk_Upload,60,2026-04-26
ACC1457,Team_Collab,92,2026-04-14
ACC1199,Team_Collab,92,2026-04-18
ACC1129,Team_Collab,59,2026-04-23
ACC1212,API_Access,14,2026-05-05
ACC1167,Dashboard,100,2026-04-12
ACC1231,Dashboard,16,2026-04-09
ACC1410,Bulk_Upload,93,2026-04-23
ACC1275,Team_Collab,70,2026-05-03
ACC1218,Report_Gen,90,2026-04-12
ACC1384,Dashboard,47,2026-04-12
ACC1085,Dashboard,19,2026-05-04
ACC1444,API_Access,81,2026-04-24
ACC1416,Dashboard,69,2026-04-14
ACC1113,Report_Gen,64,2026-04-28
ACC1036,API_Access,43,2026-04-09
ACC1495,Bulk_Upload,42,2026-05-02
ACC1089,Team_Collab,43,2026-04-15
ACC1336,Dashboard,88,2026-04-20
ACC1049,API_Access,92,2026-04-23
ACC1090,API_Access,27,2026-04-29
ACC1210,Team_Collab,58,2026-04-08
ACC1428,Team_Collab,48,2026-04-16
ACC1164,Team_Collab,39,2026-04-24
ACC1245,Team_Collab,11,2026-04-28
ACC1141,Team_Collab,73,2026-04-12
ACC1491,Team_Collab,3,2026-04-08
ACC1446,API_Access,24,2026-04-07
ACC1260,Dashboard,50,2026-05-03
ACC1069,Dashboard,10,2026-04-19
ACC1088,Report_Gen,60,2026-04-23
ACC1017,Team_Collab,73,2026-04-15
ACC1091,Report_Gen,97,2026-04-14
ACC1100,Report_Gen,51,2026-04-26
ACC1020,Team_Collab,59,2026-04-23
ACC1251,Bulk_Upload,38,2026-04-29
ACC1427,Report_Gen,24,2026-04-08
ACC1446,Dashboard,54,2026-04-14
ACC1333,API_Access,86,2026-04-17
ACC1155,Team_Collab,5,2026-04-15
ACC1256,Bulk_Upload,63,2026-04-16
ACC1109,Report_Gen,96,2026-04-15
ACC1424,Bulk_Upload,29,2026-04-21
ACC1372,Bulk_Upload,86,2026-04-24
ACC1455,Dashboard,93,2026-04-17
ACC1369,Dashboard,61,2026-04-16
ACC1398,Report_Gen,88,2026-04-16
ACC1035,Bulk_Upload,61,2026-04-26
ACC1108,Report_Gen,90,2026-04-28
ACC1487,API_Access,17,2026-04-08
ACC1410,Dashboard,26,2026-05-02
ACC1174,Team_Collab,87,2026-05-04
ACC1365,API_Access,100,2026-04-10
ACC1293,API_Access,83,2026-04-22
ACC1239,API_Access,22,2026-04-07
ACC1217,Team_Collab,41,2026-04-21
ACC1051,Team_Collab,55,2026-04-28
ACC1101,Bulk_Upload,73,2026-04-27
ACC1320,Report_Gen,1,2026-05-01
ACC1432,Report_Gen,48,2026-04-09
ACC1292,Bulk_Upload,48,2026-04-23
ACC1445,Dashboard,93,2026-04-24
ACC1143,Bulk_Upload,71,2026-04-09
ACC1406,Dashboard,12,2026-04-07
ACC1369,API_Access,41,2026-04-07
ACC1479,API_Access,57,2026-04-14
ACC1447,Team_Collab,92,2026-04-22
ACC1358,API_Access,46,2026-04-18
ACC1161,API_Access,47,2026-04-29
ACC1320,Team_Collab,82,2026-04-06
ACC1485,Dashboard,16,2026-05-02
ACC1316,Bulk_Upload,15,2026-04-24
ACC1461,Dashboard,21,2026-05-05
ACC1046,API_Access,17,2026-04-06
ACC1093,Report_Gen,66,2026-04-17
ACC1356,Report_Gen,74,2026-04-08
ACC1221,API_Access,53,2026-04-22
ACC1235,Bulk_Upload,70,2026-04-25
ACC1153,Report_Gen,54,2026-04-25
ACC1387,Dashboard,20,2026-04-13
ACC1261,API_Access,29,2026-04-08
ACC1498,API_Access,86,2026-04-14
ACC1026,Team_Collab,50,2026-04-11
ACC1336,Dashboard,83,2026-04-09
ACC1418,Report_Gen,72,2026-04-19
ACC1374,Dashboard,65,2026-04-25
ACC1139,Dashboard,67,2026-04-14
ACC1075,Dashboard,16,2026-04-11
ACC1178,Dashboard,12,2026-04-30
ACC1095,Team_Collab,60,2026-04-09
ACC1223,Team_Collab,98,2026-05-05
ACC1124,Dashboard,48,2026-04-09
ACC1335,Bulk_Upload,38,2026-04-13
ACC1046,Bulk_Upload,98,2026-04-29
ACC1243,Report_Gen,29,2026-04-26
ACC1303,Bulk_Upload,62,2026-04-16
ACC1253,Dashboard,74,2026-04-08
ACC1016,Report_Gen,44,2026-04-28
ACC1289,Bulk_Upload,12,2026-04-13
ACC1292,Team_Collab,70,2026-04-15
ACC1186,Bulk_Upload,21,2026-04-27
ACC1223,Bulk_Upload,53,2026-04-16
ACC1114,Report_Gen,65,2026-04-06
ACC1335,Bulk_Upload,51,2026-04-25
ACC1090,Bulk_Upload,12,2026-04-22
ACC1460,Bulk_Upload,50,2026-04-13
ACC1218,API_Access,34,2026-04-27
ACC1486,Report_Gen,98,2026-04-20
ACC1362,Bulk_Upload,72,2026-04-15
ACC1091,Team_Collab,86,2026-04-11
ACC1323,Team_Collab,24,2026-05-05
ACC1346,Bulk_Upload,49,2026-04-15
ACC1063,Bulk_Upload,8,2026-04-26
ACC1437,Bulk_Upload,38,2026-04-26
ACC1319,Bulk_Upload,12,2026-04-23
ACC1103,Bulk_Upload,73,2026-04-13
ACC1309,API_Access,21,2026-04-21
ACC1449,Team_Collab,16,2026-04-10
ACC1179,Report_Gen,92,2026-05-05
ACC1447,Dashboard,62,2026-04-16
ACC1020,Report_Gen,69,2026-04-07
ACC1200,Dashboard,50,2026-04-19
ACC1035,Team_Collab,42,2026-05-03
ACC1342,Dashboard,43,2026-05-04
ACC1277,API_Access,36,2026-04-13
ACC1093,Bulk_Upload,55,2026-04-08
ACC1286,Team_Collab,13,2026-04-19
ACC1214,Report_Gen,63,2026-05-03
ACC1112,API_Access,1,2026-04-21
ACC1190,Bulk_Upload,81,2026-04-23
ACC1223,Bulk_Upload,44,2026-04-30
ACC1427,Dashboard,45,2026-05-05
ACC1485,Team_Collab,36,2026-05-04
ACC1492,Report_Gen,58,2026-04-26
ACC1435,Bulk_Upload,70,2026-04-28
ACC1134,Team_Collab,43,2026-04-11
ACC1450,Report_Gen,3,2026-04-10
ACC1473,API_Access,10,2026-04-29
ACC1281,Dashboard,57,2026-04-19
ACC1209,Team_Collab,17,2026-04-19
ACC1422,Bulk_Upload,30,2026-04-10
ACC1101,API_Access,25,2026-04-15
ACC1052,Report_Gen,55,2026-04-11
ACC1101,Dashboard,32,2026-05-01
ACC1149,Team_Collab,76,2026-04-12
ACC1367,Report_Gen,67,2026-04-21
ACC1103,Team_Collab,64,2026-04-28
ACC1078,API_Access,34,2026-04-29
ACC1350,Report_Gen,33,2026-04-23
ACC1085,Team_Collab,61,2026-05-04
ACC1275,Report_Gen,67,2026-04-20
ACC1454,API_Access,41,2026-04-22
ACC1388,Team_Collab,68,2026-04-14
ACC1461,Bulk_Upload,88,2026-04-20
ACC1494,Bulk_Upload,77,2026-04-16
ACC1412,Report_Gen,59,2026-04-27
ACC1302,API_Access,23,2026-04-25
ACC1031,API_Access,29,2026-04-20
ACC1005,Team_Collab,50,2026-04-21
ACC1495,Team_Collab,59,2026-04-09
ACC1222,Team_Collab,61,2026-04-06
ACC1199,Dashboard,9,2026-04-16
ACC1132,Dashboard,41,2026-04-20
ACC1339,Dashboard,5,2026-04-12
ACC1060,Report_Gen,12,2026-04-10
ACC1088,API_Access,73,2026-04-17
ACC1013,Dashboard,86,2026-04-18
ACC1009,Bulk_Upload,60,2026-04-08
ACC1046,Bulk_Upload,7,2026-04-17
ACC1293,Team_Collab,82,2026-04-22
ACC1280,Report_Gen,60,2026-04-30
ACC1303,Bulk_Upload,84,2026-04-22
ACC1296,Team_Collab,17,2026-04-20
ACC1342,Bulk_Upload,14,2026-04-10
ACC1368,API_Access,73,2026-05-03
ACC1347,Dashboard,45,2026-05-01
ACC1330,Bulk_Upload,93,2026-04-15
ACC1335,Dashboard,44,2026-04-29
ACC1337,API_Access,89,2026-04-19
ACC1430,Team_Collab,98,2026-04-24
ACC1109,API_Access,39,2026-04-27
ACC1079,Bulk_Upload,56,2026-04-18
ACC1356,API_Access,43,2026-04-16
ACC1374,API_Access,14,2026-04-10
ACC1446,Dashboard,89,2026-04-07
ACC1188,Dashboard,1,2026-04-14
ACC1060,Dashboard,86,2026-04-18
ACC1428,Report_Gen,1,2026-04-30
ACC1202,Dashboard,15,2026-05-05
ACC1430,Bulk_Upload,51,2026-05-04
ACC1397,Dashboard,38,2026-04-10
ACC1365,Dashboard,89,2026-04-13
ACC1029,Bulk_Upload,21,2026-05-03
ACC1430,Report_Gen,76,2026-04-22
ACC1090,Dashboard,32,2026-04-08
ACC1366,API_Access,60,2026-04-16
ACC1164,Team_Collab,45,2026-05-01
ACC1370,Team_Collab,96,2026-04-27
ACC1345,Team_Collab,87,2026-04-20
ACC1026,Team_Collab,33,2026-04-30
ACC1076,Team_Collab,91,2026-04-23
ACC1347,Team_Collab,33,2026-04-08
ACC1154,Dashboard,96,2026-04-19
ACC1275,Report_Gen,54,2026-04-06
ACC1087,Team_Collab,100,2026-04-30
ACC1129,API_Access,61,2026-04-07
ACC1196,Report_Gen,2,2026-05-04
ACC1168,Team_Collab,95,2026-04-27
ACC1436,API_Access,40,2026-04-11
ACC1378,Bulk_Upload,27,2026-04-21
ACC1386,Team_Collab,44,2026-04-13
ACC1466,Team_Collab,16,2026-04-11
ACC1193,Team_Collab,100,2026-04-30
ACC1187,Bulk_Upload,49,2026-05-03
ACC1266,API_Access,1,2026-04-10
ACC1386,API_Access,71,2026-05-04
ACC1396,Report_Gen,14,2026-04-23
ACC1406,Report_Gen,66,2026-04-23
ACC1174,Bulk_Upload,59,2026-04-15
ACC1359,Team_Collab,5,2026-04-07
ACC1450,Report_Gen,83,2026-05-01
ACC1213,Report_Gen,71,2026-05-04
ACC1237,Bulk_Upload,67,2026-04-13
ACC1209,Team_Collab,16,2026-04-12
ACC1194,API_Access,96,2026-04-10
ACC1444,Report_Gen,5,2026-04-10
ACC1413,API_Access,33,2026-04-14
ACC1245,Report_Gen,41,2026-04-30
ACC1147,Team_Collab,22,2026-04-22
ACC1094,Dashboard,57,2026-05-03
ACC1090,Bulk_Upload,75,2026-05-01
ACC1099,Report_Gen,77,2026-04-12
ACC1242,Bulk_Upload,78,2026-04-06
ACC1067,Bulk_Upload,96,2026-05-04
ACC1077,API_Access,11,2026-04-18
ACC1155,Report_Gen,2,2026-04-08
ACC1384,Dashboard,54,2026-04-15
ACC1166,Team_Collab,85,2026-04-30
ACC1140,API_Access,17,2026-04-06
ACC1482,Dashboard,75,2026-04-20
ACC1121,API_Access,73,2026-04-12
ACC1047,API_Access,45,2026-04-13
ACC1036,Team_Collab,22,2026-04-16
ACC1492,Bulk_Upload,78,2026-04-22
ACC1154,Team_Collab,100,2026-04-08
ACC1109,Team_Collab,49,2026-04-08
ACC1140,Team_Collab,1,2026-04-25
ACC1101,API_Access,63,2026-05-02
ACC1302,API_Access,47,2026-04-08
ACC1015,API_Access,94,2026-04-19
ACC1431,Bulk_Upload,32,2026-04-26
ACC1108,Team_Collab,79,2026-04-20
ACC1110,Team_Collab,72,2026-04-19
ACC1419,Team_Collab,98,2026-04-27
ACC1188,Dashboard,47,2026-04-14
ACC1255,API_Access,46,2026-04-09
ACC1403,Bulk_Upload,86,2026-04-06
ACC1020,Team_Collab,97,2026-04-19
ACC1049,API_Access,74,2026-04-17
ACC1338,Report_Gen,35,2026-04-10
ACC1045,Team_Collab,76,2026-04-13
ACC1192,Dashboard,28,2026-05-05
ACC1008,Dashboard,89,2026-04-21
ACC1384,API_Access,71,2026-04-27
ACC1294,Bulk_Upload,2,2026-04-06
ACC1013,Report_Gen,17,2026-04-14
ACC1144,API_Access,87,2026-04-20
ACC1246,Bulk_Upload,88,2026-04-17
ACC1124,API_Access,41,2026-04-19
ACC1333,API_Access,76,2026-04-13
ACC1307,Report_Gen,23,2026-04-27
ACC1121,Team_Collab,71,2026-04-30
ACC1376,API_Access,64,2026-04-15
ACC1430,Team_Collab,50,2026-04-16
ACC1257,API_Access,3,2026-04-27
ACC1375,Bulk_Upload,15,2026-04-28
ACC1283,Report_Gen,83,2026-04-25
ACC1350,API_Access,55,2026-05-03
ACC1332,API_Access,84,2026-04-28
ACC1410,Bulk_Upload,78,2026-04-09
ACC1451,Report_Gen,97,2026-04-12
ACC1000,Bulk_Upload,81,2026-04-22
ACC1279,Dashboard,14,2026-04-16
ACC1268,Report_Gen,33,2026-04-07
ACC1287,Bulk_Upload,39,2026-04-19
ACC1032,Dashboard,92,2026-04-14
ACC1212,Report_Gen,28,2026-04-07
ACC1111,API_Access,44,2026-04-30
ACC1234,Bulk_Upload,62,2026-05-01
ACC1058,Report_Gen,28,2026-04-18
ACC1037,Dashboard,72,2026-04-12
ACC1149,Report_Gen,98,2026-04-18
ACC1475,Dashboard,49,2026-04-13
ACC1152,Bulk_Upload,85,2026-05-02
ACC1315,API_Access,1,2026-04-18
ACC1167,API_Access,16,2026-04-08
ACC1046,Dashboard,60,2026-04-18
ACC1241,Report_Gen,14,2026-04-17
ACC1178,API_Access,68,2026-04-10
ACC1365,API_Access,9,2026-04-10
ACC1332,API_Access,20,2026-04-23
ACC1214,Bulk_Upload,33,2026-04-25
ACC1361,Report_Gen,45,2026-04-10
ACC1279,Dashboard,36,2026-04-19
ACC1262,Bulk_Upload,42,2026-04-16
ACC1467,Bulk_Upload,57,2026-04-19
ACC1017,Bulk_Upload,95,2026-04-06
ACC1306,Dashboard,20,2026-04-12
ACC1196,API_Access,21,2026-04-08
ACC1252,API_Access,34,2026-04-12
ACC1005,Bulk_Upload,80,2026-04-21
ACC1193,Report_Gen,69,2026-04-10
ACC1284,Team_Collab,34,2026-04-27
ACC1292,Bulk_Upload,34,2026-04-10
ACC1209,Team_Collab,27,2026-04-15
ACC1390,Bulk_Upload,5,2026-04-14
ACC1433,Report_Gen,4,2026-04-12
ACC1067,API_Access,16,2026-04-27
ACC1456,Team_Collab,84,2026-04-27
ACC1275,API_Access,50,2026-04-25
ACC1033,Bulk_Upload,2,2026-04-10
ACC1439,Dashboard,91,2026-05-01
ACC1231,Team_Collab,6,2026-04-14
ACC1103,Team_Collab,17,2026-04-21
ACC1090,Dashboard,40,2026-04-25
ACC1476,Report_Gen,43,2026-04-18
ACC1007,Team_Collab,46,2026-04-20
ACC1476,API_Access,71,2026-04-23
ACC1134,Team_Collab,6,2026-04-09
ACC1305,API_Access,39,2026-04-09
ACC1206,API_Access,87,2026-05-02
ACC1159,Dashboard,99,2026-05-04
ACC1037,Dashboard,78,2026-04-27
ACC1265,Dashboard,81,2026-04-13
ACC1017,API_Access,60,2026-04-15
ACC1424,Team_Collab,30,2026-04-20
ACC1270,Dashboard,51,2026-04-25
ACC1118,Dashboard,63,2026-04-12
ACC1396,API_Access,63,2026-04-14
ACC1148,Report_Gen,86,2026-04-25
ACC1107,Report_Gen,19,2026-05-01
ACC1386,API_Access,65,2026-04-08
ACC1133,Bulk_Upload,28,2026-04-12
ACC1499,API_Access,82,2026-04-28
ACC1235,API_Access,70,2026-04-21
ACC1272,Dashboard,16,2026-04-15
ACC1318,API_Access,73,2026-04-19
ACC1270,Bulk_Upload,20,2026-04-14
ACC1424,Team_Collab,10,2026-04-09
ACC1391,API_Access,16,2026-04-09
ACC1110,Report_Gen,62,2026-04-21
ACC1017,Team_Collab,78,2026-04-21
ACC1180,Report_Gen,55,2026-04-16
ACC1398,Report_Gen,95,2026-04-29
ACC1279,Team_Collab,74,2026-04-08
ACC1349,Bulk_Upload,53,2026-05-03
ACC1376,Bulk_Upload,89,2026-05-05
ACC1113,Report_Gen,76,2026-04-10
ACC1022,API_Access,41,2026-04-07
ACC1102,Dashboard,57,2026-04-24
ACC1200,Bulk_Upload,47,2026-04-19
ACC1092,Team_Collab,21,2026-04-27
ACC1050,Report_Gen,86,2026-04-07
ACC1099,Bulk_Upload,82,2026-04-20
ACC1087,Bulk_Upload,60,2026-04-18
ACC1035,Bulk_Upload,37,2026-05-01
ACC1415,Report_Gen,96,2026-04-07
ACC1493,Team_Collab,2,2026-04-18
ACC1117,Bulk_Upload,85,2026-04-12
ACC1463,API_Access,85,2026-05-04
ACC1404,API_Access,49,2026-04-10
ACC1053,Bulk_Upload,72,2026-04-28
ACC1072,API_Access,8,2026-04-09
ACC1085,Team_Collab,24,2026-04-14
ACC1257,Dashboard,6,2026-04-19
ACC1280,Dashboard,76,2026-04-12
ACC1290,Dashboard,23,2026-04-09
ACC1363,Dashboard,32,2026-04-22
ACC1357,API_Access,53,2026-04-13
ACC1289,Bulk_Upload,9,2026-04-16
ACC1310,Dashboard,50,2026-04-12
ACC1027,Report_Gen,1,2026-05-01
ACC1388,Team_Collab,17,2026-05-03
ACC1052,API_Access,70,2026-04-22
ACC1409,Bulk_Upload,27,2026-05-03
ACC1129,Team_Collab,38,2026-04-22
ACC1420,Bulk_Upload,62,2026-04-19
ACC1347,API_Access,14,2026-04-13
ACC1073,Dashboard,32,2026-04-09
ACC1448,API_Access,25,2026-04-17
ACC1225,Report_Gen,6,2026-04-16
ACC1201,API_Access,68,2026-04-13
ACC1263,Bulk_Upload,57,2026-04-29
ACC1394,Bulk_Upload,95,2026-04-20
ACC1156,Team_Collab,66,2026-04-21
ACC1238,Dashboard,33,2026-05-01
ACC1467,Dashboard,51,2026-04-10
ACC1236,Dashboard,51,2026-04-10
ACC1136,Report_Gen,85,2026-05-01
ACC1444,Report_Gen,71,2026-04-08
ACC1468,Dashboard,96,2026-04-13
ACC1116,Dashboard,56,2026-04-09
ACC1225,Report_Gen,12,2026-04-18
ACC1054,Dashboard,39,2026-04-09
ACC1392,Dashboard,76,2026-04-19
ACC1124,Bulk_Upload,18,2026-04-14
ACC1494,Report_Gen,48,2026-04-28
ACC1146,Bulk_Upload,88,2026-04-26
ACC1171,Team_Collab,34,2026-04-30
ACC1132,Bulk_Upload,12,2026-04-24
ACC1091,Report_Gen,54,2026-04-20
ACC1025,API_Access,17,2026-04-07
ACC1221,Dashboard,97,2026-04-29
ACC1053,Bulk_Upload,4,2026-05-02
ACC1488,Dashboard,5,2026-05-04
ACC1149,Report_Gen,15,2026-04-19
ACC1440,Bulk_Upload,71,2026-04-19
ACC1104,Dashboard,3,2026-04-08
ACC1103,Bulk_Upload,42,2026-04-09
ACC1481,Dashboard,77,2026-05-03
ACC1037,Team_Collab,79,2026-04-21
ACC1089,Dashboard,33,2026-04-22
ACC1214,API_Access,19,2026-04-12
ACC1146,Bulk_Upload,35,2026-04-28
ACC1462,Team_Collab,14,2026-04-20
ACC1267,Dashboard,52,2026-04-09
ACC1039,Bulk_Upload,34,2026-04-13
ACC1384,Bulk_Upload,46,2026-05-02
ACC1009,Bulk_Upload,2,2026-04-20
ACC1051,Report_Gen,47,2026-04-20
ACC1185,Dashboard,2,2026-04-13
ACC1304,Team_Collab,21,2026-04-20
ACC1214,API_Access,58,2026-04-22
ACC1014,Team_Collab,18,2026-04-27
ACC1298,Report_Gen,27,2026-04-19
ACC1474,Team_Collab,76,2026-04-11
ACC1288,Team_Collab,29,2026-04-21
ACC1005,API_Access,99,2026-04-23
ACC1073,Report_Gen,12,2026-04-11
ACC1402,Bulk_Upload,45,2026-04-14
ACC1228,Team_Collab,69,2026-04-30
ACC1340,Dashboard,58,2026-04-11
ACC1308,Report_Gen,86,2026-04-28
ACC1185,Dashboard,83,2026-04-28
ACC1281,API_Access,88,2026-04-10
ACC1219,Bulk_Upload,88,2026-04-18
ACC1177,API_Access,87,2026-05-02
ACC1410,Bulk_Upload,19,2026-04-12
ACC1079,Team_Collab,7,2026-04-19
ACC1325,Report_Gen,56,2026-04-13
ACC1073,Team_Collab,12,2026-04-28
ACC1390,Report_Gen,69,2026-04-12
ACC1044,API_Access,1,2026-04-19
ACC1389,Team_Collab,94,2026-04-30
ACC1453,Dashboard,85,2026-04-08
ACC1226,Bulk_Upload,91,2026-04-18
ACC1341,Team_Collab,23,2026-04-21
ACC1044,API_Access,5,2026-04-16
ACC1031,API_Access,56,2026-04-10
ACC1386,API_Access,61,2026-04-10
ACC1063,API_Access,51,2026-04-26
ACC1330,API_Access,69,2026-04-22
ACC1080,Dashboard,65,2026-04-26
ACC1381,API_Access,40,2026-04-16
ACC1205,Dashboard,75,2026-04-10
ACC1169,Bulk_Upload,40,2026-04-24
ACC1330,Report_Gen,91,2026-05-02
ACC1387,Bulk_Upload,55,2026-04-11
ACC1346,Team_Collab,80,2026-04-17
ACC1390,Team_Collab,56,2026-04-07
ACC1216,Bulk_Upload,80,2026-04-23
ACC1112,API_Access,40,2026-05-03
ACC1169,Report_Gen,82,2026-04-13
ACC1131,API_Access,29,2026-04-10
ACC1177,API_Access,39,2026-04-09
ACC1169,Bulk_Upload,79,2026-04-18
ACC1358,Report_Gen,89,2026-04-20
ACC1320,Report_Gen,94,2026-04-24
ACC1214,Report_Gen,91,2026-04-21
ACC1109,Bulk_Upload,87,2026-04-19
ACC1208,Dashboard,57,2026-04-10
ACC1014,Team_Collab,70,2026-04-15
ACC1007,Bulk_Upload,56,2026-04-30
ACC1185,Team_Collab,26,2026-04-27
ACC1348,Team_Collab,72,2026-04-06
ACC1023,API_Access,60,2026-04-25
ACC1068,Team_Collab,95,2026-05-05
ACC1077,Report_Gen,86,2026-04-14
ACC1154,Dashboard,63,2026-05-01
ACC1406,Team_Collab,61,2026-04-27
ACC1222,Dashboard,89,2026-04-23
ACC1069,Report_Gen,91,2026-05-04
ACC1019,API_Access,45,2026-04-15
ACC1168,Bulk_Upload,18,2026-05-05
ACC1450,Bulk_Upload,24,2026-05-04
ACC1265,API_Access,80,2026-04-07
ACC1208,Bulk_Upload,56,2026-04-28
ACC1144,Dashboard,40,2026-04-13
ACC1154,Bulk_Upload,75,2026-04-09
ACC1057,Dashboard,98,2026-04-12
ACC1462,Bulk_Upload,99,2026-04-18
ACC1295,Dashboard,98,2026-05-03
ACC1169,Dashboard,91,2026-04-23
ACC1083,Team_Collab,44,2026-05-05
ACC1486,Bulk_Upload,57,2026-04-09
ACC1335,Dashboard,20,2026-04-10
ACC1437,API_Access,14,2026-04-25
ACC1145,Dashboard,91,2026-04-09
ACC1208,API_Access,94,2026-04-10
ACC1300,Team_Collab,19,2026-04-25
ACC1196,Report_Gen,52,2026-04-12
ACC1338,Dashboard,88,2026-04-29
ACC1282,Bulk_Upload,42,2026-04-17
ACC1314,Bulk_Upload,60,2026-04-12
ACC1185,Bulk_Upload,78,2026-04-08
ACC1005,Team_Collab,56,2026-04-20
ACC1101,Team_Collab,59,2026-04-14
ACC1373,Report_Gen,73,2026-05-02
ACC1485,Team_Collab,72,2026-04-27
ACC1332,Team_Collab,77,2026-04-17
ACC1318,Bulk_Upload,52,2026-04-13
ACC1487,API_Access,47,2026-04-21
ACC1292,Dashboard,53,2026-04-23
ACC1217,Report_Gen,23,2026-04-10
ACC1482,Report_Gen,82,2026-04-19
ACC1294,Team_Collab,84,2026-04-08
ACC1169,Team_Collab,3,2026-04-25
ACC1292,Dashboard,26,2026-05-01
ACC1483,Report_Gen,19,2026-04-11
ACC1069,Team_Collab,24,2026-04-28
ACC1097,Bulk_Upload,59,2026-04-20
ACC1435,API_Access,49,2026-04-10
ACC1352,Bulk_Upload,7,2026-04-21
ACC1026,Bulk_Upload,16,2026-04-07
ACC1315,Dashboard,22,2026-04-14
ACC1395,Bulk_Upload,8,2026-04-22
ACC1225,API_Access,8,2026-04-29
ACC1327,API_Access,88,2026-04-15
ACC1127,Dashboard,12,2026-04-06
ACC1047,API_Access,77,2026-04-19
ACC1026,Dashboard,95,2026-04-28
ACC1280,Dashboard,15,2026-04-15
ACC1409,Report_Gen,81,2026-04-13
ACC1060,Team_Collab,68,2026-04-23
ACC1360,Bulk_Upload,47,2026-04-15
ACC1148,Dashboard,63,2026-05-05
ACC1456,API_Access,61,2026-05-02
ACC1015,Bulk_Upload,95,2026-04-06
ACC1091,Team_Collab,12,2026-05-03
ACC1274,Dashboard,82,2026-04-17
ACC1069,Team_Collab,22,2026-04-11
ACC1486,API_Access,44,2026-04-17
ACC1419,Team_Collab,11,2026-04-18
ACC1189,API_Access,54,2026-04-06
ACC1306,Dashboard,1,2026-04-10
ACC1292,Bulk_Upload,16,2026-04-21
ACC1473,Bulk_Upload,93,2026-04-26
ACC1367,Dashboard,73,2026-05-02
ACC1042,Team_Collab,33,2026-04-28
ACC1499,Report_Gen,55,2026-04-14
ACC1445,Dashboard,28,2026-04-15
ACC1233,Dashboard,73,2026-04-08
ACC1126,Dashboard,6,2026-04-15
ACC1207,Bulk_Upload,53,2026-04-27
ACC1120,Dashboard,23,2026-05-05
ACC1340,API_Access,17,2026-05-02
ACC1367,API_Access,42,2026-04-19
ACC1170,Team_Collab,32,2026-04-24
ACC1317,Dashboard,52,2026-04-06
ACC1351,Team_Collab,70,2026-05-03
ACC1251,Dashboard,25,2026-04-12
ACC1189,Bulk_Upload,19,2026-04-29
ACC1271,Dashboard,93,2026-04-09
ACC1482,Dashboard,2,2026-04-23
ACC1002,Bulk_Upload,39,2026-04-07
ACC1153,Report_Gen,97,2026-05-02
ACC1349,Dashboard,50,2026-04-22
ACC1006,Dashboard,19,2026-04-29
ACC1293,Dashboard,65,2026-04-30
ACC1384,Team_Collab,82,2026-04-17
ACC1497,Team_Collab,16,2026-04-21
ACC1290,API_Access,25,2026-04-20
ACC1098,Report_Gen,73,2026-04-21
ACC1146,Report_Gen,82,2026-04-06
ACC1319,Bulk_Upload,100,2026-04-07
ACC1202,Dashboard,32,2026-04-10
ACC1422,Report_Gen,50,2026-04-28
ACC1308,Report_Gen,26,2026-04-26
ACC1079,Team_Collab,14,2026-04-21
ACC1172,Bulk_Upload,7,2026-04-23
ACC1438,Report_Gen,72,2026-04-08
ACC1065,API_Access,56,2026-04-24
ACC1019,Report_Gen,94,2026-04-14
ACC1113,Team_Collab,19,2026-05-05
ACC1408,Report_Gen,2,2026-04-14
ACC1025,Dashboard,84,2026-04-16
ACC1367,Bulk_Upload,11,2026-04-13
ACC1359,Bulk_Upload,10,2026-04-29
ACC1238,Team_Collab,94,2026-04-25
ACC1487,Report_Gen,52,2026-04-11
ACC1264,Bulk_Upload,13,2026-04-07
ACC1496,Dashboard,10,2026-04-23
ACC1197,Report_Gen,64,2026-04-06
ACC1223,Report_Gen,85,2026-04-24
ACC1355,Report_Gen,41,2026-05-02
ACC1344,Report_Gen,97,2026-04-16
ACC1385,Report_Gen,43,2026-05-02
ACC1074,Bulk_Upload,9,2026-04-23
ACC1094,Bulk_Upload,16,2026-04-24
ACC1479,Team_Collab,10,2026-04-27
ACC1130,Dashboard,41,2026-04-08
ACC1175,API_Access,58,2026-04-16
ACC1449,Team_Collab,82,2026-04-11
ACC1154,Dashboard,95,2026-04-18
ACC1063,Dashboard,69,2026-04-06
ACC1280,API_Access,98,2026-04-09
ACC1314,API_Access,80,2026-04-13
ACC1021,Dashboard,56,2026-05-01
ACC1265,Bulk_Upload,49,2026-05-01
ACC1197,Team_Collab,16,2026-04-30
ACC1162,Dashboard,13,2026-04-29
ACC1323,Team_Collab,12,2026-05-05
ACC1498,Bulk_Upload,56,2026-05-01
ACC1359,Report_Gen,51,2026-04-08
ACC1278,Bulk_Upload,83,2026-05-03
ACC1246,Team_Collab,95,2026-04-15
ACC1014,Report_Gen,77,2026-04-19
ACC1065,Dashboard,63,2026-04-09
ACC1082,Bulk_Upload,6,2026-04-15
ACC1454,Bulk_Upload,55,2026-05-05
ACC1137,API_Access,25,2026-05-01
ACC1106,Dashboard,81,2026-04-14
ACC1027,API_Access,37,2026-04-11
ACC1083,Dashboard,69,2026-04-22
ACC1428,API_Access,92,2026-04-30
ACC1356,Team_Collab,10,2026-04-12
ACC1079,Bulk_Upload,46,2026-04-21
ACC1445,Team_Collab,24,2026-04-27
ACC1089,Dashboard,21,2026-04-06
ACC1290,Report_Gen,76,2026-04-29
ACC1464,Team_Collab,81,2026-04-11
ACC1449,Report_Gen,93,2026-04-12
ACC1228,Team_Collab,72,2026-04-18
ACC1259,API_Access,66,2026-04-28
ACC1071,API_Access,5,2026-04-07
ACC1188,Dashboard,71,2026-04-21
ACC1465,Team_Collab,42,2026-05-03
ACC1331,API_Access,23,2026-04-08
ACC1006,Bulk_Upload,67,2026-05-04
ACC1452,Team_Collab,82,2026-04-24
ACC1010,Report_Gen,25,2026-04-21
ACC1132,Bulk_Upload,29,2026-04-13
ACC1075,API_Access,90,2026-04-17
ACC1449,Team_Collab,55,2026-04-21
ACC1095,Team_Collab,70,2026-05-01
ACC1448,Report_Gen,15,2026-05-05
ACC1455,Team_Collab,44,2026-05-03
ACC1256,API_Access,32,2026-04-06
ACC1428,API_Access,84,2026-04-07
ACC1324,Team_Collab,67,2026-04-28
ACC1339,Report_Gen,31,2026-04-08
ACC1267,Team_Collab,84,2026-04-06
ACC1405,Bulk_Upload,74,2026-05-04
ACC1233,Report_Gen,96,2026-04-25
ACC1190,Team_Collab,90,2026-04-08
ACC1018,Team_Collab,80,2026-04-17
ACC1366,Report_Gen,22,2026-04-14
ACC1220,Team_Collab,72,2026-04-25
ACC1173,Bulk_Upload,28,2026-04-08
ACC1028,API_Access,33,2026-04-19
ACC1274,Bulk_Upload,54,2026-04-09
ACC1258,Dashboard,86,2026-04-24
ACC1010,API_Access,94,2026-04-07
ACC1498,API_Access,92,2026-05-04
ACC1353,Dashboard,35,2026-04-09
ACC1336,Report_Gen,88,2026-05-02
ACC1345,Team_Collab,23,2026-05-05
ACC1367,Dashboard,35,2026-04-30
ACC1233,Bulk_Upload,90,2026-04-07
ACC1274,Bulk_Upload,91,2026-04-07
ACC1292,Team_Collab,41,2026-04-09
ACC1256,Dashboard,71,2026-05-05
ACC1068,Report_Gen,95,2026-05-04
ACC1450,Report_Gen,11,2026-04-07
ACC1247,Bulk_Upload,39,2026-04-29
ACC1284,Dashboard,100,2026-04-07
ACC1057,Dashboard,81,2026-04-21
ACC1139,Report_Gen,66,2026-05-02
ACC1227,API_Access,45,2026-04-12
ACC1448,Bulk_Upload,44,2026-04-20
ACC1151,Bulk_Upload,45,2026-04-26
ACC1407,Team_Collab,70,2026-04-06
ACC1403,Dashboard,96,2026-05-04
ACC1243,API_Access,26,2026-04-17
ACC1297,Bulk_Upload,85,2026-04-29
ACC1133,Report_Gen,45,2026-04-23
ACC1217,API_Access,20,2026-04-08
ACC1396,Dashboard,91,2026-04-08
ACC1440,Bulk_Upload,39,2026-04-17
ACC1010,API_Access,26,2026-04-12
ACC1193,Dashboard,69,2026-04-18
ACC1250,Bulk_Upload,25,2026-04-09
ACC1046,Dashboard,68,2026-04-28
ACC1382,Bulk_Upload,34,2026-04-06
ACC1320,Report_Gen,9,2026-04-11
ACC1460,Bulk_Upload,97,2026-04-06
ACC1351,Report_Gen,3,2026-04-14
ACC1463,Team_Collab,47,2026-04-30
ACC1167,Team_Collab,95,2026-05-01
ACC1250,Dashboard,32,2026-04-13
ACC1137,Team_Collab,67,2026-04-11
ACC1336,API_Access,89,2026-04-28
ACC1318,API_Access,41,2026-04-06
ACC1306,Bulk_Upload,96,2026-04-09
ACC1278,Report_Gen,23,2026-04-21
ACC1228,Report_Gen,18,2026-04-25
ACC1194,Team_Collab,3,2026-04-06
ACC1054,Dashboard,45,2026-05-02
ACC1068,Bulk_Upload,1,2026-04-20
ACC1111,Report_Gen,70,2026-04-10
ACC1418,Bulk_Upload,79,2026-04-20
ACC1235,Report_Gen,17,2026-04-09
ACC1054,Report_Gen,14,2026-04-22
ACC1445,Dashboard,52,2026-04-08
ACC1159,Dashboard,23,2026-05-01
ACC1476,Bulk_Upload,96,2026-04-14
ACC1474,Team_Collab,71,2026-04-16
ACC1178,API_Access,39,2026-04-25
ACC1114,Report_Gen,94,2026-04-10
ACC1396,Team_Collab,66,2026-04-25
ACC1381,API_Access,19,2026-04-16
ACC1319,Bulk_Upload,6,2026-04-11
ACC1440,Bulk_Upload,62,2026-04-09
ACC1274,Dashboard,31,2026-04-25
ACC1419,Bulk_Upload,31,2026-04-18
ACC1282,Team_Collab,31,2026-04-07
ACC1230,Bulk_Upload,75,2026-05-04
ACC1402,Dashboard,84,2026-04-30
ACC1467,Dashboard,99,2026-04-20
ACC1439,Dashboard,76,2026-04-23
ACC1469,Dashboard,57,2026-05-02
ACC1196,API_Access,6,2026-04-14
ACC1330,Bulk_Upload,4,2026-04-24
ACC1034,Team_Collab,35,2026-04-17
ACC1451,API_Access,88,2026-04-30
ACC1277,Dashboard,27,2026-04-24
ACC1357,Team_Collab,25,2026-04-26
ACC1114,Team_Collab,78,2026-04-11
ACC1487,Report_Gen,87,2026-04-06
ACC1446,Report_Gen,83,2026-04-12
ACC1306,Bulk_Upload,94,2026-04-12
ACC1146,Dashboard,41,2026-04-28
ACC1062,Team_Collab,38,2026-04-30
ACC1013,Report_Gen,88,2026-04-09
ACC1300,Dashboard,69,2026-05-02
ACC1346,API_Access,61,2026-04-23
ACC1207,Dashboard,21,2026-04-13
ACC1202,Bulk_Upload,39,2026-04-13
ACC1404,Bulk_Upload,45,2026-04-15
ACC1175,Dashboard,95,2026-04-21
ACC1267,Bulk_Upload,88,2026-05-05
ACC1456,Bulk_Upload,12,2026-04-08
ACC1377,Dashboard,35,2026-04-15
ACC1046,Bulk_Upload,87,2026-04-24
ACC1285,Bulk_Upload,97,2026-04-19
ACC1254,Report_Gen,10,2026-04-29
ACC1465,Team_Collab,93,2026-04-15
ACC1167,Bulk_Upload,76,2026-04-30
ACC1382,Bulk_Upload,26,2026-04-27
ACC1486,Report_Gen,71,2026-05-02
ACC1155,Team_Collab,28,2026-04-23
ACC1065,Report_Gen,81,2026-05-04
ACC1432,Report_Gen,23,2026-05-03
ACC1167,Bulk_Upload,40,2026-04-09
ACC1325,API_Access,3,2026-04-10
ACC1498,API_Access,34,2026-04-13
ACC1220,Bulk_Upload,27,2026-04-10
ACC1229,Report_Gen,3,2026-04-18
ACC1427,Dashboard,73,2026-04-22
ACC1337,API_Access,63,2026-05-05
ACC1026,Report_Gen,75,2026-05-02
ACC1485,API_Access,60,2026-04-24
ACC1392,Report_Gen,64,2026-04-11
ACC1472,Dashboard,9,2026-04-09
ACC1259,Report_Gen,15,2026-04-25
ACC1233,Team_Collab,49,2026-05-03
ACC1418,Report_Gen,49,2026-05-03
ACC1324,Report_Gen,27,2026-04-19
ACC1225,Dashboard,18,2026-04-20
ACC1483,Bulk_Upload,62,2026-04-09
ACC1286,Team_Collab,1,2026-04-12
ACC1059,Report_Gen,5,2026-04-15
ACC1204,Bulk_Upload,49,2026-04-10
ACC1472,Dashboard,88,2026-05-04
ACC1225,API_Access,36,2026-04-14
ACC1196,Dashboard,98,2026-04-12
ACC1221,Dashboard,4,2026-04-26
ACC1376,API_Access,6,2026-04-19
ACC1315,Team_Collab,40,2026-04-13
ACC1133,Bulk_Upload,71,2026-04-09
ACC1062,Team_Collab,91,2026-04-16
ACC1149,Report_Gen,60,2026-05-01
ACC1477,Report_Gen,39,2026-04-08
ACC1100,API_Access,47,2026-04-12
ACC1047,Team_Collab,12,2026-04-17
ACC1079,Team_Collab,93,2026-04-15
ACC1389,API_Access,92,2026-04-26
ACC1218,Bulk_Upload,57,2026-04-14
ACC1084,Team_Collab,39,2026-04-22
ACC1098,Bulk_Upload,76,2026-05-05
ACC1042,Bulk_Upload,84,2026-04-29
ACC1402,Report_Gen,85,2026-05-02
ACC1347,Team_Collab,98,2026-05-02
ACC1269,Bulk_Upload,78,2026-04-26
ACC1311,Report_Gen,21,2026-04-14
ACC1152,Report_Gen,17,2026-05-05
ACC1256,Report_Gen,6,2026-04-11
ACC1114,Dashboard,91,2026-04-07
ACC1372,Bulk_Upload,29,2026-04-24
ACC1169,Dashboard,41,2026-04-20
ACC1077,Report_Gen,98,2026-04-09
ACC1127,Report_Gen,32,2026-04-08
ACC1184,Bulk_Upload,27,2026-04-07
ACC1247,API_Access,25,2026-04-25
ACC1088,Dashboard,28,2026-05-02
ACC1497,Bulk_Upload,34,2026-04-20
ACC1442,Report_Gen,44,2026-05-02
ACC1254,Report_Gen,57,2026-04-24
ACC1026,Dashboard,68,2026-04-30
ACC1115,API_Access,39,2026-04-19
ACC1256,Dashboard,2,2026-04-20
ACC1263,Team_Collab,32,2026-04-07
ACC1182,API_Access,31,2026-04-11
ACC1055,Bulk_Upload,2,2026-04-13
ACC1086,API_Access,72,2026-04-21
ACC1452,API_Access,54,2026-04-10
ACC1261,Dashboard,43,2026-04-09
ACC1063,Bulk_Upload,86,2026-05-05
ACC1220,Dashboard,8,2026-04-11
ACC1248,API_Access,56,2026-04-13
ACC1074,Bulk_Upload,6,2026-05-05
ACC1331,API_Access,90,2026-04-09
ACC1152,Team_Collab,84,2026-04-09
ACC1438,Team_Collab,8,2026-05-01
ACC1050,Bulk_Upload,6,2026-04-15
ACC1435,Bulk_Upload,64,2026-04-20
ACC1381,API_Access,37,2026-04-12
ACC1452,Report_Gen,7,2026-04-21
ACC1132,Report_Gen,28,2026-04-09
ACC1090,Dashboard,86,2026-05-05
ACC1455,Team_Collab,7,2026-04-19
ACC1158,API_Access,84,2026-05-03
ACC1349,Team_Collab,11,2026-05-03
ACC1314,Team_Collab,94,2026-05-03
ACC1084,Team_Collab,70,2026-04-25
ACC1082,Bulk_Upload,41,2026-05-02
ACC1312,Bulk_Upload,72,2026-04-21
ACC1400,Report_Gen,24,2026-05-03
ACC1287,Bulk_Upload,52,2026-04-18
ACC1246,Team_Collab,63,2026-04-21
ACC1370,Team_Collab,56,2026-05-01
ACC1229,Dashboard,43,2026-04-25
ACC1151,Dashboard,69,2026-04-17
ACC1041,Dashboard,25,2026-04-21
ACC1095,Team_Collab,95,2026-05-03
ACC1066,Team_Collab,14,2026-04-22
ACC1304,Team_Collab,67,2026-04-26
ACC1091,Bulk_Upload,18,2026-04-13
ACC1469,Team_Collab,5,2026-04-21
ACC1084,Dashboard,62,2026-04-14
ACC1164,Team_Collab,50,2026-04-09
ACC1371,Dashboard,1,2026-04-19
ACC1388,API_Access,10,2026-04-12
ACC1068,Dashboard,59,2026-04-17
ACC1228,Report_Gen,40,2026-04-13
ACC1401,Dashboard,35,2026-04-17
ACC1216,Report_Gen,96,2026-04-26
ACC1170,Dashboard,1,2026-04-18
ACC1087,Team_Collab,2,2026-04-17
ACC1324,Dashboard,85,2026-05-03
ACC1357,Report_Gen,23,2026-04-12
ACC1298,Bulk_Upload,82,2026-05-05
ACC1191,Team_Collab,91,2026-04-20
ACC1446,Bulk_Upload,45,2026-04-18
ACC1066,Team_Collab,31,2026-05-01
ACC1018,Report_Gen,47,2026-05-03
ACC1398,Dashboard,4,2026-04-27
ACC1167,Bulk_Upload,86,2026-04-20
ACC1262,API_Access,41,2026-04-22
ACC1156,Report_Gen,8,2026-04-30
ACC1358,Report_Gen,89,2026-04-23
ACC1475,Dashboard,32,2026-04-19
ACC1482,Bulk_Upload,49,2026-04-29
ACC1084,Bulk_Upload,23,2026-04-16
ACC1365,Bulk_Upload,80,2026-04-21
ACC1370,Team_Collab,90,2026-04-30
ACC1129,Report_Gen,97,2026-04-16
ACC1059,Dashboard,42,2026-04-21
ACC1249,Dashboard,43,2026-04-30
ACC1232,Bulk_Upload,17,2026-04-25
ACC1215,Team_Collab,84,2026-04-30
ACC1288,Bulk_Upload,69,2026-04-08
ACC1016,Bulk_Upload,86,2026-04-24
ACC1374,API_Access,47,2026-04-30
ACC1190,Team_Collab,7,2026-05-02
ACC1083,Dashboard,55,2026-04-27
ACC1478,Dashboard,84,2026-05-02
ACC1395,Report_Gen,5,2026-04-23
ACC1076,Report_Gen,71,2026-04-14
ACC1460,Report_Gen,86,2026-04-17
ACC1213,Bulk_Upload,87,2026-04-16
ACC1468,Report_Gen,56,2026-04-13
ACC1209,Team_Collab,100,2026-04-14
ACC1271,Bulk_Upload,55,2026-04-28
ACC1425,API_Access,14,2026-04-12
ACC1423,Bulk_Upload,88,2026-04-15
ACC1065,Team_Collab,18,2026-04-27
ACC1354,API_Access,72,2026-04-30
ACC1211,Report_Gen,93,2026-04-26
ACC1449,Team_Collab,77,2026-04-13
ACC1458,API_Access,98,2026-04-19
ACC1223,Report_Gen,1,2026-04-09
ACC1166,Bulk_Upload,92,2026-04-29
ACC1378,Bulk_Upload,61,2026-04-17
ACC1398,API_Access,83,2026-04-30
ACC1160,API_Access,76,2026-04-11
ACC1133,Report_Gen,17,2026-04-24
ACC1236,API_Access,46,2026-04-11
ACC1392,API_Access,19,2026-04-21
ACC1088,Team_Collab,8,2026-04-06
ACC1189,API_Access,1,2026-04-12
ACC1226,Dashboard,42,2026-04-07
ACC1433,Team_Collab,96,2026-04-12
ACC1372,Report_Gen,57,2026-05-01
ACC1460,Team_Collab,41,2026-04-28
ACC1281,Report_Gen,68,2026-04-11
ACC1285,Team_Collab,55,2026-04-13
ACC1294,Bulk_Upload,81,2026-04-11
ACC1439,Report_Gen,24,2026-05-01
ACC1083,Team_Collab,68,2026-04-22
ACC1146,Dashboard,26,2026-04-29
ACC1479,Dashboard,85,2026-04-17
ACC1332,Report_Gen,69,2026-04-30
ACC1227,API_Access,21,2026-04-24
ACC1427,Report_Gen,46,2026-05-03
ACC1489,Bulk_Upload,11,2026-04-25
ACC1468,API_Access,80,2026-04-08
ACC1270,API_Access,80,2026-04-29
ACC1334,Report_Gen,76,2026-04-15
ACC1325,Bulk_Upload,37,2026-04-18
ACC1492,Dashboard,32,2026-04-21
ACC1315,API_Access,94,2026-05-05
ACC1029,Dashboard,94,2026-04-18
ACC1077,Report_Gen,8,2026-04-09
ACC1215,Report_Gen,9,2026-04-15
ACC1476,Dashboard,47,2026-04-25
ACC1132,API_Access,94,2026-04-14
ACC1182,Report_Gen,87,2026-05-03
ACC1142,API_Access,40,2026-04-29
ACC1159,API_Access,65,2026-05-02
ACC1331,Report_Gen,15,2026-04-22
ACC1262,Bulk_Upload,56,2026-04-17
ACC1353,Report_Gen,54,2026-04-26
ACC1044,Team_Collab,39,2026-05-05
ACC1411,Team_Collab,38,2026-05-03
ACC1076,Team_Collab,80,2026-04-26
ACC1378,Bulk_Upload,83,2026-04-14
ACC1111,Report_Gen,72,2026-04-10
ACC1322,Bulk_Upload,88,2026-04-20
ACC1237,Team_Collab,90,2026-04-17
ACC1303,Team_Collab,95,2026-04-08
ACC1390,Report_Gen,87,2026-04-12
ACC1391,Report_Gen,19,2026-04-18
ACC1029,Report_Gen,46,2026-04-16
ACC1253,Team_Collab,50,2026-04-12
ACC1488,Report_Gen,3,2026-04-28
ACC1314,Dashboard,97,2026-04-22
ACC1070,Bulk_Upload,25,2026-04-17
ACC1184,API_Access,95,2026-04-17
ACC1108,Bulk_Upload,42,2026-04-27
ACC1401,Dashboard,53,2026-04-07
ACC1128,API_Access,47,2026-04-09
ACC1421,Dashboard,56,2026-04-18
ACC1157,Report_Gen,7,2026-04-22
ACC1203,API_Access,14,2026-04-30
ACC1226,Bulk_Upload,61,2026-04-07
ACC1214,Bulk_Upload,37,2026-04-30
ACC1351,Team_Collab,94,2026-04-21
ACC1132,Bulk_Upload,1,2026-04-27
ACC1136,Bulk_Upload,81,2026-04-26
ACC1253,Dashboard,68,2026-05-05
ACC1209,Team_Collab,28,2026-04-23
ACC1027,API_Access,92,2026-05-03
ACC1237,API_Access,62,2026-04-22
ACC1483,Bulk_Upload,2,2026-04-12
ACC1048,Report_Gen,92,2026-04-19
ACC1457,Team_Collab,31,2026-04-13
ACC1051,API_Access,88,2026-04-10
ACC1089,Dashboard,79,2026-05-04
ACC1316,API_Access,56,2026-05-01
ACC1263,API_Access,45,2026-04-20
ACC1291,Dashboard,8,2026-04-14
ACC1184,API_Access,80,2026-04-21
ACC1439,Dashboard,85,2026-04-18
ACC1198,Dashboard,42,2026-04-17
ACC1315,Report_Gen,24,2026-05-03
ACC1370,Team_Collab,35,2026-04-12
ACC1124,Bulk_Upload,16,2026-04-13
ACC1250,Report_Gen,25,2026-04-24
ACC1047,Team_Collab,46,2026-04-22
ACC1132,API_Access,5,2026-05-01
ACC1013,Bulk_Upload,24,2026-04-11
ACC1293,Team_Collab,85,2026-04-16
ACC1098,Report_Gen,44,2026-04-23
ACC1455,API_Access,100,2026-04-26
ACC1221,Team_Collab,28,2026-04-28
ACC1127,Team_Collab,67,2026-04-28
ACC1252,Report_Gen,67,2026-04-16
ACC1207,Team_Collab,23,2026-05-01
ACC1448,Team_Collab,52,2026-04-27
ACC1057,Bulk_Upload,87,2026-04-06
ACC1461,Report_Gen,95,2026-05-01
ACC1223,Team_Collab,68,2026-04-10
ACC1203,Bulk_Upload,94,2026-05-02
ACC1113,Report_Gen,3,2026-05-01
ACC1313,API_Access,81,2026-04-20
ACC1090,Report_Gen,3,2026-04-22
ACC1370,Bulk_Upload,85,2026-04-25
ACC1357,Team_Collab,63,2026-04-24
ACC1268,Bulk_Upload,54,2026-05-02
ACC1098,Dashboard,33,2026-04-20
ACC1269,Dashboard,12,2026-04-11
ACC1079,Team_Collab,83,2026-04-26
ACC1413,Team_Collab,19,2026-04-16
ACC1418,Team_Collab,60,2026-04-29
ACC1099,Dashboard,63,2026-04-12
ACC1447,Dashboard,92,2026-04-17
ACC1366,Bulk_Upload,27,2026-04-15
ACC1382,Report_Gen,79,2026-04-06
ACC1260,API_Access,95,2026-04-30
ACC1155,Team_Collab,61,2026-04-26
ACC1183,Report_Gen,69,2026-05-02
ACC1009,API_Access,67,2026-04-25
ACC1222,Dashboard,3,2026-04-12
ACC1104,API_Access,23,2026-04-09
ACC1336,Dashboard,4,2026-04-13
ACC1113,API_Access,65,2026-04-23
ACC1119,Team_Collab,6,2026-05-05
ACC1358,Dashboard,35,2026-04-07
ACC1460,Team_Collab,17,2026-04-15
ACC1410,Report_Gen,12,2026-05-02
ACC1243,API_Access,59,2026-04-15
ACC1108,Dashboard,50,2026-04-09
ACC1403,Bulk_Upload,85,2026-04-12
ACC1354,Bulk_Upload,25,2026-04-23
ACC1425,Team_Collab,66,2026-04-18
ACC1351,Dashboard,11,2026-04-12
ACC1473,Dashboard,64,2026-05-03
ACC1168,Team_Collab,70,2026-04-12
ACC1488,Report_Gen,86,2026-04-24
ACC1391,Report_Gen,96,2026-04-08
ACC1408,Bulk_Upload,12,2026-04-21
ACC1211,Report_Gen,6,2026-05-03
ACC1494,Team_Collab,9,2026-04-15
ACC1389,Dashboard,6,2026-04-14
ACC1494,Dashboard,40,2026-05-05
ACC1204,Dashboard,91,2026-04-22
ACC1255,Team_Collab,44,2026-04-27
ACC1252,API_Access,61,2026-04-18
ACC1111,Bulk_Upload,34,2026-04-18
ACC1044,Dashboard,52,2026-04-23
ACC1045,Report_Gen,92,2026-04-20
ACC1478,API_Access,44,2026-04-24
ACC1317,Team_Collab,58,2026-04-27
ACC1220,Team_Collab,18,2026-04-21
ACC1416,Bulk_Upload,50,2026-04-07
ACC1351,Report_Gen,4,2026-04-30
ACC1448,API_Access,52,2026-04-10
ACC1025,Bulk_Upload,22,2026-04-24
ACC1076,Bulk_Upload,54,2026-04-28
ACC1182,Team_Collab,30,2026-05-02
ACC1466,Team_Collab,83,2026-04-13
ACC1187,Dashboard,33,2026-04-26
ACC1127,Team_Collab,32,2026-04-25
ACC1236,Dashboard,90,2026-04-23
ACC1473,Bulk_Upload,81,2026-04-23
ACC1015,API_Access,11,2026-04-22
ACC1357,Bulk_Upload,61,2026-04-12
ACC1299,Bulk_Upload,59,2026-04-27
ACC1170,Bulk_Upload,69,2026-04-24
ACC1413,Team_Collab,43,2026-04-13
ACC1278,Dashboard,61,2026-05-02
ACC1397,API_Access,3,2026-04-20
ACC1443,Team_Collab,8,2026-04-24
ACC1391,Dashboard,93,2026-04-11
ACC1097,Dashboard,28,2026-04-24
ACC1001,Report_Gen,84,2026-04-10
ACC1109,Report_Gen,11,2026-04-29
ACC1252,Dashboard,30,2026-04-29
ACC1455,Dashboard,87,2026-04-19
ACC1086,Team_Collab,93,2026-04-14
ACC1026,Bulk_Upload,77,2026-04-22
ACC1047,API_Access,15,2026-04-09
ACC1227,Report_Gen,62,2026-04-26
ACC1336,Dashboard,92,2026-04-26
ACC1432,Team_Collab,84,2026-04-11
ACC1486,Dashboard,38,2026-04-28
ACC1441,API_Access,98,2026-05-01
ACC1219,Bulk_Upload,96,2026-05-01
ACC1486,Dashboard,2,2026-04-18
ACC1484,API_Access,7,2026-04-17
ACC1302,Report_Gen,77,2026-04-21
ACC1417,Dashboard,49,2026-04-18
ACC1297,Dashboard,96,2026-04-22
ACC1456,Bulk_Upload,67,2026-04-20
ACC1029,Report_Gen,40,2026-04-22
ACC1030,API_Access,75,2026-04-25
ACC1337,Report_Gen,26,2026-05-02
ACC1188,Bulk_Upload,29,2026-04-14
ACC1000,Report_Gen,15,2026-04-20
ACC1062,API_Access,81,2026-05-01
ACC1373,Bulk_Upload,21,2026-04-30
ACC1425,Bulk_Upload,71,2026-04-22
ACC1496,Dashboard,36,2026-04-23
ACC1142,Bulk_Upload,29,2026-05-05
ACC1157,Dashboard,18,2026-04-22
ACC1033,Bulk_Upload,15,2026-04-14
ACC1311,Dashboard,65,2026-05-05
ACC1402,Team_Collab,30,2026-04-27
ACC1151,Bulk_Upload,54,2026-04-29
ACC1152,Report_Gen,9,2026-04-10
ACC1404,Bulk_Upload,7,2026-04-08
ACC1392,API_Access,70,2026-04-16
ACC1226,Team_Collab,82,2026-04-15
ACC1433,Report_Gen,94,2026-04-26
ACC1203,Team_Collab,66,2026-04-10
ACC1198,Bulk_Upload,18,2026-04-16
ACC1333,API_Access,47,2026-04-18
ACC1178,Bulk_Upload,61,2026-04-07
ACC1312,Report_Gen,9,2026-04-22
ACC1461,Team_Collab,32,2026-04-20
ACC1062,Bulk_Upload,88,2026-04-08
ACC1408,Report_Gen,39,2026-04-08
ACC1465,Dashboard,20,2026-04-25
ACC1162,Bulk_Upload,14,2026-04-24
ACC1269,API_Access,92,2026-04-07
ACC1358,Report_Gen,59,2026-04-14
ACC1062,Team_Collab,71,2026-04-07
ACC1034,API_Access,98,2026-04-16
ACC1348,Dashboard,35,2026-04-08
ACC1306,Team_Collab,11,2026-05-05
ACC1136,Dashboard,43,2026-04-16
ACC1440,Bulk_Upload,27,2026-04-17
ACC1354,Bulk_Upload,93,2026-04-24
ACC1110,Team_Collab,95,2026-05-02
ACC1461,Report_Gen,74,2026-04-23
ACC1344,Report_Gen,78,2026-04-06
ACC1200,API_Access,49,2026-04-24
ACC1323,API_Access,9,2026-04-15
ACC1279,Dashboard,39,2026-05-05
ACC1359,Dashboard,69,2026-04-30
ACC1010,Bulk_Upload,50,2026-04-25
ACC1081,API_Access,44,2026-05-03
ACC1403,Dashboard,75,2026-04-12
ACC1008,Dashboard,40,2026-04-15
ACC1453,Dashboard,60,2026-04-23
ACC1004,Report_Gen,64,2026-04-07
ACC1212,Team_Collab,27,2026-04-26
ACC1126,API_Access,48,2026-04-08
ACC1088,Dashboard,78,2026-04-15
ACC1172,Dashboard,59,2026-04-28
ACC1379,Bulk_Upload,69,2026-05-03
ACC1346,Dashboard,22,2026-04-12
ACC1329,API_Access,11,2026-05-04
ACC1051,API_Access,44,2026-04-26
ACC1378,Bulk_Upload,78,2026-04-25
ACC1183,API_Access,90,2026-04-13
ACC1194,Team_Collab,82,2026-04-18
ACC1279,Bulk_Upload,56,2026-04-29
ACC1444,Report_Gen,22,2026-04-07
ACC1134,Report_Gen,47,2026-04-28
ACC1327,API_Access,81,2026-04-23
ACC1222,Bulk_Upload,81,2026-05-02
ACC1381,API_Access,39,2026-04-13
ACC1324,API_Access,73,2026-05-02
ACC1125,Team_Collab,49,2026-04-13
ACC1010,API_Access,62,2026-04-07
ACC1317,Team_Collab,94,2026-04-08
ACC1254,Bulk_Upload,84,2026-04-10
ACC1235,API_Access,9,2026-04-08
ACC1016,API_Access,38,2026-04-22
ACC1127,Dashboard,95,2026-04-08
ACC1449,Bulk_Upload,84,2026-04-20
ACC1213,Report_Gen,97,2026-04-28
ACC1298,Report_Gen,55,2026-04-23
ACC1121,Team_Collab,38,2026-04-12
ACC1192,API_Access,90,2026-05-03
ACC1189,Team_Collab,97,2026-04-30
ACC1046,Dashboard,21,2026-05-04
ACC1467,Team_Collab,17,2026-04-20
ACC1479,API_Access,58,2026-05-03
ACC1098,Team_Collab,93,2026-04-19
ACC1035,API_Access,79,2026-04-11
ACC1409,Bulk_Upload,92,2026-04-19
ACC1471,Team_Collab,37,2026-04-19
ACC1398,Report_Gen,21,2026-04-08
ACC1066,Team_Collab,8,2026-04-19
ACC1371,Dashboard,85,2026-05-05
ACC1324,Bulk_Upload,89,2026-04-07
ACC1111,Dashboard,15,2026-04-16
ACC1234,Report_Gen,85,2026-04-11
ACC1180,Dashboard,70,2026-04-23
ACC1131,Bulk_Upload,52,2026-04-07
ACC1320,Bulk_Upload,86,2026-05-01
ACC1128,API_Access,5,2026-04-11
ACC1401,Dashboard,43,2026-04-09
ACC1099,API_Access,33,2026-04-16
ACC1037,Team_Collab,2,2026-04-30
ACC1049,Report_Gen,23,2026-04-11
ACC1451,API_Access,23,2026-04-30
ACC1494,Bulk_Upload,33,2026-04-14
ACC1092,API_Access,49,2026-04-10
ACC1342,Bulk_Upload,37,2026-05-02
ACC1077,API_Access,51,2026-04-14
ACC1390,Bulk_Upload,62,2026-04-11
ACC1147,Report_Gen,1,2026-04-20
ACC1417,Bulk_Upload,92,2026-04-12
ACC1087,Dashboard,35,2026-04-23
ACC1159,API_Access,83,2026-04-14
ACC1028,Bulk_Upload,99,2026-04-17
ACC1138,Bulk_Upload,58,2026-04-25
ACC1457,Report_Gen,11,2026-04-23
ACC1010,Bulk_Upload,92,2026-04-27
ACC1227,Dashboard,33,2026-04-19
ACC1291,Bulk_Upload,22,2026-04-06
ACC1017,API_Access,100,2026-04-17
ACC1390,Team_Collab,63,2026-04-06
ACC1053,Bulk_Upload,55,2026-04-15
ACC1129,Team_Collab,83,2026-04-23
ACC1296,Bulk_Upload,6,2026-04-25
ACC1027,Dashboard,41,2026-04-22
ACC1318,Report_Gen,29,2026-04-26
ACC1112,API_Access,63,2026-05-05
ACC1015,Bulk_Upload,76,2026-04-18
ACC1062,Bulk_Upload,100,2026-04-14
ACC1301,Report_Gen,2,2026-04-12
ACC1172,Report_Gen,57,2026-04-09
ACC1428,API_Access,4,2026-04-29
ACC1207,Bulk_Upload,9,2026-04-06
ACC1286,Team_Collab,100,2026-04-13
ACC1135,Dashboard,7,2026-04-15
ACC1117,Report_Gen,93,2026-05-04
ACC1009,Bulk_Upload,53,2026-04-08
ACC1173,Dashboard,64,2026-04-24
ACC1190,Report_Gen,13,2026-04-26
ACC1320,Team_Collab,62,2026-04-24
ACC1325,Team_Collab,83,2026-04-15
ACC1432,Team_Collab,95,2026-04-06
ACC1459,Team_Collab,76,2026-04-14
ACC1032,Dashboard,46,2026-04-24
ACC1016,Report_Gen,36,2026-04-12
ACC1492,Report_Gen,8,2026-04-28
ACC1177,Bulk_Upload,13,2026-04-12
ACC1179,Dashboard,63,2026-05-04
ACC1128,Dashboard,29,2026-04-19
ACC1136,API_Access,71,2026-04-19
ACC1411,Report_Gen,86,2026-04-20
ACC1150,API_Access,69,2026-04-20
ACC1266,Dashboard,2,2026-04-22
ACC1005,Team_Collab,56,2026-04-16
ACC1092,Dashboard,78,2026-04-10
ACC1374,Team_Collab,24,2026-04-12
ACC1277,Dashboard,17,2026-04-25
ACC1160,Report_Gen,85,2026-04-22
ACC1278,Dashboard,83,2026-05-04
ACC1349,Report_Gen,41,2026-05-01
ACC1350,Bulk_Upload,72,2026-04-10
ACC1313,Report_Gen,84,2026-05-01
ACC1147,API_Access,12,2026-05-01
ACC1239,Bulk_Upload,18,2026-04-07
ACC1035,Bulk_Upload,72,2026-04-07
ACC1305,Dashboard,4,2026-04-15
ACC1188,Bulk_Upload,58,2026-04-30
ACC1106,Bulk_Upload,55,2026-04-24
ACC1045,API_Access,34,2026-04-09
ACC1247,Team_Collab,36,2026-04-23
ACC1401,Bulk_Upload,92,2026-04-24
ACC1245,Dashboard,90,2026-04-13
ACC1245,Report_Gen,59,2026-05-05
ACC1245,API_Access,67,2026-04-16
ACC1121,Dashboard,95,2026-04-18
ACC1132,Report_Gen,95,2026-04-26
ACC1060,Team_Collab,18,2026-04-29
ACC1176,Bulk_Upload,43,2026-04-22
ACC1491,Report_Gen,39,2026-04-06
ACC1024,API_Access,82,2026-04-17
ACC1235,Bulk_Upload,59,2026-04-17
ACC1499,Team_Collab,14,2026-04-14
ACC1290,Dashboard,9,2026-04-15
ACC1057,Report_Gen,53,2026-04-23
ACC1230,Dashboard,4,2026-04-14
ACC1373,Report_Gen,47,2026-05-05
ACC1419,Report_Gen,68,2026-04-19
ACC1239,Report_Gen,48,2026-04-17
ACC1483,Bulk_Upload,86,2026-04-27
ACC1381,Bulk_Upload,28,2026-04-13
ACC1441,Bulk_Upload,1,2026-04-08
ACC1194,Team_Collab,22,2026-04-06
ACC1455,Bulk_Upload,8,2026-04-19
ACC1363,Dashboard,32,2026-04-15
ACC1343,Dashboard,66,2026-05-04
ACC1265,API_Access,6,2026-04-29
ACC1209,Bulk_Upload,70,2026-04-19
ACC1278,Team_Collab,50,2026-04-10
ACC1378,Team_Collab,6,2026-04-30
ACC1177,Report_Gen,64,2026-04-29
ACC1072,Dashboard,13,2026-04-09
ACC1408,Dashboard,90,2026-04-06
ACC1428,Dashboard,17,2026-04-12
ACC1178,API_Access,63,2026-04-23
ACC1373,Team_Collab,93,2026-05-03
ACC1348,Bulk_Upload,60,2026-04-20
ACC1252,Team_Collab,73,2026-04-22
ACC1017,Dashboard,70,2026-04-16
ACC1233,Dashboard,32,2026-04-12
ACC1048,Dashboard,36,2026-04-12
ACC1284,Team_Collab,78,2026-04-14
ACC1168,Bulk_Upload,81,2026-04-26
ACC1069,Bulk_Upload,3,2026-04-21
ACC1049,Report_Gen,97,2026-04-14
ACC1215,Report_Gen,1,2026-04-10
ACC1428,Bulk_Upload,93,2026-04-27
ACC1018,API_Access,23,2026-04-25
ACC1454,Report_Gen,68,2026-04-10
ACC1147,Team_Collab,66,2026-04-28
ACC1467,Report_Gen,49,2026-04-30
ACC1039,Team_Collab,20,2026-04-20
ACC1112,Team_Collab,80,2026-04-21
ACC1211,Dashboard,46,2026-04-07
ACC1277,Team_Collab,64,2026-05-03
ACC1133,Bulk_Upload,7,2026-04-18
ACC1431,Report_Gen,38,2026-04-12
ACC1032,Dashboard,88,2026-04-29
ACC1074,API_Access,73,2026-04-23
ACC1367,Bulk_Upload,63,2026-04-17
ACC1274,Bulk_Upload,14,2026-04-29
ACC1274,Team_Collab,24,2026-04-30
ACC1317,Bulk_Upload,39,2026-04-19
ACC1115,Dashboard,96,2026-04-11
ACC1348,Bulk_Upload,87,2026-04-25
ACC1308,Team_Collab,89,2026-05-01
ACC1085,API_Access,17,2026-04-24
ACC1444,Bulk_Upload,22,2026-04-22
ACC1421,Bulk_Upload,44,2026-04-23
ACC1073,API_Access,95,2026-04-27
ACC1434,Team_Collab,71,2026-04-13
ACC1422,Dashboard,33,2026-04-30
ACC1365,Report_Gen,10,2026-04-27
ACC1474,Report_Gen,89,2026-05-03
ACC1233,Report_Gen,9,2026-05-05
ACC1034,Dashboard,11,2026-04-22
ACC1410,Dashboard,44,2026-04-18
ACC1143,Bulk_Upload,40,2026-04-30
ACC1143,Team_Collab,7,2026-04-25
ACC1045,Team_Collab,89,2026-04-07
ACC1084,Team_Collab,94,2026-04-12
ACC1424,Bulk_Upload,3,2026-04-17
ACC1096,API_Access,23,2026-04-14
ACC1276,Report_Gen,6,2026-04-07
ACC1434,Bulk_Upload,10,2026-04-25
ACC1299,Team_Collab,39,2026-04-10
ACC1124,Team_Collab,43,2026-04-17
ACC1203,API_Access,39,2026-04-16
ACC1377,Report_Gen,21,2026-04-30
ACC1154,API_Access,57,2026-04-28
ACC1396,Report_Gen,17,2026-05-01
ACC1476,Team_Collab,17,2026-04-19
ACC1296,Dashboard,1,2026-04-25
ACC1422,Bulk_Upload,84,2026-04-21
ACC1080,API_Access,33,2026-04-22
ACC1016,Team_Collab,68,2026-05-02
ACC1210,API_Access,16,2026-04-16
ACC1323,Dashboard,39,2026-04-09
ACC1030,Report_Gen,78,2026-04-25
ACC1409,Report_Gen,19,2026-05-02
ACC1246,API_Access,30,2026-04-18
ACC1447,Bulk_Upload,31,2026-04-27
ACC1263,Team_Collab,88,2026-04-06
ACC1478,Bulk_Upload,93,2026-04-10
ACC1210,Report_Gen,33,2026-04-16
ACC1122,Bulk_Upload,45,2026-04-12
ACC1440,Dashboard,89,2026-04-19
ACC1231,Team_Collab,33,2026-05-04
ACC1172,Report_Gen,43,2026-04-08
ACC1292,Team_Collab,95,2026-04-25
ACC1424,Dashboard,7,2026-04-25
ACC1440,Bulk_Upload,67,2026-05-03
ACC1450,Team_Collab,35,2026-04-25
ACC1333,API_Access,54,2026-04-29
ACC1457,Team_Collab,27,2026-04-25
ACC1402,API_Access,25,2026-04-13
ACC1085,Report_Gen,11,2026-04-11
ACC1324,Bulk_Upload,58,2026-04-18
ACC1206,Report_Gen,42,2026-04-24
ACC1499,Report_Gen,92,2026-04-20
ACC1139,Team_Collab,73,2026-04-22
ACC1488,Team_Collab,34,2026-04-13
ACC1063,Bulk_Upload,80,2026-04-08
ACC1251,Dashboard,78,2026-05-02
ACC1313,Bulk_Upload,76,2026-04-20
ACC1032,Team_Collab,60,2026-04-16
ACC1381,Dashboard,78,2026-04-15
ACC1213,Report_Gen,100,2026-04-14
ACC1490,API_Access,43,2026-04-07
ACC1191,Team_Collab,21,2026-04-16
ACC1247,Team_Collab,52,2026-04-23
ACC1048,Report_Gen,8,2026-04-10
ACC1123,Dashboard,11,2026-04-21
ACC1005,Bulk_Upload,16,2026-04-20
ACC1493,Dashboard,22,2026-04-11
ACC1095,Team_Collab,45,2026-04-25
ACC1180,Bulk_Upload,43,2026-04-24
ACC1120,Bulk_Upload,38,2026-04-06
ACC1457,Bulk_Upload,94,2026-04-24
ACC1039,Report_Gen,75,2026-04-18
ACC1089,Team_Collab,17,2026-04-20
ACC1420,Report_Gen,60,2026-04-18
ACC1482,API_Access,39,2026-04-11
ACC1278,Team_Collab,3,2026-04-11
ACC1343,Report_Gen,87,2026-04-14
ACC1398,Team_Collab,20,2026-04-13
ACC1309,Report_Gen,83,2026-04-06
ACC1415,Team_Collab,52,2026-04-25
ACC1107,Team_Collab,77,2026-04-28
ACC1082,API_Access,30,2026-04-13
ACC1319,API_Access,38,2026-04-10
ACC1103,Bulk_Upload,52,2026-04-12
ACC1412,Bulk_Upload,5,2026-04-25
ACC1040,Dashboard,19,2026-04-19
ACC1059,Dashboard,75,2026-05-01
ACC1384,API_Access,93,2026-04-26
ACC1003,API_Access,9,2026-05-01
ACC1098,Team_Collab,95,2026-04-15
ACC1081,Team_Collab,92,2026-05-03
ACC1010,Team_Collab,79,2026-05-02
ACC1043,API_Access,50,2026-04-24
ACC1095,Report_Gen,22,2026-04-20
ACC1044,Report_Gen,12,2026-04-24
ACC1350,Bulk_Upload,92,2026-04-16
ACC1159,Dashboard,89,2026-04-07
ACC1141,API_Access,26,2026-04-16
ACC1474,Report_Gen,36,2026-04-30
ACC1258,Bulk_Upload,85,2026-04-10
ACC1397,Team_Collab,95,2026-04-18
ACC1289,Team_Collab,92,2026-04-11
ACC1415,Report_Gen,19,2026-04-18
ACC1323,Team_Collab,53,2026-04-19
ACC1008,API_Access,25,2026-04-30
ACC1029,Report_Gen,7,2026-05-04
ACC1185,Bulk_Upload,21,2026-04-08
ACC1124,Team_Collab,11,2026-05-01
ACC1109,Bulk_Upload,93,2026-04-27
ACC1457,API_Access,14,2026-04-16
ACC1012,Dashboard,11,2026-04-13
ACC1423,Dashboard,39,2026-04-25
ACC1252,Dashboard,14,2026-04-20
ACC1240,Report_Gen,48,2026-04-30
ACC1136,Team_Collab,38,2026-04-21
ACC1077,Bulk_Upload,37,2026-04-18
ACC1102,Dashboard,92,2026-04-27
ACC1354,Team_Collab,40,2026-04-06
ACC1403,Dashboard,76,2026-04-11
ACC1074,Team_Collab,71,2026-04-11
ACC1074,Bulk_Upload,23,2026-04-16
ACC1229,Dashboard,38,2026-04-14
ACC1433,Team_Collab,54,2026-05-03
ACC1174,Team_Collab,44,2026-04-15
ACC1454,Report_Gen,14,2026-04-25
ACC1453,Report_Gen,4,2026-04-30
ACC1292,Report_Gen,47,2026-04-25
ACC1140,Dashboard,11,2026-04-23
ACC1330,Report_Gen,71,2026-04-24
ACC1499,Dashboard,75,2026-04-25
ACC1338,Report_Gen,57,2026-04-10
ACC1499,Report_Gen,27,2026-04-28
ACC1068,Report_Gen,64,2026-04-08
ACC1325,Bulk_Upload,74,2026-04-18
ACC1251,Bulk_Upload,93,2026-04-17
ACC1153,Bulk_Upload,80,2026-04-20
ACC1318,Dashboard,69,2026-04-20
ACC1016,Bulk_Upload,46,2026-04-15
ACC1447,Report_Gen,99,2026-04-20
ACC1161,Dashboard,42,2026-04-17
ACC1243,Dashboard,34,2026-04-10
ACC1087,Dashboard,6,2026-04-17
ACC1244,Dashboard,79,2026-05-04
ACC1178,Report_Gen,48,2026-04-22
ACC1143,API_Access,67,2026-04-07
ACC1135,Team_Collab,61,2026-04-28
ACC1208,API_Access,93,2026-05-03
ACC1411,Bulk_Upload,38,2026-05-01
ACC1382,Team_Collab,30,2026-04-19
ACC1327,Team_Collab,46,2026-04-15
ACC1414,Report_Gen,70,2026-04-17
ACC1263,Team_Collab,58,2026-04-18
ACC1205,Team_Collab,75,2026-04-20
ACC1159,Dashboard,90,2026-04-14
ACC1042,Report_Gen,97,2026-04-15
ACC1157,Bulk_Upload,100,2026-04-06
ACC1343,Bulk_Upload,15,2026-04-08
ACC1272,API_Access,2,2026-04-20
ACC1397,Dashboard,94,2026-04-21
ACC1024,API_Access,17,2026-04-12
ACC1337,Team_Collab,33,2026-04-17
ACC1377,Bulk_Upload,57,2026-04-06
ACC1354,Dashboard,87,2026-04-28
ACC1454,Team_Collab,99,2026-04-19
ACC1363,Report_Gen,59,2026-04-30
ACC1105,API_Access,42,2026-04-08
ACC1487,Bulk_Upload,39,2026-04-15
ACC1123,Bulk_Upload,20,2026-05-05
ACC1213,Report_Gen,72,2026-04-21
ACC1255,Dashboard,4,2026-04-19
ACC1461,API_Access,33,2026-04-23
ACC1050,Bulk_Upload,58,2026-04-16
ACC1438,API_Access,20,2026-04-25
ACC1463,Dashboard,4,2026-04-24
ACC1413,API_Access,48,2026-05-05
ACC1273,Team_Collab,70,2026-04-26
ACC1480,Team_Collab,77,2026-04-17
ACC1385,API_Access,54,2026-04-16
ACC1192,API_Access,64,2026-04-19
ACC1470,Bulk_Upload,58,2026-05-01
ACC1142,Report_Gen,100,2026-04-29
ACC1379,API_Access,5,2026-04-15
ACC1048,Report_Gen,49,2026-04-12
ACC1464,Dashboard,48,2026-05-01
ACC1488,Team_Collab,28,2026-05-03
ACC1018,Report_Gen,65,2026-04-15
ACC1345,Report_Gen,8,2026-04-16
ACC1023,API_Access,2,2026-04-06
ACC1459,Report_Gen,37,2026-04-17
ACC1394,Dashboard,85,2026-04-13
ACC1344,API_Access,2,2026-04-23
ACC1048,Report_Gen,21,2026-04-09
ACC1214,Dashboard,53,2026-04-28
ACC1246,Team_Collab,62,2026-05-01
ACC1341,API_Access,21,2026-04-10
ACC1367,Bulk_Upload,5,2026-04-26
ACC1123,Dashboard,3,2026-04-29
ACC1104,Dashboard,54,2026-04-29
ACC1142,Team_Collab,82,2026-05-05
ACC1214,Dashboard,81,2026-04-17
ACC1137,API_Access,31,2026-04-19
ACC1241,Dashboard,33,2026-04-14
ACC1289,Report_Gen,72,2026-04-17
ACC1193,Team_Collab,64,2026-04-11
ACC1249,Report_Gen,83,2026-05-01
ACC1407,API_Access,34,2026-04-13
ACC1108,Report_Gen,98,2026-04-26
ACC1135,Dashboard,100,2026-04-16
ACC1291,API_Access,75,2026-04-30
ACC1115,API_Access,15,2026-04-09
ACC1023,Report_Gen,59,2026-04-27
ACC1215,Report_Gen,51,2026-05-05
ACC1149,Team_Collab,76,2026-04-15
ACC1160,Dashboard,54,2026-04-11
ACC1002,Dashboard,60,2026-04-24
ACC1198,API_Access,18,2026-05-05
ACC1266,Report_Gen,30,2026-05-05
ACC1273,Team_Collab,64,2026-04-12
ACC1128,Team_Collab,71,2026-05-05
ACC1088,Bulk_Upload,12,2026-04-07
ACC1414,API_Access,47,2026-04-15
ACC1465,API_Access,37,2026-04-07
ACC1369,Report_Gen,44,2026-04-21
ACC1399,Team_Collab,85,2026-04-07
ACC1245,Dashboard,15,2026-04-08
ACC1186,Bulk_Upload,9,2026-04-09
ACC1133,API_Access,12,2026-04-18
ACC1499,Dashboard,4,2026-04-25
ACC1478,Team_Collab,92,2026-04-19
ACC1169,API_Access,88,2026-04-16
ACC1381,API_Access,66,2026-04-22
ACC1268,Bulk_Upload,76,2026-04-19
ACC1156,Team_Collab,9,2026-04-08
ACC1312,Dashboard,11,2026-04-09
ACC1254,Report_Gen,67,2026-04-14
ACC1406,Team_Collab,49,2026-04-13
ACC1492,API_Access,31,2026-04-29
ACC1404,Team_Collab,12,2026-04-14
ACC1115,Bulk_Upload,34,2026-04-09
ACC1477,Team_Collab,74,2026-04-26
ACC1041,Bulk_Upload,55,2026-05-02
ACC1403,API_Access,81,2026-04-18
ACC1454,API_Access,84,2026-04-18
ACC1124,Report_Gen,22,2026-05-02
ACC1108,Report_Gen,22,2026-04-06
ACC1055,API_Access,7,2026-04-10
ACC1143,Team_Collab,43,2026-04-25
ACC1332,API_Access,98,2026-04-20
ACC1001,Team_Collab,93,2026-04-06
ACC1255,API_Access,97,2026-04-15
ACC1052,API_Access,27,2026-04-07
ACC1103,Team_Collab,33,2026-04-06
ACC1290,Team_Collab,42,2026-04-15
ACC1235,Bulk_Upload,2,2026-04-20
ACC1493,API_Access,60,2026-04-06
ACC1383,Report_Gen,18,2026-04-07
ACC1305,Team_Collab,21,2026-04-08
ACC1391,Bulk_Upload,8,2026-04-10
ACC1101,Bulk_Upload,8,2026-04-20
ACC1275,Dashboard,10,2026-04-23
ACC1301,Dashboard,32,2026-05-03
ACC1457,Report_Gen,76,2026-04-12
ACC1045,Report_Gen,90,2026-05-03
ACC1342,Dashboard,86,2026-04-24
ACC1496,Team_Collab,37,2026-04-07
ACC1299,Team_Collab,37,2026-04-14
ACC1483,Report_Gen,8,2026-04-22
ACC1208,API_Access,37,2026-04-27
ACC1085,Team_Collab,37,2026-05-02
ACC1181,Dashboard,86,2026-04-10
ACC1122,Dashboard,41,2026-05-01
ACC1159,Bulk_Upload,91,2026-04-15
ACC1175,Bulk_Upload,100,2026-05-05
ACC1148,Bulk_Upload,8,2026-04-21
ACC1010,Report_Gen,37,2026-04-10
ACC1499,Report_Gen,36,2026-04-30
ACC1195,Report_Gen,79,2026-04-19
ACC1070,Bulk_Upload,73,2026-05-05
ACC1464,Bulk_Upload,26,2026-04-21
ACC1221,Report_Gen,7,2026-04-25
ACC1479,Bulk_Upload,50,2026-04-25
ACC1410,Team_Collab,93,2026-04-30
ACC1031,Report_Gen,9,2026-04-12
ACC1085,Bulk_Upload,35,2026-04-21
ACC1175,Team_Collab,39,2026-04-25
ACC1073,Dashboard,20,2026-04-06
ACC1488,API_Access,91,2026-05-03
ACC1363,Team_Collab,59,2026-04-10
ACC1319,API_Access,82,2026-04-08
ACC1147,API_Access,28,2026-05-04
ACC1166,API_Access,36,2026-04-29
ACC1456,Report_Gen,59,2026-05-01
ACC1489,Team_Collab,41,2026-05-02
ACC1028,Team_Collab,7,2026-04-29
ACC1390,Bulk_Upload,47,2026-04-06
ACC1027,Dashboard,15,2026-04-16
ACC1423,Bulk_Upload,33,2026-04-14
ACC1309,API_Access,100,2026-04-21
ACC1137,Bulk_Upload,6,2026-04-08
ACC1323,Dashboard,21,2026-04-10
ACC1485,Report_Gen,86,2026-04-12
ACC1466,Bulk_Upload,20,2026-04-16
ACC1155,Team_Collab,74,2026-05-04
ACC1075,Team_Collab,22,2026-04-21
ACC1294,Team_Collab,24,2026-05-02
ACC1076,Report_Gen,2,2026-04-19
ACC1048,Team_Collab,60,2026-05-02
ACC1164,API_Access,80,2026-05-01
ACC1304,API_Access,15,2026-04-06
ACC1253,API_Access,65,2026-04-11
ACC1040,Report_Gen,75,2026-04-21
ACC1292,Team_Collab,99,2026-05-01
ACC1118,Report_Gen,82,2026-04-28
ACC1228,Team_Collab,80,2026-05-02
ACC1065,Dashboard,40,2026-04-24
ACC1058,Report_Gen,84,2026-04-21
ACC1088,Report_Gen,58,2026-04-14
ACC1182,Bulk_Upload,5,2026-04-09
ACC1431,API_Access,19,2026-04-26
ACC1114,Bulk_Upload,11,2026-04-09
ACC1480,API_Access,16,2026-04-15
ACC1263,Dashboard,38,2026-04-22
ACC1259,API_Access,10,2026-04-08
ACC1115,Dashboard,29,2026-04-29
ACC1198,API_Access,31,2026-04-30
ACC1210,Bulk_Upload,60,2026-04-26
ACC1241,Report_Gen,22,2026-04-06
ACC1064,Bulk_Upload,39,2026-04-22
ACC1496,API_Access,94,2026-04-25
ACC1351,Report_Gen,61,2026-04-22
ACC1411,Team_Collab,74,2026-04-16
ACC1360,Dashboard,47,2026-04-09
ACC1035,Dashboard,10,2026-04-17
ACC1331,Report_Gen,47,2026-04-07
ACC1444,API_Access,21,2026-04-26
ACC1214,Dashboard,34,2026-04-22
ACC1053,Bulk_Upload,72,2026-04-25
ACC1490,Report_Gen,28,2026-05-03
ACC1179,Team_Collab,41,2026-04-26
ACC1479,Dashboard,81,2026-04-19
ACC1292,Report_Gen,73,2026-05-03
ACC1389,Report_Gen,37,2026-04-18
ACC1275,Dashboard,87,2026-04-26
ACC1153,API_Access,24,2026-05-05
ACC1299,Bulk_Upload,59,2026-04-06
ACC1312,Dashboard,99,2026-05-01
ACC1178,Dashboard,67,2026-04-30
ACC1265,Report_Gen,30,2026-05-01
ACC1303,Report_Gen,94,2026-05-03
ACC1184,Report_Gen,87,2026-05-04
ACC1468,Dashboard,20,2026-05-02
ACC1000,API_Access,45,2026-04-15
ACC1449,Team_Collab,41,2026-04-24
ACC1455,Report_Gen,2,2026-04-20
ACC1157,API_Access,70,2026-04-24
ACC1261,Dashboard,90,2026-04-27
ACC1240,Dashboard,90,2026-04-11
ACC1400,Team_Collab,58,2026-04-16
ACC1084,Team_Collab,85,2026-04-26
ACC1106,Team_Collab,71,2026-04-14
ACC1269,Report_Gen,86,2026-04-20
ACC1199,Report_Gen,68,2026-04-27
ACC1031,Dashboard,50,2026-04-27
ACC1011,Team_Collab,11,2026-04-23
ACC1083,Team_Collab,32,2026-04-18
ACC1241,Team_Collab,23,2026-04-15
ACC1492,API_Access,76,2026-04-16
ACC1101,Report_Gen,56,2026-04-24
ACC1299,Report_Gen,22,2026-04-19
ACC1372,Report_Gen,60,2026-04-06
ACC1058,API_Access,62,2026-04-08
ACC1132,Dashboard,60,2026-04-08
ACC1440,Dashboard,8,2026-04-14
ACC1439,Team_Collab,88,2026-04-26
ACC1041,API_Access,47,2026-04-17
ACC1445,API_Access,96,2026-04-27
ACC1113,Dashboard,65,2026-04-19
ACC1483,API_Access,100,2026-04-27
ACC1208,Dashboard,55,2026-04-07
ACC1473,API_Access,50,2026-05-04
ACC1206,Team_Collab,56,2026-04-10
ACC1465,Team_Collab,89,2026-04-25
ACC1399,Report_Gen,41,2026-04-10
ACC1288,Dashboard,28,2026-05-03
ACC1483,Bulk_Upload,44,2026-04-18
ACC1038,Dashboard,59,2026-04-11
ACC1373,Report_Gen,82,2026-04-22
ACC1160,Report_Gen,33,2026-04-22
ACC1015,Bulk_Upload,9,2026-04-23
ACC1019,Dashboard,95,2026-04-19
ACC1297,API_Access,86,2026-04-30
ACC1148,Team_Collab,97,2026-04-22
ACC1460,Bulk_Upload,16,2026-05-05
ACC1201,Report_Gen,16,2026-04-06
ACC1367,API_Access,69,2026-05-02
ACC1194,Dashboard,15,2026-05-02
ACC1130,Report_Gen,48,2026-04-13
ACC1171,Report_Gen,81,2026-04-27
ACC1154,Dashboard,20,2026-04-12
ACC1112,Dashboard,7,2026-04-06
ACC1302,API_Access,77,2026-04-30
ACC1019,API_Access,91,2026-04-21
ACC1414,Bulk_Upload,26,2026-04-12
ACC1495,Team_Collab,64,2026-05-04
ACC1361,Bulk_Upload,26,2026-04-27
ACC1383,Report_Gen,36,2026-04-24
ACC1314,Report_Gen,32,2026-05-03
ACC1215,Dashboard,95,2026-04-28
ACC1041,Team_Collab,94,2026-04-07
ACC1448,API_Access,23,2026-04-14
ACC1044,Report_Gen,11,2026-04-15
ACC1264,Team_Collab,74,2026-04-22
ACC1440,Dashboard,18,2026-04-30
ACC1064,Report_Gen,88,2026-04-08
ACC1157,API_Access,9,2026-04-21
ACC1283,Dashboard,93,2026-05-02
ACC1108,Bulk_Upload,28,2026-04-08
ACC1446,Report_Gen,36,2026-04-22
ACC1052,Bulk_Upload,81,2026-04-24
ACC1310,Dashboard,33,2026-04-17
ACC1223,API_Access,16,2026-05-04
ACC1135,Dashboard,59,2026-04-16
ACC1222,Team_Collab,6,2026-04-10
ACC1125,Report_Gen,62,2026-04-08
ACC1017,Bulk_Upload,25,2026-04-06
ACC1386,Team_Collab,12,2026-04-17
ACC1383,Dashboard,17,2026-05-04
ACC1314,API_Access,23,2026-04-08
ACC1036,API_Access,75,2026-04-16
ACC1440,Team_Collab,15,2026-05-03
ACC1015,API_Access,56,2026-04-27
ACC1180,API_Access,35,2026-04-28
ACC1074,API_Access,62,2026-05-05
ACC1342,API_Access,36,2026-04-11
ACC1211,Bulk_Upload,42,2026-04-29
ACC1238,Bulk_Upload,10,2026-04-27
ACC1331,Team_Collab,97,2026-04-08
ACC1413,Bulk_Upload,26,2026-05-04
ACC1219,Bulk_Upload,37,2026-04-11
ACC1455,Bulk_Upload,24,2026-05-03
ACC1400,Report_Gen,20,2026-04-20
ACC1094,Bulk_Upload,76,2026-05-01
ACC1147,Team_Collab,95,2026-04-24
ACC1495,Report_Gen,58,2026-04-13
ACC1201,Team_Collab,75,2026-04-18
ACC1023,API_Access,20,2026-04-29
ACC1460,Dashboard,76,2026-04-20
ACC1025,API_Access,41,2026-04-08
ACC1463,Team_Collab,61,2026-04-30
ACC1435,Report_Gen,96,2026-04-18
ACC1377,Report_Gen,70,2026-04-30
ACC1409,Dashboard,90,2026-04-18
ACC1030,Dashboard,64,2026-04-14
ACC1286,Dashboard,90,2026-05-02
ACC1455,Dashboard,5,2026-04-12
ACC1224,Report_Gen,10,2026-04-10
ACC1245,Team_Collab,16,2026-04-15
ACC1434,Team_Collab,29,2026-04-14
ACC1407,Bulk_Upload,16,2026-04-17
ACC1153,Bulk_Upload,93,2026-04-12
ACC1169,Dashboard,1,2026-04-21
ACC1121,Dashboard,11,2026-04-26
ACC1448,Bulk_Upload,72,2026-05-05
ACC1375,Team_Collab,38,2026-04-26
ACC1404,Dashboard,91,2026-04-10
ACC1039,Bulk_Upload,13,2026-04-07
ACC1229,API_Access,18,2026-04-06
ACC1240,Report_Gen,99,2026-05-02
ACC1108,Team_Collab,91,2026-04-13
ACC1388,API_Access,75,2026-05-03
ACC1241,Team_Collab,6,2026-04-10
ACC1118,Bulk_Upload,80,2026-04-12
ACC1426,Report_Gen,90,2026-04-10
ACC1058,Bulk_Upload,62,2026-04-27
ACC1447,API_Access,52,2026-04-08
ACC1229,Dashboard,96,2026-04-08
ACC1419,Bulk_Upload,46,2026-04-09
ACC1291,Dashboard,69,2026-04-11
ACC1386,Report_Gen,9,2026-04-22
ACC1472,Report_Gen,65,2026-05-04
ACC1198,Team_Collab,73,2026-04-23
ACC1449,Report_Gen,41,2026-04-21
ACC1122,Dashboard,52,2026-04-27
ACC1366,API_Access,35,2026-04-20
ACC1258,Report_Gen,74,2026-04-14
ACC1042,Dashboard,63,2026-04-11
ACC1003,Dashboard,59,2026-04-20
ACC1428,Report_Gen,47,2026-04-13
ACC1026,Team_Collab,37,2026-04-26
ACC1367,Team_Collab,65,2026-04-11
ACC1431,API_Access,82,2026-04-08
ACC1082,Bulk_Upload,52,2026-04-27
ACC1097,Dashboard,48,2026-04-29
ACC1194,Report_Gen,46,2026-04-17
ACC1172,Dashboard,5,2026-04-21
ACC1193,Team_Collab,73,2026-04-13
ACC1193,Report_Gen,5,2026-04-24
ACC1276,API_Access,91,2026-04-20
ACC1277,API_Access,90,2026-04-12
ACC1236,Dashboard,86,2026-05-03
ACC1426,Bulk_Upload,4,2026-04-30
ACC1042,Team_Collab,59,2026-05-01
ACC1139,Dashboard,78,2026-05-03
ACC1341,Bulk_Upload,30,2026-04-23
ACC1079,Bulk_Upload,47,2026-04-11
ACC1168,API_Access,9,2026-04-15
ACC1492,Report_Gen,34,2026-04-14
ACC1030,Team_Collab,80,2026-05-03
ACC1309,API_Access,96,2026-04-09
ACC1386,API_Access,68,2026-04-18
ACC1370,Team_Collab,80,2026-04-23
ACC1067,Dashboard,13,2026-04-30
ACC1213,Team_Collab,82,2026-04-28
ACC1170,Dashboard,100,2026-04-11
ACC1098,Bulk_Upload,91,2026-05-05
ACC1155,Team_Collab,6,2026-04-23
ACC1242,Team_Collab,40,2026-04-30
ACC1271,Dashboard,58,2026-04-08
ACC1107,Bulk_Upload,29,2026-04-15
ACC1198,Dashboard,25,2026-04-25
ACC1414,Dashboard,66,2026-04-06
ACC1085,API_Access,71,2026-04-23
ACC1435,API_Access,17,2026-04-19
ACC1233,Report_Gen,73,2026-04-21
ACC1217,Bulk_Upload,40,2026-04-07
ACC1479,Team_Collab,59,2026-04-18
ACC1288,Dashboard,5,2026-04-28
ACC1403,Dashboard,39,2026-05-05
ACC1454,Report_Gen,41,2026-04-21
ACC1323,API_Access,2,2026-04-13
ACC1469,API_Access,39,2026-04-25
ACC1165,Team_Collab,78,2026-04-28
ACC1354,Bulk_Upload,22,2026-04-25
ACC1108,Team_Collab,91,2026-05-05
ACC1344,Dashboard,92,2026-04-16
ACC1081,API_Access,23,2026-04-30
ACC1072,API_Access,63,2026-04-15
ACC1442,Bulk_Upload,18,2026-04-25
ACC1137,Team_Collab,35,2026-04-16
ACC1392,Bulk_Upload,26,2026-05-02
ACC1250,API_Access,38,2026-04-30
ACC1059,API_Access,87,2026-04-06
ACC1193,API_Access,71,2026-05-03
ACC1293,Team_Collab,18,2026-04-15
ACC1205,Team_Collab,48,2026-04-30
ACC1056,Dashboard,9,2026-04-08
ACC1477,Team_Collab,61,2026-04-09
ACC1362,API_Access,30,2026-04-17
ACC1108,Bulk_Upload,2,2026-05-02
ACC1344,Report_Gen,91,2026-04-30
ACC1014,Dashboard,90,2026-05-01
ACC1195,Report_Gen,15,2026-04-25
ACC1005,Bulk_Upload,28,2026-04-18
ACC1214,Dashboard,31,2026-04-23
ACC1057,Team_Collab,59,2026-04-06
ACC1220,Dashboard,86,2026-04-24
ACC1458,API_Access,2,2026-04-20
ACC1147,Report_Gen,21,2026-04-18
ACC1473,Bulk_Upload,75,2026-04-08
ACC1327,Dashboard,95,2026-04-09
ACC1147,API_Access,51,2026-04-29
ACC1034,API_Access,17,2026-05-01
ACC1306,Team_Collab,18,2026-04-08
ACC1475,Dashboard,8,2026-05-04
ACC1383,Bulk_Upload,86,2026-04-26
ACC1482,Report_Gen,19,2026-04-10
ACC1404,Bulk_Upload,47,2026-04-11
ACC1016,Report_Gen,10,2026-04-20
ACC1157,API_Access,20,2026-04-13
ACC1164,Dashboard,48,2026-04-28
ACC1282,Team_Collab,27,2026-05-05
ACC1134,Report_Gen,4,2026-04-12
ACC1176,Team_Collab,89,2026-05-01
ACC1360,Bulk_Upload,95,2026-04-21
ACC1030,Report_Gen,98,2026-04-07
ACC1022,Team_Collab,65,2026-04-08
ACC1320,Dashboard,88,2026-04-25
ACC1034,Dashboard,2,2026-04-13
ACC1288,Dashboard,76,2026-04-12
ACC1170,Report_Gen,76,2026-04-06
ACC1000,Team_Collab,40,2026-04-07
ACC1494,Bulk_Upload,49,2026-04-18
ACC1203,Dashboard,64,2026-04-29
ACC1481,Report_Gen,22,2026-04-10
ACC1162,Report_Gen,78,2026-04-23
ACC1334,Team_Collab,55,2026-04-26
ACC1420,Report_Gen,72,2026-04-11
ACC1233,Team_Collab,100,2026-05-03
ACC1396,Dashboard,46,2026-04-09
ACC1069,Dashboard,3,2026-04-07
ACC1457,Report_Gen,39,2026-04-20
ACC1052,Team_Collab,52,2026-05-02
ACC1319,Dashboard,66,2026-04-19
ACC1403,Team_Collab,96,2026-04-07
ACC1267,Report_Gen,11,2026-04-26
ACC1320,Dashboard,32,2026-04-21
ACC1204,Bulk_Upload,67,2026-04-07
ACC1472,Report_Gen,12,2026-04-09
ACC1435,Report_Gen,24,2026-04-30
ACC1312,Team_Collab,32,2026-04-06
ACC1026,Dashboard,1,2026-04-20
ACC1257,Team_Collab,97,2026-05-01
ACC1180,Report_Gen,58,2026-04-30
ACC1032,Bulk_Upload,20,2026-04-30
ACC1186,API_Access,63,2026-04-13
ACC1260,Bulk_Upload,19,2026-04-17
ACC1224,Report_Gen,78,2026-04-11
ACC1356,Dashboard,55,2026-05-05
ACC1468,Team_Collab,99,2026-04-22
ACC1363,Report_Gen,50,2026-04-14
ACC1368,Dashboard,61,2026-04-19
ACC1110,API_Access,45,2026-05-01
ACC1029,Team_Collab,22,2026-04-09
ACC1326,Team_Collab,81,2026-04-10
ACC1419,Report_Gen,19,2026-04-19
ACC1408,Dashboard,72,2026-05-02
ACC1304,API_Access,34,2026-04-14
ACC1297,Team_Collab,40,2026-04-20
ACC1232,Team_Collab,82,2026-04-19
ACC1035,Team_Collab,23,2026-04-24
ACC1295,API_Access,63,2026-05-04
ACC1332,Report_Gen,13,2026-04-18
ACC1393,Report_Gen,28,2026-04-29
ACC1466,Dashboard,47,2026-04-27
ACC1242,API_Access,60,2026-04-21
ACC1388,Team_Collab,67,2026-04-25
ACC1261,Team_Collab,90,2026-04-19
ACC1363,Report_Gen,70,2026-04-14
ACC1131,Team_Collab,75,2026-04-26
ACC1172,Bulk_Upload,34,2026-04-20
ACC1232,Bulk_Upload,78,2026-04-15
ACC1496,Dashboard,64,2026-05-02
ACC1120,API_Access,99,2026-04-15
ACC1144,Bulk_Upload,12,2026-04-30
ACC1039,Team_Collab,10,2026-04-17
ACC1174,Bulk_Upload,18,2026-04-08
ACC1272,Dashboard,52,2026-04-24
ACC1243,Bulk_Upload,15,2026-04-13
ACC1432,API_Access,78,2026-04-08
ACC1129,Dashboard,30,2026-04-08
ACC1094,Dashboard,67,2026-04-20
ACC1092,Dashboard,18,2026-04-21
ACC1368,Dashboard,40,2026-04-20
ACC1028,Dashboard,19,2026-04-23
ACC1105,Bulk_Upload,22,2026-04-18
ACC1185,Bulk_Upload,19,2026-04-12
ACC1458,Report_Gen,99,2026-04-10
ACC1318,Bulk_Upload,90,2026-04-16
ACC1363,API_Access,74,2026-05-05
ACC1449,API_Access,8,2026-04-11
ACC1030,Report_Gen,61,2026-05-04
ACC1356,Team_Collab,31,2026-05-05
ACC1133,API_Access,91,2026-04-11
ACC1143,Report_Gen,59,2026-04-10
ACC1447,Team_Collab,60,2026-04-13
ACC1097,API_Access,41,2026-04-25
ACC1245,Report_Gen,28,2026-04-07
ACC1207,API_Access,46,2026-05-02
ACC1112,Report_Gen,67,2026-05-03
ACC1418,Report_Gen,74,2026-05-03
ACC1002,Report_Gen,16,2026-04-17
ACC1367,Team_Collab,27,2026-04-19
ACC1021,Report_Gen,11,2026-04-25
ACC1493,Dashboard,67,2026-04-11
ACC1338,Report_Gen,8,2026-04-08
ACC1301,Team_Collab,92,2026-05-02
ACC1325,API_Access,11,2026-04-10
ACC1267,Team_Collab,5,2026-04-10
ACC1038,Bulk_Upload,73,2026-04-12
ACC1426,API_Access,40,2026-04-29
ACC1257,Report_Gen,16,2026-04-17
ACC1066,Dashboard,91,2026-04-21
ACC1400,Dashboard,100,2026-05-04
ACC1314,Dashboard,74,2026-04-11
ACC1060,Bulk_Upload,14,2026-04-27
ACC1005,Team_Collab,37,2026-04-26
ACC1145,Bulk_Upload,95,2026-04-15
ACC1370,Team_Collab,15,2026-04-19
ACC1375,Dashboard,83,2026-04-12
ACC1245,Team_Collab,97,2026-04-15
ACC1478,API_Access,78,2026-04-24
ACC1177,Team_Collab,5,2026-04-17
ACC1077,Team_Collab,90,2026-04-14
ACC1336,Report_Gen,5,2026-04-10
ACC1375,Dashboard,58,2026-04-17
ACC1228,Bulk_Upload,62,2026-04-14
ACC1056,API_Access,2,2026-04-29
ACC1229,Team_Collab,79,2026-04-08
ACC1463,Bulk_Upload,40,2026-04-26
ACC1179,Team_Collab,69,2026-04-23
ACC1040,Bulk_Upload,88,2026-05-04
ACC1457,API_Access,39,2026-04-07
ACC1096,API_Access,28,2026-04-11
ACC1187,Report_Gen,82,2026-04-10
ACC1032,Report_Gen,92,2026-04-18
ACC1243,Team_Collab,9,2026-05-04
ACC1132,Report_Gen,64,2026-04-11
ACC1244,Bulk_Upload,35,2026-04-28
ACC1163,Report_Gen,49,2026-04-23
ACC1188,Bulk_Upload,52,2026-04-08
ACC1372,Team_Collab,98,2026-04-19
ACC1435,API_Access,60,2026-04-13
ACC1353,Report_Gen,12,2026-04-22
ACC1112,Team_Collab,2,2026-04-17
ACC1077,API_Access,31,2026-04-27
ACC1079,Report_Gen,80,2026-04-29
ACC1133,Bulk_Upload,66,2026-04-26
ACC1237,API_Access,29,2026-05-03
ACC1406,API_Access,64,2026-04-25
ACC1362,Bulk_Upload,43,2026-04-10
ACC1161,Bulk_Upload,99,2026-04-12
ACC1494,Dashboard,90,2026-04-19
ACC1307,Bulk_Upload,52,2026-04-14
ACC1480,Bulk_Upload,13,2026-04-14
ACC1384,Dashboard,67,2026-04-13
ACC1188,Dashboard,69,2026-04-11
ACC1372,Report_Gen,36,2026-04-10
ACC1439,API_Access,89,2026-04-14
ACC1475,Bulk_Upload,36,2026-04-18
ACC1086,Report_Gen,32,2026-05-03
ACC1249,Dashboard,76,2026-04-20
ACC1270,Team_Collab,76,2026-05-03
ACC1228,Report_Gen,27,2026-04-22
ACC1287,Bulk_Upload,79,2026-04-20
ACC1133,Report_Gen,39,2026-04-27
ACC1249,Bulk_Upload,30,2026-04-13
ACC1364,Team_Collab,66,2026-04-19
ACC1083,Report_Gen,2,2026-05-04
ACC1194,Team_Collab,63,2026-04-30
ACC1046,Team_Collab,54,2026-04-26
ACC1391,API_Access,28,2026-05-01
ACC1217,Report_Gen,19,2026-04-18
ACC1029,API_Access,33,2026-05-01
ACC1130,Report_Gen,63,2026-04-15
ACC1453,Dashboard,81,2026-04-13
ACC1076,Team_Collab,58,2026-04-24
ACC1316,Dashboard,99,2026-04-09
ACC1409,Report_Gen,96,2026-04-17
ACC1277,Dashboard,91,2026-05-03
ACC1210,API_Access,92,2026-05-03
ACC1090,Bulk_Upload,71,2026-04-21
ACC1497,API_Access,10,2026-04-11
ACC1094,API_Access,60,2026-05-03
ACC1093,API_Access,79,2026-04-16
ACC1000,API_Access,29,2026-04-14
ACC1441,Report_Gen,85,2026-04-06
ACC1211,API_Access,52,2026-04-21
ACC1081,Dashboard,58,2026-04-24
ACC1095,API_Access,1,2026-04-18
ACC1495,API_Access,41,2026-05-02
ACC1202,Team_Collab,22,2026-04-15
ACC1259,Dashboard,11,2026-04-09
ACC1022,Bulk_Upload,33,2026-04-14
ACC1421,API_Access,57,2026-04-12
ACC1412,API_Access,25,2026-04-17
ACC1056,Bulk_Upload,9,2026-05-02
ACC1159,Report_Gen,17,2026-05-01
ACC1204,Report_Gen,26,2026-04-28
ACC1326,Dashboard,32,2026-04-22
ACC1203,Dashboard,50,2026-04-26
ACC1204,API_Access,38,2026-05-03
ACC1182,Team_Collab,72,2026-04-07
ACC1430,Report_Gen,61,2026-04-25
ACC1033,Dashboard,24,2026-04-26
ACC1470,Bulk_Upload,93,2026-04-07
ACC1266,Bulk_Upload,68,2026-04-14
ACC1229,API_Access,34,2026-04-18
ACC1104,Team_Collab,87,2026-04-22
ACC1123,Bulk_Upload,44,2026-05-03
ACC1318,Bulk_Upload,12,2026-04-06
ACC1301,Report_Gen,76,2026-04-21
ACC1101,Dashboard,12,2026-04-30
ACC1170,API_Access,5,2026-04-29
ACC1079,API_Access,53,2026-04-23
ACC1323,Report_Gen,69,2026-04-20
ACC1299,Report_Gen,40,2026-04-23
ACC1016,API_Access,59,2026-05-04
ACC1267,API_Access,52,2026-04-18
ACC1184,Dashboard,4,2026-05-02
ACC1162,Bulk_Upload,44,2026-04-22
ACC1298,API_Access,11,2026-04-25
ACC1256,API_Access,1,2026-04-28
ACC1164,Bulk_Upload,30,2026-04-16
ACC1348,Dashboard,16,2026-04-21
ACC1401,Dashboard,16,2026-04-12
ACC1421,Team_Collab,70,2026-04-21
ACC1211,Report_Gen,30,2026-04-13
ACC1431,Team_Collab,70,2026-04-24
ACC1192,Dashboard,61,2026-04-15
ACC1187,API_Access,22,2026-04-16
ACC1289,Team_Collab,99,2026-05-05
ACC1392,API_Access,58,2026-04-14
ACC1387,Team_Collab,99,2026-04-17
ACC1222,API_Access,15,2026-04-17
ACC1078,API_Access,23,2026-04-09
ACC1328,API_Access,40,2026-04-06
ACC1257,Report_Gen,82,2026-04-10
ACC1050,Report_Gen,55,2026-04-11
ACC1321,API_Access,29,2026-04-14
ACC1314,API_Access,7,2026-04-07
ACC1228,Report_Gen,26,2026-05-02
ACC1271,API_Access,59,2026-04-29
ACC1329,Bulk_Upload,87,2026-04-27
ACC1416,Dashboard,43,2026-05-04
ACC1008,Dashboard,92,2026-04-30
ACC1060,Bulk_Upload,27,2026-04-30
ACC1476,Report_Gen,34,2026-04-10
ACC1321,Bulk_Upload,66,2026-04-15
ACC1176,API_Access,100,2026-04-20
ACC1075,Dashboard,74,2026-04-17
ACC1367,Team_Collab,72,2026-04-07
ACC1181,API_Access,49,2026-04-08
ACC1008,Dashboard,47,2026-04-20
ACC1333,Bulk_Upload,69,2026-05-02
ACC1230,Dashboard,57,2026-04-12
ACC1176,Report_Gen,41,2026-05-02
ACC1343,Dashboard,51,2026-04-26
ACC1185,Bulk_Upload,88,2026-04-14
ACC1404,Report_Gen,64,2026-04-09
ACC1080,Bulk_Upload,28,2026-04-24
ACC1388,API_Access,52,2026-04-11
ACC1329,Bulk_Upload,84,2026-04-18
ACC1224,Bulk_Upload,96,2026-04-21
ACC1452,API_Access,100,2026-04-14
ACC1275,API_Access,49,2026-04-09
ACC1372,API_Access,53,2026-04-15
ACC1460,API_Access,2,2026-04-21
ACC1466,Dashboard,35,2026-04-21
ACC1400,Report_Gen,53,2026-04-29
ACC1000,Bulk_Upload,21,2026-04-26
ACC1022,Team_Collab,48,2026-04-16
ACC1376,Team_Collab,7,2026-05-05
ACC1119,Team_Collab,75,2026-04-12
ACC1259,Team_Collab,91,2026-05-04
ACC1131,Dashboard,84,2026-04-30
ACC1473,Report_Gen,44,2026-05-04
ACC1335,Dashboard,2,2026-04-25
ACC1076,Team_Collab,5,2026-05-01
ACC1253,Dashboard,88,2026-04-23
ACC1284,Report_Gen,6,2026-04-13
ACC1178,API_Access,1,2026-04-19
ACC1373,Dashboard,1,2026-05-02
ACC1187,Report_Gen,44,2026-04-24
ACC1233,Team_Collab,18,2026-04-11
ACC1147,Team_Collab,29,2026-04-16
ACC1204,Dashboard,11,2026-05-04
ACC1150,Bulk_Upload,28,2026-04-15
ACC1354,API_Access,49,2026-04-27
ACC1255,Team_Collab,21,2026-04-20
ACC1400,Bulk_Upload,17,2026-04-08
ACC1041,API_Access,26,2026-04-24
ACC1346,Dashboard,13,2026-04-24
ACC1079,Bulk_Upload,66,2026-04-06
ACC1103,API_Access,73,2026-04-25
ACC1011,Team_Collab,57,2026-05-02
ACC1303,Bulk_Upload,22,2026-04-08
ACC1325,Report_Gen,25,2026-05-01
ACC1426,Team_Collab,80,2026-04-28
ACC1106,API_Access,16,2026-04-16
ACC1358,API_Access,75,2026-05-05
ACC1264,Team_Collab,18,2026-04-30
ACC1417,Dashboard,38,2026-04-15
ACC1083,API_Access,44,2026-05-04
ACC1356,API_Access,76,2026-04-30
ACC1335,Dashboard,87,2026-05-01
ACC1022,API_Access,45,2026-04-09
ACC1322,Bulk_Upload,32,2026-04-17
ACC1331,Dashboard,61,2026-04-12
ACC1213,Team_Collab,74,2026-04-09
ACC1289,API_Access,42,2026-04-21
ACC1313,API_Access,96,2026-04-27
ACC1192,API_Access,1,2026-04-07
ACC1353,Dashboard,15,2026-04-11
ACC1492,Report_Gen,76,2026-04-29
ACC1306,API_Access,64,2026-04-11
ACC1123,Team_Collab,96,2026-04-09
ACC1018,Team_Collab,21,2026-04-12
ACC1325,API_Access,56,2026-04-08
ACC1283,Dashboard,53,2026-04-27
ACC1024,Report_Gen,36,2026-04-08
ACC1240,API_Access,67,2026-04-25
ACC1111,Bulk_Upload,52,2026-04-18
ACC1405,Report_Gen,37,2026-04-15
ACC1018,Report_Gen,84,2026-05-01
ACC1037,Dashboard,21,2026-04-26
ACC1175,Report_Gen,50,2026-04-28
ACC1490,Report_Gen,37,2026-04-24
ACC1278,Team_Collab,74,2026-04-10
ACC1130,Dashboard,7,2026-04-24
ACC1214,Dashboard,95,2026-04-13
ACC1349,API_Access,40,2026-04-13
ACC1370,API_Access,55,2026-05-02
ACC1079,Dashboard,58,2026-04-29
ACC1177,Report_Gen,60,2026-04-23
ACC1147,Bulk_Upload,18,2026-04-06
ACC1356,Team_Collab,92,2026-04-29
ACC1013,API_Access,45,2026-04-18
ACC1271,API_Access,88,2026-04-15
ACC1489,Dashboard,57,2026-04-22
ACC1166,API_Access,47,2026-05-04
ACC1155,Dashboard,69,2026-05-01
ACC1039,API_Access,16,2026-04-26
ACC1478,Bulk_Upload,85,2026-05-02
ACC1366,API_Access,49,2026-04-27
ACC1048,API_Access,73,2026-05-04
ACC1156,Team_Collab,91,2026-04-17
ACC1105,Report_Gen,29,2026-04-27
ACC1414,Team_Collab,75,2026-04-24
ACC1110,Team_Collab,23,2026-04-06
ACC1076,Bulk_Upload,47,2026-05-01
ACC1185,Report_Gen,82,2026-04-06
ACC1116,API_Access,69,2026-04-30
ACC1286,Team_Collab,8,2026-05-05
ACC1122,API_Access,81,2026-04-26
ACC1269,Team_Collab,77,2026-04-19
ACC1206,Team_Collab,84,2026-05-01
ACC1204,API_Access,2,2026-04-20
ACC1232,Bulk_Upload,63,2026-04-10
ACC1371,Dashboard,26,2026-04-21
ACC1048,Report_Gen,82,2026-04-17
ACC1237,Report_Gen,44,2026-04-28
ACC1131,Dashboard,18,2026-04-08
ACC1088,API_Access,45,2026-04-18
ACC1436,Bulk_Upload,37,2026-04-14
ACC1302,Bulk_Upload,77,2026-05-05
ACC1293,Bulk_Upload,96,2026-04-11
ACC1040,Team_Collab,95,2026-04-19
ACC1266,Report_Gen,10,2026-04-28
ACC1069,Team_Collab,2,2026-04-23
ACC1415,Bulk_Upload,27,2026-04-25
ACC1444,Report_Gen,50,2026-04-29
ACC1205,Dashboard,36,2026-04-09
ACC1278,Bulk_Upload,92,2026-04-20
ACC1085,Team_Collab,74,2026-04-07
ACC1142,Dashboard,26,2026-04-20
ACC1285,Report_Gen,54,2026-05-02
ACC1256,API_Access,83,2026-04-06
ACC1448,API_Access,4,2026-04-24
ACC1043,Report_Gen,5,2026-04-15
ACC1245,Bulk_Upload,93,2026-04-22
ACC1495,API_Access,58,2026-04-16
ACC1440,Dashboard,83,2026-04-08
ACC1088,Bulk_Upload,75,2026-04-10
ACC1095,Bulk_Upload,94,2026-04-18
ACC1303,Dashboard,12,2026-05-04
ACC1182,Dashboard,37,2026-04-29
ACC1040,Dashboard,4,2026-04-28
ACC1427,Report_Gen,93,2026-04-09
ACC1410,Team_Collab,87,2026-04-20
ACC1075,Report_Gen,93,2026-04-17
ACC1370,Dashboard,70,2026-05-03
ACC1206,Dashboard,51,2026-04-27
ACC1185,Dashboard,25,2026-04-09
ACC1462,API_Access,8,2026-04-29
ACC1057,Team_Collab,80,2026-04-26
ACC1062,Dashboard,99,2026-04-25
ACC1494,Report_Gen,90,2026-04-26
ACC1111,Report_Gen,13,2026-04-06
ACC1456,API_Access,53,2026-04-23
ACC1105,Report_Gen,13,2026-04-27
ACC1083,Bulk_Upload,77,2026-04-28
ACC1331,Bulk_Upload,69,2026-04-08
ACC1043,Dashboard,11,2026-04-07
ACC1151,Dashboard,56,2026-05-03
ACC1097,Team_Collab,32,2026-04-15
ACC1451,Dashboard,100,2026-04-06
ACC1090,Team_Collab,7,2026-04-13
ACC1346,Report_Gen,62,2026-04-27
ACC1365,Bulk_Upload,60,2026-04-10
ACC1454,Report_Gen,90,2026-04-29
ACC1284,Dashboard,35,2026-04-29
ACC1288,Dashboard,87,2026-04-25
ACC1168,API_Access,59,2026-04-27
ACC1078,API_Access,41,2026-04-09
ACC1343,Dashboard,23,2026-04-19
ACC1112,API_Access,77,2026-04-26
ACC1166,Bulk_Upload,73,2026-04-30
ACC1240,Dashboard,38,2026-04-12
ACC1436,Team_Collab,16,2026-05-05
ACC1120,Bulk_Upload,94,2026-04-08
ACC1062,Dashboard,98,2026-05-01
ACC1222,Team_Collab,69,2026-04-26
ACC1382,API_Access,47,2026-04-08
ACC1370,Team_Collab,45,2026-04-11
ACC1393,Dashboard,25,2026-04-16
ACC1037,API_Access,27,2026-04-29
ACC1303,Team_Collab,64,2026-04-19
ACC1146,API_Access,59,2026-04-06
ACC1024,Dashboard,10,2026-04-07
ACC1038,Team_Collab,3,2026-04-08
ACC1459,Bulk_Upload,65,2026-04-27
ACC1188,Team_Collab,3,2026-04-30
ACC1208,Report_Gen,29,2026-05-05
ACC1442,Bulk_Upload,32,2026-04-27
ACC1480,API_Access,93,2026-04-14
ACC1474,Dashboard,16,2026-04-11
ACC1125,Team_Collab,18,2026-05-02
ACC1453,API_Access,89,2026-04-17
ACC1085,Team_Collab,53,2026-05-02
ACC1459,Bulk_Upload,40,2026-04-08
ACC1375,Bulk_Upload,60,2026-04-09
ACC1067,Dashboard,72,2026-05-03
ACC1318,Report_Gen,70,2026-04-10
ACC1444,Dashboard,94,2026-04-19
ACC1118,Report_Gen,79,2026-04-17
ACC1259,Dashboard,36,2026-04-15
ACC1374,Bulk_Upload,67,2026-04-17
ACC1282,API_Access,1,2026-04-17
ACC1465,Dashboard,20,2026-04-24
ACC1240,Team_Collab,90,2026-05-02
ACC1409,Report_Gen,60,2026-04-12
ACC1386,Team_Collab,70,2026-04-22
ACC1484,API_Access,43,2026-04-06
ACC1006,Report_Gen,99,2026-04-14
ACC1343,Report_Gen,1,2026-04-26
ACC1041,Bulk_Upload,92,2026-04-06
ACC1449,Bulk_Upload,30,2026-04-12
ACC1289,API_Access,83,2026-04-24
ACC1186,Dashboard,62,2026-05-02
ACC1449,Dashboard,76,2026-05-01
ACC1223,Team_Collab,60,2026-04-30
ACC1179,Bulk_Upload,12,2026-04-14
ACC1012,Bulk_Upload,11,2026-04-29
ACC1050,API_Access,35,2026-05-02
ACC1084,API_Access,43,2026-04-30
ACC1021,Report_Gen,43,2026-04-30
ACC1430,API_Access,34,2026-04-07
ACC1382,Report_Gen,91,2026-05-02
ACC1040,Bulk_Upload,35,2026-04-20
ACC1323,API_Access,47,2026-04-26
ACC1447,Bulk_Upload,23,2026-04-15
ACC1411,Dashboard,1,2026-04-28
ACC1383,Team_Collab,39,2026-05-04
ACC1294,Team_Collab,54,2026-04-22
ACC1119,Report_Gen,27,2026-04-21
ACC1441,Team_Collab,68,2026-05-03
ACC1288,Dashboard,28,2026-04-17
ACC1231,Team_Collab,83,2026-04-26
ACC1083,Report_Gen,93,2026-05-05
ACC1470,Team_Collab,51,2026-04-26
ACC1422,Dashboard,31,2026-04-30
ACC1281,Bulk_Upload,26,2026-04-28
ACC1098,Report_Gen,21,2026-05-02
ACC1363,API_Access,72,2026-05-01
ACC1069,Bulk_Upload,34,2026-05-03
ACC1348,Bulk_Upload,1,2026-04-29
ACC1130,Dashboard,94,2026-05-02
ACC1268,Dashboard,54,2026-04-09
ACC1219,Dashboard,66,2026-04-16
ACC1368,API_Access,64,2026-04-14
ACC1131,Report_Gen,86,2026-04-18
ACC1119,API_Access,44,2026-04-08
ACC1464,Team_Collab,95,2026-04-20
ACC1247,API_Access,4,2026-04-09
ACC1419,Bulk_Upload,7,2026-04-27
ACC1093,Team_Collab,49,2026-04-30
ACC1279,Report_Gen,26,2026-04-20
ACC1234,Report_Gen,22,2026-04-11
ACC1131,Dashboard,41,2026-04-30
ACC1291,Bulk_Upload,79,2026-04-08
ACC1051,Team_Collab,37,2026-04-15
ACC1319,Report_Gen,92,2026-04-15
ACC1364,Dashboard,65,2026-05-01
ACC1483,Dashboard,45,2026-05-02
ACC1098,Report_Gen,73,2026-05-04
ACC1385,API_Access,2,2026-04-15
ACC1096,Team_Collab,27,2026-04-29
ACC1126,Bulk_Upload,23,2026-04-30
ACC1206,Team_Collab,57,2026-04-07
ACC1246,Bulk_Upload,97,2026-04-25
ACC1270,Report_Gen,44,2026-04-11
ACC1119,Dashboard,29,2026-04-07
ACC1305,Bulk_Upload,73,2026-04-07
ACC1193,Report_Gen,64,2026-04-19
ACC1310,Bulk_Upload,3,2026-04-28
ACC1121,Team_Collab,31,2026-04-06
ACC1330,Bulk_Upload,24,2026-04-13
ACC1334,Dashboard,24,2026-04-16
ACC1255,Dashboard,7,2026-04-17
ACC1076,Team_Collab,93,2026-04-15
ACC1084,Team_Collab,31,2026-05-04
ACC1303,API_Access,52,2026-04-22
ACC1161,API_Access,71,2026-04-08
ACC1413,API_Access,38,2026-05-01
ACC1061,Bulk_Upload,73,2026-04-09
ACC1341,Team_Collab,69,2026-05-01
ACC1014,Dashboard,98,2026-04-27
ACC1223,API_Access,88,2026-05-05
ACC1298,Dashboard,57,2026-04-17
ACC1362,Bulk_Upload,6,2026-05-03
ACC1496,Team_Collab,14,2026-04-25
ACC1193,Dashboard,65,2026-04-26
ACC1090,Report_Gen,63,2026-04-21
ACC1090,Report_Gen,60,2026-04-30
ACC1469,Dashboard,43,2026-04-27
ACC1407,Report_Gen,27,2026-04-10
ACC1244,Bulk_Upload,11,2026-05-05
ACC1195,Report_Gen,41,2026-04-26
ACC1445,Bulk_Upload,91,2026-04-16
ACC1101,Bulk_Upload,1,2026-05-02
ACC1032,Dashboard,6,2026-04-20
ACC1276,Report_Gen,27,2026-04-06
ACC1081,Bulk_Upload,50,2026-04-26
ACC1223,Bulk_Upload,22,2026-04-22
ACC1198,Dashboard,53,2026-04-09
ACC1226,API_Access,94,2026-04-28
ACC1127,Team_Collab,31,2026-04-23
ACC1483,Team_Collab,96,2026-04-27
ACC1068,Bulk_Upload,32,2026-04-27
ACC1320,Team_Collab,33,2026-04-29
ACC1400,Bulk_Upload,99,2026-04-23
ACC1210,Dashboard,78,2026-04-18
ACC1396,Report_Gen,79,2026-04-18
ACC1140,Team_Collab,96,2026-04-24
ACC1123,API_Access,84,2026-04-30
ACC1285,Dashboard,50,2026-04-22
ACC1014,Report_Gen,59,2026-04-18
ACC1360,Bulk_Upload,45,2026-04-23
ACC1301,API_Access,87,2026-04-09
ACC1257,API_Access,79,2026-05-05
ACC1205,Report_Gen,2,2026-04-13
ACC1119,Dashboard,77,2026-04-28
ACC1154,API_Access,73,2026-04-09
ACC1043,Dashboard,75,2026-04-12
ACC1457,Team_Collab,6,2026-04-17
ACC1396,Report_Gen,79,2026-04-12
ACC1081,API_Access,83,2026-04-06
ACC1178,Report_Gen,59,2026-04-22
ACC1398,Bulk_Upload,71,2026-04-15
ACC1338,Team_Collab,32,2026-04-30
ACC1031,Team_Collab,5,2026-04-27
ACC1084,Bulk_Upload,10,2026-04-24
ACC1494,Team_Collab,80,2026-04-25
ACC1085,API_Access,42,2026-04-10
ACC1252,Bulk_Upload,27,2026-04-19
ACC1280,Dashboard,45,2026-04-11
ACC1055,Bulk_Upload,64,2026-04-07
ACC1079,Team_Collab,66,2026-04-09
ACC1324,API_Access,88,2026-04-28
ACC1063,Team_Collab,33,2026-04-16
ACC1464,Bulk_Upload,83,2026-04-20
ACC1460,Dashboard,25,2026-05-01
ACC1066,Team_Collab,92,2026-04-26
ACC1451,Bulk_Upload,54,2026-04-23
ACC1257,Team_Collab,77,2026-05-04
ACC1477,API_Access,63,2026-05-05
ACC1273,Dashboard,53,2026-04-22
ACC1406,Team_Collab,15,2026-05-03
ACC1417,Team_Collab,39,2026-05-05
ACC1064,Dashboard,20,2026-04-27
ACC1330,API_Access,38,2026-05-04
ACC1210,Dashboard,35,2026-04-08
ACC1468,Dashboard,89,2026-04-12
ACC1283,Team_Collab,60,2026-04-07
ACC1379,Dashboard,38,2026-04-27
ACC1267,API_Access,61,2026-04-24
ACC1058,Team_Collab,28,2026-04-25
ACC1029,API_Access,62,2026-04-30
ACC1253,Dashboard,79,2026-04-22
ACC1268,Report_Gen,8,2026-04-16
ACC1394,Dashboard,76,2026-05-04
ACC1135,Bulk_Upload,80,2026-04-26
ACC1017,Dashboard,65,2026-05-05
ACC1344,Team_Collab,45,2026-05-05
ACC1429,Report_Gen,87,2026-04-24
ACC1475,Team_Collab,72,2026-04-28
ACC1074,Report_Gen,76,2026-04-26
ACC1083,Report_Gen,94,2026-04-27
ACC1163,Team_Collab,72,2026-04-09
ACC1312,API_Access,48,2026-04-30
ACC1017,Team_Collab,38,2026-05-03
ACC1039,Dashboard,100,2026-04-12
ACC1193,Bulk_Upload,34,2026-04-19
ACC1222,Team_Collab,25,2026-04-28
ACC1036,Dashboard,56,2026-04-06
ACC1169,Bulk_Upload,17,2026-05-01
ACC1300,Team_Collab,11,2026-04-14
ACC1255,Team_Collab,82,2026-04-26
ACC1061,Dashboard,16,2026-04-10
ACC1106,API_Access,29,2026-04-07
ACC1023,API_Access,34,2026-04-20
ACC1085,API_Access,84,2026-04-12
ACC1473,Team_Collab,27,2026-04-16
ACC1060,Bulk_Upload,89,2026-04-16
ACC1429,Dashboard,80,2026-04-16
ACC1110,API_Access,44,2026-04-24
ACC1368,Team_Collab,76,2026-04-15
ACC1244,Team_Collab,71,2026-04-25
ACC1071,Team_Collab,12,2026-04-07
ACC1487,API_Access,13,2026-04-28
ACC1396,API_Access,27,2026-04-16
ACC1360,Bulk_Upload,10,2026-04-25
ACC1280,API_Access,61,2026-05-01
ACC1027,Report_Gen,58,2026-04-15
ACC1355,Report_Gen,42,2026-04-20
ACC1285,Bulk_Upload,6,2026-04-14
ACC1237,Bulk_Upload,70,2026-05-03
ACC1423,Dashboard,42,2026-04-11
ACC1144,Dashboard,40,2026-04-25
ACC1032,Report_Gen,83,2026-05-05
ACC1258,Team_Collab,60,2026-04-12
ACC1068,Report_Gen,78,2026-04-21
ACC1305,API_Access,68,2026-05-05
ACC1438,Bulk_Upload,14,2026-04-27
ACC1100,API_Access,37,2026-04-09
ACC1103,API_Access,86,2026-04-07
ACC1143,Team_Collab,29,2026-04-25
ACC1468,Bulk_Upload,77,2026-04-28
ACC1450,API_Access,25,2026-04-17
ACC1285,Bulk_Upload,45,2026-04-11
ACC1480,Report_Gen,17,2026-05-05
ACC1314,Dashboard,18,2026-04-24
ACC1294,Report_Gen,53,2026-04-17
ACC1042,Team_Collab,10,2026-05-02
ACC1443,Team_Collab,86,2026-04-20
ACC1279,Report_Gen,100,2026-04-26
ACC1105,Bulk_Upload,50,2026-04-22
ACC1235,Bulk_Upload,78,2026-04-29
ACC1400,Team_Collab,34,2026-04-28
ACC1086,Report_Gen,37,2026-04-22
ACC1122,API_Access,17,2026-04-30
ACC1137,Dashboard,39,2026-04-29
ACC1467,Team_Collab,42,2026-04-16
ACC1334,Report_Gen,11,2026-04-17
ACC1110,API_Access,17,2026-04-17
ACC1305,Bulk_Upload,53,2026-05-04
ACC1272,Bulk_Upload,85,2026-05-05
ACC1484,Report_Gen,40,2026-04-26
ACC1214,Bulk_Upload,86,2026-05-05
ACC1005,API_Access,54,2026-04-25
ACC1102,Bulk_Upload,7,2026-04-13
ACC1328,Dashboard,95,2026-04-11
ACC1374,Team_Collab,53,2026-04-21
ACC1130,Bulk_Upload,33,2026-04-19
ACC1036,Report_Gen,79,2026-04-26
ACC1218,Bulk_Upload,66,2026-04-06
ACC1322,Dashboard,35,2026-04-30
ACC1436,Dashboard,94,2026-04-06
ACC1420,Team_Collab,88,2026-04-29
ACC1120,Report_Gen,66,2026-04-10
ACC1351,Dashboard,26,2026-04-22
ACC1408,Team_Collab,61,2026-04-12
ACC1108,Team_Collab,67,2026-05-01
ACC1155,API_Access,70,2026-04-20
ACC1174,Dashboard,58,2026-04-16
ACC1163,Bulk_Upload,1,2026-05-01
ACC1387,Bulk_Upload,83,2026-04-28
ACC1156,Bulk_Upload,31,2026-04-29
ACC1487,API_Access,80,2026-04-07
ACC1470,Bulk_Upload,18,2026-04-06
ACC1071,API_Access,59,2026-05-02
ACC1373,Dashboard,13,2026-04-29
ACC1281,API_Access,7,2026-04-17
ACC1342,Team_Collab,20,2026-04-23
ACC1409,Dashboard,39,2026-04-11
ACC1460,API_Access,68,2026-04-07
ACC1109,Dashboard,50,2026-04-10
ACC1157,Dashboard,67,2026-04-29
ACC1324,Dashboard,11,2026-05-02
ACC1065,Team_Collab,14,2026-04-27
ACC1218,Dashboard,36,2026-04-07
ACC1228,Report_Gen,48,2026-04-24
ACC1315,Dashboard,63,2026-04-26
ACC1160,Bulk_Upload,78,2026-04-14
ACC1252,Report_Gen,6,2026-05-03
ACC1413,Dashboard,56,2026-04-27
ACC1115,API_Access,33,2026-04-17
ACC1283,Dashboard,38,2026-05-03
ACC1498,Report_Gen,5,2026-04-24
ACC1356,Report_Gen,43,2026-04-22
ACC1377,Dashboard,75,2026-04-24
ACC1166,Team_Collab,86,2026-04-26
ACC1485,API_Access,99,2026-04-10
ACC1439,Team_Collab,63,2026-04-29
ACC1341,API_Access,62,2026-04-07
ACC1295,Report_Gen,99,2026-04-13
ACC1029,API_Access,100,2026-05-02
ACC1084,Report_Gen,57,2026-04-30
ACC1476,Report_Gen,99,2026-04-16
ACC1171,API_Access,86,2026-05-05
ACC1382,Team_Collab,12,2026-05-02
ACC1320,API_Access,52,2026-04-15
ACC1290,Dashboard,100,2026-04-30
ACC1237,Report_Gen,56,2026-04-24
ACC1411,Team_Collab,20,2026-05-05
ACC1174,Dashboard,48,2026-04-06
ACC1308,API_Access,65,2026-04-08
ACC1146,Team_Collab,64,2026-04-11
ACC1298,Report_Gen,54,2026-04-07
ACC1019,Bulk_Upload,19,2026-04-22
ACC1309,API_Access,13,2026-04-26
ACC1102,API_Access,47,2026-04-06
ACC1217,Team_Collab,56,2026-04-14
ACC1120,Report_Gen,73,2026-04-23
ACC1069,API_Access,22,2026-04-16
ACC1087,Dashboard,45,2026-04-26
ACC1142,Team_Collab,45,2026-04-21
ACC1111,Report_Gen,92,2026-04-15
ACC1019,API_Access,74,2026-04-12
ACC1209,Dashboard,3,2026-04-26
ACC1284,Bulk_Upload,79,2026-04-13
ACC1490,Dashboard,58,2026-04-28
ACC1239,Team_Collab,98,2026-04-14
ACC1166,Team_Collab,21,2026-04-12
ACC1057,Dashboard,34,2026-04-27
ACC1375,Dashboard,87,2026-04-22
ACC1279,Bulk_Upload,12,2026-04-29
ACC1459,Team_Collab,45,2026-04-14
ACC1382,API_Access,98,2026-05-04
ACC1435,Team_Collab,78,2026-04-10
ACC1356,Bulk_Upload,31,2026-05-05
ACC1005,Bulk_Upload,55,2026-05-01
ACC1008,Bulk_Upload,21,2026-04-10
ACC1376,Team_Collab,16,2026-05-03
ACC1385,API_Access,27,2026-04-07
ACC1203,Report_Gen,56,2026-04-24
ACC1431,Report_Gen,93,2026-04-10
ACC1377,Team_Collab,88,2026-04-06
ACC1034,Bulk_Upload,73,2026-05-01
ACC1005,Team_Collab,83,2026-04-13
ACC1000,Bulk_Upload,44,2026-04-27
ACC1086,API_Access,44,2026-04-20
ACC1260,Team_Collab,71,2026-04-22
ACC1441,Bulk_Upload,56,2026-05-02
ACC1190,API_Access,16,2026-04-28
ACC1236,Dashboard,49,2026-04-28
ACC1187,Dashboard,90,2026-04-28
ACC1407,Dashboard,32,2026-04-29
ACC1234,Dashboard,100,2026-04-26
ACC1390,Team_Collab,85,2026-04-26
ACC1335,Dashboard,56,2026-04-29
ACC1003,Dashboard,28,2026-04-14
ACC1207,Team_Collab,13,2026-04-09
ACC1269,Report_Gen,70,2026-04-14
ACC1319,Team_Collab,73,2026-04-23
ACC1205,Report_Gen,84,2026-04-25
ACC1442,Bulk_Upload,83,2026-05-04
ACC1396,API_Access,85,2026-04-28
ACC1194,Team_Collab,21,2026-04-09
ACC1154,Report_Gen,91,2026-04-06
ACC1367,API_Access,70,2026-04-27
ACC1456,Dashboard,5,2026-04-15
ACC1355,Team_Collab,76,2026-04-21
ACC1203,Dashboard,43,2026-04-23
ACC1172,API_Access,39,2026-05-03
ACC1371,Team_Collab,45,2026-04-08
ACC1092,Report_Gen,41,2026-04-17
ACC1207,API_Access,36,2026-04-13
ACC1298,Dashboard,5,2026-04-06
ACC1309,Bulk_Upload,12,2026-04-16
ACC1278,Dashboard,47,2026-04-23
ACC1092,Bulk_Upload,95,2026-04-12
ACC1293,API_Access,37,2026-05-01
ACC1427,Report_Gen,72,2026-05-04
ACC1272,Bulk_Upload,80,2026-04-28
ACC1478,Team_Collab,8,2026-04-19
ACC1388,Report_Gen,44,2026-04-07
ACC1045,Dashboard,90,2026-04-27
ACC1185,Bulk_Upload,95,2026-04-24
ACC1126,API_Access,83,2026-04-06
ACC1321,Report_Gen,100,2026-04-10
ACC1079,Team_Collab,37,2026-05-02
ACC1422,Bulk_Upload,74,2026-05-04
ACC1081,Bulk_Upload,94,2026-04-18
ACC1201,API_Access,87,2026-04-24
ACC1456,Team_Collab,35,2026-05-01
ACC1250,Dashboard,14,2026-04-17
ACC1253,Dashboard,29,2026-04-13
ACC1481,Bulk_Upload,59,2026-04-06
ACC1226,API_Access,19,2026-04-24
ACC1062,Bulk_Upload,96,2026-04-28
ACC1125,Bulk_Upload,99,2026-04-07
ACC1220,Bulk_Upload,63,2026-04-14
ACC1160,API_Access,12,2026-04-29
ACC1259,Report_Gen,24,2026-04-13
ACC1061,API_Access,43,2026-04-06
ACC1395,Report_Gen,20,2026-04-22
ACC1393,Bulk_Upload,5,2026-04-11
ACC1131,Report_Gen,97,2026-04-12
ACC1107,API_Access,31,2026-04-29
ACC1030,Team_Collab,10,2026-04-07
ACC1139,Dashboard,6,2026-05-05
ACC1422,Team_Collab,23,2026-04-25
ACC1002,Dashboard,35,2026-04-16
ACC1010,Team_Collab,71,2026-04-25
ACC1314,API_Access,40,2026-05-02
ACC1447,Dashboard,88,2026-04-07
ACC1138,Dashboard,95,2026-04-10
ACC1449,Dashboard,90,2026-04-29
ACC1081,Report_Gen,57,2026-04-16
ACC1473,Report_Gen,37,2026-04-23
ACC1017,Bulk_Upload,86,2026-04-26
ACC1447,Team_Collab,97,2026-05-05
ACC1327,Dashboard,15,2026-05-03
ACC1118,Report_Gen,67,2026-04-27
ACC1205,Team_Collab,9,2026-04-20
ACC1019,API_Access,79,2026-04-17
ACC1051,Bulk_Upload,97,2026-04-24
ACC1150,API_Access,24,2026-04-07
ACC1413,Report_Gen,92,2026-04-13
ACC1071,Team_Collab,14,2026-04-29
ACC1419,Report_Gen,92,2026-05-02
ACC1468,Bulk_Upload,46,2026-04-06
ACC1392,API_Access,66,2026-04-11
ACC1204,Bulk_Upload,38,2026-04-16
ACC1195,Report_Gen,2,2026-04-16
ACC1219,Bulk_Upload,9,2026-04-27
ACC1415,API_Access,81,2026-04-21
ACC1492,Report_Gen,8,2026-05-05
ACC1079,Team_Collab,19,2026-04-22
ACC1373,Team_Collab,4,2026-05-01
ACC1440,Bulk_Upload,17,2026-04-07
ACC1079,Dashboard,44,2026-05-05
ACC1449,Dashboard,45,2026-04-29
ACC1439,Dashboard,6,2026-04-07
ACC1248,Team_Collab,82,2026-04-22
ACC1295,Bulk_Upload,16,2026-05-03
ACC1222,Bulk_Upload,21,2026-04-19
ACC1101,Report_Gen,54,2026-05-02
ACC1096,Team_Collab,78,2026-04-08
ACC1071,Report_Gen,71,2026-04-06
ACC1315,Bulk_Upload,90,2026-04-13
ACC1333,API_Access,64,2026-05-04
ACC1365,Dashboard,42,2026-04-26
ACC1216,Report_Gen,87,2026-04-23
ACC1258,Team_Collab,85,2026-04-06
ACC1476,Team_Collab,88,2026-04-08
ACC1159,Report_Gen,89,2026-04-10
ACC1423,Dashboard,64,2026-04-26
ACC1300,Team_Collab,67,2026-04-26
ACC1143,Dashboard,87,2026-04-10
ACC1271,Team_Collab,30,2026-04-11
ACC1035,Dashboard,88,2026-04-06
ACC1162,Team_Collab,62,2026-04-15
ACC1027,API_Access,11,2026-04-26
ACC1200,Bulk_Upload,58,2026-04-18
ACC1162,Report_Gen,100,2026-04-12
ACC1143,API_Access,86,2026-04-19
ACC1464,Bulk_Upload,14,2026-05-04
ACC1179,API_Access,82,2026-04-27
ACC1063,Bulk_Upload,8,2026-05-05
ACC1371,Dashboard,53,2026-04-08
ACC1189,Report_Gen,40,2026-04-07
ACC1066,Dashboard,73,2026-04-17
ACC1494,API_Access,6,2026-04-29
ACC1474,Team_Collab,12,2026-04-29
ACC1100,API_Access,3,2026-04-16
ACC1148,Report_Gen,91,2026-04-16
ACC1478,Team_Collab,10,2026-05-01
ACC1174,Bulk_Upload,9,2026-04-25
ACC1220,Bulk_Upload,60,2026-04-06
ACC1476,Team_Collab,94,2026-04-26
ACC1477,Bulk_Upload,4,2026-04-28
ACC1483,Bulk_Upload,36,2026-04-20
ACC1477,Team_Collab,53,2026-05-05
ACC1468,Report_Gen,62,2026-05-01
ACC1382,Bulk_Upload,16,2026-04-09
ACC1108,Bulk_Upload,83,2026-04-15
ACC1036,Report_Gen,85,2026-04-10
ACC1412,Team_Collab,29,2026-04-25
ACC1481,API_Access,62,2026-04-19
ACC1414,Dashboard,51,2026-04-29
ACC1141,Report_Gen,53,2026-04-26
ACC1206,Report_Gen,8,2026-04-17
ACC1218,API_Access,78,2026-04-19
ACC1461,Bulk_Upload,4,2026-05-03
ACC1195,Team_Collab,40,2026-04-28
ACC1021,Report_Gen,95,2026-05-04
ACC1188,Bulk_Upload,90,2026-04-19
ACC1188,Report_Gen,90,2026-04-21
ACC1425,Dashboard,15,2026-04-17
ACC1477,Team_Collab,12,2026-04-14
ACC1204,API_Access,79,2026-05-05
ACC1430,Dashboard,64,2026-04-23
ACC1300,Dashboard,14,2026-04-09
ACC1314,Bulk_Upload,64,2026-04-23
ACC1174,Team_Collab,95,2026-04-27
ACC1326,Report_Gen,50,2026-04-24
ACC1401,Bulk_Upload,95,2026-05-05
ACC1280,Report_Gen,79,2026-04-09
ACC1361,Report_Gen,58,2026-04-30
ACC1103,Team_Collab,32,2026-04-28
ACC1075,Bulk_Upload,41,2026-04-23
ACC1460,Bulk_Upload,35,2026-04-18
ACC1430,Bulk_Upload,70,2026-04-13
ACC1087,API_Access,74,2026-04-19
ACC1235,API_Access,72,2026-05-05
ACC1078,API_Access,19,2026-04-28
ACC1034,Team_Collab,72,2026-04-15
ACC1057,Report_Gen,64,2026-04-10
ACC1430,Bulk_Upload,59,2026-04-21
ACC1036,Report_Gen,44,2026-04-09
ACC1096,Report_Gen,6,2026-04-12
ACC1432,Team_Collab,68,2026-04-30
ACC1134,Team_Collab,25,2026-04-29
ACC1484,Bulk_Upload,53,2026-04-10
ACC1057,Team_Collab,27,2026-04-11
ACC1367,Team_Collab,5,2026-04-17
ACC1040,Dashboard,26,2026-04-26
ACC1080,Bulk_Upload,38,2026-04-19
ACC1482,Team_Collab,18,2026-04-11
ACC1190,Report_Gen,17,2026-04-29
ACC1035,Report_Gen,12,2026-04-09
ACC1416,Report_Gen,39,2026-04-13
ACC1292,API_Access,55,2026-05-03
ACC1052,Report_Gen,81,2026-05-01
ACC1380,Dashboard,62,2026-04-23
ACC1434,Bulk_Upload,56,2026-04-23
ACC1344,Dashboard,31,2026-04-26
ACC1406,Bulk_Upload,3,2026-04-19
ACC1485,Bulk_Upload,90,2026-04-08
ACC1242,API_Access,63,2026-04-22
ACC1379,Bulk_Upload,34,2026-04-15
ACC1148,Bulk_Upload,69,2026-05-04
ACC1410,Report_Gen,34,2026-05-04
ACC1307,Bulk_Upload,94,2026-05-02
ACC1124,Report_Gen,8,2026-05-02
ACC1236,API_Access,70,2026-04-12
ACC1486,Bulk_Upload,29,2026-04-11
ACC1279,Bulk_Upload,30,2026-05-02
ACC1399,Dashboard,90,2026-05-05
ACC1315,Team_Collab,1,2026-04-20
ACC1166,Bulk_Upload,87,2026-04-16
ACC1117,Bulk_Upload,57,2026-04-10
ACC1280,API_Access,75,2026-04-14
ACC1335,Dashboard,70,2026-04-17
ACC1309,Bulk_Upload,87,2026-04-27
ACC1124,Bulk_Upload,64,2026-05-04
ACC1034,Team_Collab,83,2026-04-17
ACC1347,Team_Collab,22,2026-04-25
ACC1123,API_Access,19,2026-04-19
ACC1187,Team_Collab,83,2026-05-01
ACC1316,Team_Collab,61,2026-04-21
ACC1408,Report_Gen,82,2026-04-09
ACC1114,Report_Gen,24,2026-04-09
ACC1474,Team_Collab,7,2026-04-22
ACC1346,Bulk_Upload,33,2026-04-19
ACC1006,API_Access,71,2026-04-18
ACC1372,Report_Gen,75,2026-05-02
ACC1126,Bulk_Upload,48,2026-04-24
ACC1036,Bulk_Upload,45,2026-04-23
ACC1163,API_Access,40,2026-04-09
ACC1088,Dashboard,3,2026-04-18
ACC1059,Report_Gen,67,2026-04-08
ACC1065,Bulk_Upload,2,2026-04-24
ACC1043,Team_Collab,48,2026-04-25
ACC1445,API_Access,16,2026-04-18
ACC1031,Bulk_Upload,84,2026-04-16
ACC1407,Dashboard,4,2026-04-17
ACC1369,Team_Collab,41,2026-04-30
ACC1465,Report_Gen,13,2026-04-15
ACC1222,Dashboard,27,2026-05-05
ACC1115,API_Access,47,2026-04-16
ACC1418,API_Access,53,2026-05-05
ACC1449,Bulk_Upload,53,2026-04-17
ACC1034,Report_Gen,31,2026-04-30
ACC1002,Report_Gen,72,2026-04-09
ACC1478,Dashboard,59,2026-04-06
ACC1201,Team_Collab,43,2026-04-09
ACC1015,API_Access,54,2026-04-17
ACC1323,API_Access,42,2026-04-14
ACC1145,API_Access,67,2026-04-20
ACC1271,Report_Gen,6,2026-04-27
ACC1240,Dashboard,17,2026-04-27
ACC1476,Team_Collab,77,2026-04-13
ACC1075,Report_Gen,85,2026-04-20
ACC1423,Dashboard,20,2026-04-29
ACC1408,Dashboard,32,2026-04-19
ACC1120,API_Access,79,2026-04-30
ACC1111,Dashboard,44,2026-04-11
ACC1171,Dashboard,99,2026-05-03
ACC1342,API_Access,77,2026-04-20
ACC1477,Dashboard,3,2026-05-05
ACC1413,Team_Collab,24,2026-04-13
ACC1257,Report_Gen,94,2026-05-05
ACC1203,Report_Gen,83,2026-04-21
ACC1206,Report_Gen,71,2026-05-05
ACC1462,API_Access,28,2026-04-17
ACC1494,Bulk_Upload,35,2026-04-08
ACC1157,Dashboard,39,2026-04-23
ACC1279,Dashboard,46,2026-05-01
ACC1402,Team_Collab,54,2026-05-04
ACC1227,Dashboard,41,2026-05-05
ACC1313,Dashboard,41,2026-04-14
ACC1085,Dashboard,88,2026-04-15
ACC1265,API_Access,44,2026-05-01
ACC1459,Bulk_Upload,30,2026-05-04
ACC1361,Team_Collab,17,2026-04-12
ACC1177,API_Access,86,2026-04-12
ACC1146,Bulk_Upload,69,2026-04-13
ACC1046,Report_Gen,71,2026-04-21
ACC1088,Report_Gen,13,2026-04-09
ACC1093,Team_Collab,31,2026-04-09
ACC1453,Team_Collab,58,2026-05-02
ACC1460,API_Access,76,2026-04-26
ACC1413,Team_Collab,20,2026-04-22
ACC1485,Bulk_Upload,64,2026-04-15
ACC1276,Team_Collab,32,2026-04-09
ACC1082,Bulk_Upload,2,2026-04-13
ACC1010,Report_Gen,64,2026-04-13
ACC1346,API_Access,14,2026-04-11
ACC1203,Dashboard,71,2026-04-10
ACC1437,API_Access,80,2026-04-23
ACC1114,API_Access,70,2026-04-18
ACC1392,API_Access,14,2026-04-14
ACC1185,Dashboard,1,2026-04-25
ACC1492,Team_Collab,85,2026-04-23
ACC1123,API_Access,99,2026-04-27
ACC1127,Bulk_Upload,98,2026-04-10
ACC1209,Team_Collab,47,2026-04-17
ACC1289,API_Access,72,2026-04-18
ACC1044,Team_Collab,2,2026-04-13
ACC1363,API_Access,83,2026-04-11
ACC1145,Report_Gen,17,2026-04-14
ACC1211,Team_Collab,55,2026-04-07
ACC1185,Report_Gen,24,2026-05-05
ACC1239,Bulk_Upload,100,2026-04-20
ACC1185,Bulk_Upload,83,2026-04-19
ACC1236,Report_Gen,28,2026-04-27
ACC1200,Report_Gen,48,2026-04-09
ACC1335,Bulk_Upload,51,2026-04-22
ACC1279,Team_Collab,38,2026-04-12
ACC1145,Team_Collab,6,2026-04-25
ACC1205,Bulk_Upload,27,2026-05-03
ACC1235,Report_Gen,29,2026-04-30
ACC1270,Team_Collab,78,2026-04-06
ACC1190,Dashboard,71,2026-04-26
ACC1120,Dashboard,34,2026-05-02
ACC1152,Bulk_Upload,40,2026-04-06
ACC1114,Team_Collab,86,2026-04-10
ACC1219,API_Access,48,2026-04-18
ACC1468,API_Access,17,2026-04-23
ACC1126,API_Access,44,2026-04-08
ACC1188,Report_Gen,66,2026-04-19
ACC1415,Dashboard,52,2026-04-20
ACC1375,Team_Collab,29,2026-04-27
ACC1182,Dashboard,90,2026-04-09
ACC1396,Dashboard,33,2026-04-21
ACC1384,Dashboard,1,2026-05-05
ACC1245,Team_Collab,51,2026-04-22
ACC1223,API_Access,89,2026-04-11
ACC1330,Report_Gen,11,2026-04-12
ACC1047,Bulk_Upload,22,2026-04-18
ACC1099,Report_Gen,92,2026-04-13
ACC1236,Team_Collab,29,2026-04-10
ACC1264,Team_Collab,77,2026-04-12
ACC1273,Report_Gen,57,2026-04-10
ACC1197,Dashboard,87,2026-04-17
ACC1227,Dashboard,27,2026-04-12
ACC1491,Report_Gen,36,2026-04-15
ACC1357,API_Access,93,2026-05-01
ACC1147,Bulk_Upload,27,2026-04-20
ACC1261,API_Access,42,2026-04-29
ACC1065,Bulk_Upload,79,2026-05-02
ACC1123,Dashboard,46,2026-04-09
ACC1410,Bulk_Upload,13,2026-04-16
ACC1478,API_Access,25,2026-05-03
ACC1208,Bulk_Upload,34,2026-04-18
ACC1075,Bulk_Upload,89,2026-04-23
ACC1437,Bulk_Upload,26,2026-04-25
ACC1192,Dashboard,22,2026-04-09
ACC1469,Report_Gen,80,2026-04-11
ACC1209,Report_Gen,88,2026-04-18
ACC1034,Report_Gen,69,2026-04-09
ACC1292,Dashboard,91,2026-04-19
ACC1425,Team_Collab,73,2026-04-22
ACC1476,API_Access,23,2026-04-07
ACC1414,Dashboard,12,2026-04-18
ACC1323,Dashboard,19,2026-04-30
ACC1472,Dashboard,6,2026-05-02
ACC1455,Bulk_Upload,44,2026-04-15
ACC1203,Report_Gen,4,2026-05-02
ACC1251,Dashboard,32,2026-04-29
ACC1252,Bulk_Upload,29,2026-04-07
ACC1082,Bulk_Upload,60,2026-04-29
ACC1489,Dashboard,22,2026-04-14
ACC1136,Report_Gen,13,2026-04-08
ACC1436,Team_Collab,51,2026-04-20
ACC1000,API_Access,76,2026-04-28
ACC1284,Dashboard,14,2026-04-12
ACC1406,Bulk_Upload,10,2026-04-11
ACC1198,API_Access,64,2026-04-18
ACC1100,Report_Gen,34,2026-04-13
ACC1086,Team_Collab,55,2026-04-11
ACC1106,Bulk_Upload,46,2026-04-17
ACC1369,Team_Collab,36,2026-05-02
ACC1340,Report_Gen,53,2026-04-23
ACC1328,Dashboard,84,2026-05-01
ACC1472,Team_Collab,80,2026-04-18
ACC1195,Bulk_Upload,76,2026-04-27
ACC1114,Report_Gen,70,2026-05-05
ACC1197,Team_Collab,64,2026-04-15
ACC1065,Team_Collab,100,2026-04-17
ACC1206,Bulk_Upload,82,2026-04-07
ACC1235,Dashboard,42,2026-05-04
ACC1315,Team_Collab,8,2026-04-21
ACC1457,Dashboard,37,2026-04-06
ACC1266,Bulk_Upload,74,2026-04-26
ACC1497,Report_Gen,30,2026-04-20
ACC1453,API_Access,17,2026-04-26
ACC1007,Team_Collab,44,2026-04-23
ACC1170,API_Access,43,2026-04-27
ACC1474,Team_Collab,38,2026-04-25
ACC1262,Dashboard,41,2026-04-28
ACC1219,Dashboard,15,2026-04-06
ACC1118,Dashboard,22,2026-04-21
ACC1240,API_Access,53,2026-04-15
ACC1379,Report_Gen,50,2026-05-02
ACC1021,API_Access,66,2026-04-30
ACC1132,API_Access,5,2026-04-23
ACC1226,Report_Gen,96,2026-04-15
ACC1213,Report_Gen,29,2026-04-27
ACC1294,Dashboard,22,2026-04-11
ACC1142,Team_Collab,98,2026-04-14
ACC1038,Dashboard,81,2026-04-27
ACC1045,Team_Collab,73,2026-04-13
ACC1399,Report_Gen,36,2026-04-19
ACC1124,API_Access,95,2026-04-19
ACC1034,Team_Collab,92,2026-04-19
ACC1328,Team_Collab,92,2026-04-10
ACC1424,Dashboard,19,2026-04-13
ACC1186,Team_Collab,5,2026-04-13
ACC1423,Report_Gen,80,2026-04-28
ACC1445,Team_Collab,53,2026-05-02
ACC1154,API_Access,72,2026-04-12
ACC1033,Team_Collab,82,2026-04-26
ACC1167,Bulk_Upload,91,2026-04-22
ACC1043,Bulk_Upload,70,2026-04-16
ACC1353,Team_Collab,75,2026-05-01
ACC1044,Dashboard,19,2026-04-06
ACC1426,Bulk_Upload,42,2026-04-08
ACC1039,Dashboard,46,2026-04-06
ACC1244,Team_Collab,59,2026-04-16
ACC1239,Team_Collab,100,2026-04-29
ACC1164,Team_Collab,32,2026-04-14
ACC1306,Report_Gen,26,2026-04-26
ACC1375,Team_Collab,2,2026-04-17
ACC1042,Report_Gen,25,2026-05-03
ACC1428,Report_Gen,21,2026-04-13
ACC1099,Report_Gen,52,2026-04-25
ACC1310,API_Access,33,2026-04-25
ACC1016,Bulk_Upload,65,2026-04-10
ACC1216,Bulk_Upload,16,2026-04-12
ACC1080,Report_Gen,71,2026-04-26
ACC1181,Report_Gen,88,2026-05-04
ACC1315,Dashboard,20,2026-04-19
ACC1180,Report_Gen,44,2026-05-02
ACC1096,API_Access,59,2026-04-12
ACC1127,API_Access,25,2026-05-04
ACC1227,API_Access,64,2026-04-06
ACC1421,Report_Gen,5,2026-04-17
ACC1341,Report_Gen,47,2026-05-02
ACC1360,Team_Collab,34,2026-04-15
ACC1065,Dashboard,37,2026-04-16
ACC1058,Report_Gen,79,2026-05-05
ACC1030,Bulk_Upload,97,2026-04-21
ACC1124,Bulk_Upload,4,2026-04-09
ACC1479,Bulk_Upload,38,2026-04-20
ACC1005,Report_Gen,84,2026-04-30
ACC1488,API_Access,36,2026-04-22
ACC1129,Report_Gen,49,2026-04-26
ACC1110,Report_Gen,9,2026-04-28
ACC1342,Dashboard,4,2026-04-10
ACC1149,API_Access,27,2026-05-03
ACC1025,Bulk_Upload,73,2026-04-30
ACC1187,API_Access,96,2026-04-13
ACC1137,Report_Gen,45,2026-04-28
ACC1157,Dashboard,59,2026-04-19
ACC1111,Report_Gen,42,2026-04-30
ACC1118,Team_Collab,91,2026-04-12
ACC1220,Bulk_Upload,89,2026-04-12
ACC1015,Bulk_Upload,88,2026-04-20
ACC1021,API_Access,53,2026-04-17
ACC1404,Team_Collab,35,2026-04-19
ACC1351,Team_Collab,87,2026-04-28
ACC1401,Team_Collab,23,2026-04-29
ACC1226,Bulk_Upload,7,2026-04-13
ACC1354,Team_Collab,43,2026-04-11
ACC1492,Team_Collab,7,2026-04-29
ACC1329,Dashboard,37,2026-04-12
ACC1190,Report_Gen,12,2026-05-02
ACC1416,Dashboard,62,2026-04-14
ACC1024,Dashboard,12,2026-04-24
ACC1114,API_Access,19,2026-05-04
ACC1202,API_Access,30,2026-04-17
ACC1147,Dashboard,22,2026-05-04
ACC1346,Bulk_Upload,28,2026-04-08
ACC1118,Bulk_Upload,50,2026-04-19
ACC1119,Team_Collab,42,2026-04-10
ACC1019,Report_Gen,76,2026-04-21
ACC1197,Bulk_Upload,81,2026-04-30
ACC1416,Report_Gen,12,2026-04-18
ACC1147,Dashboard,71,2026-04-26
ACC1116,Bulk_Upload,36,2026-04-17
ACC1222,Bulk_Upload,64,2026-05-03
ACC1437,Report_Gen,25,2026-04-08
ACC1467,Dashboard,20,2026-04-09
ACC1068,Team_Collab,19,2026-04-10
ACC1369,Bulk_Upload,68,2026-04-16
ACC1138,Dashboard,100,2026-04-23
ACC1401,Dashboard,30,2026-04-26
ACC1346,Bulk_Upload,45,2026-05-05
ACC1136,API_Access,81,2026-05-05
ACC1124,Team_Collab,35,2026-05-02
ACC1388,Dashboard,82,2026-04-11
ACC1280,Team_Collab,13,2026-05-05
ACC1351,Dashboard,28,2026-04-29
ACC1125,Dashboard,56,2026-04-27
ACC1188,Bulk_Upload,11,2026-04-12
ACC1209,Bulk_Upload,5,2026-04-06
ACC1289,Team_Collab,14,2026-04-13
ACC1090,Team_Collab,70,2026-04-25
ACC1268,Team_Collab,43,2026-04-28
ACC1352,Bulk_Upload,1,2026-04-09
ACC1446,Bulk_Upload,90,2026-04-06
ACC1465,Dashboard,74,2026-04-13
ACC1053,Report_Gen,96,2026-05-05
ACC1499,Bulk_Upload,20,2026-04-09
ACC1096,Bulk_Upload,71,2026-04-12
ACC1097,API_Access,48,2026-04-14
ACC1287,Report_Gen,42,2026-04-19
ACC1244,Team_Collab,38,2026-04-27
ACC1323,API_Access,17,2026-05-03
ACC1043,Dashboard,49,2026-04-07
ACC1405,Report_Gen,82,2026-04-10
ACC1287,API_Access,99,2026-04-30
ACC1379,Dashboard,3,2026-04-28
ACC1024,Team_Collab,77,2026-05-02
ACC1176,Bulk_Upload,5,2026-05-03
ACC1007,Dashboard,15,2026-04-27
ACC1234,Team_Collab,75,2026-04-18
ACC1421,Dashboard,39,2026-04-14
ACC1324,Report_Gen,32,2026-04-29
ACC1446,Team_Collab,65,2026-04-19
ACC1090,Dashboard,58,2026-04-12
ACC1037,Team_Collab,76,2026-05-02
ACC1007,Team_Collab,90,2026-04-27
ACC1204,API_Access,21,2026-05-04
ACC1157,Dashboard,64,2026-04-27
ACC1205,Dashboard,1,2026-04-15
ACC1051,Dashboard,77,2026-04-27
ACC1121,Report_Gen,29,2026-04-11
ACC1095,Dashboard,67,2026-04-15
ACC1099,Dashboard,77,2026-04-19
ACC1289,Team_Collab,79,2026-04-06
ACC1170,Bulk_Upload,92,2026-04-19
ACC1114,API_Access,6,2026-04-22
ACC1001,API_Access,32,2026-04-23
ACC1364,API_Access,38,2026-04-12
ACC1110,API_Access,61,2026-04-11
ACC1342,API_Access,46,2026-05-02
ACC1229,Report_Gen,17,2026-04-07
ACC1050,Report_Gen,32,2026-04-19
ACC1148,Dashboard,88,2026-05-02
ACC1009,Team_Collab,44,2026-04-20
ACC1009,Report_Gen,48,2026-05-02
ACC1435,Report_Gen,88,2026-05-03
ACC1203,Team_Collab,29,2026-04-09
ACC1289,Team_Collab,21,2026-05-04
ACC1093,Bulk_Upload,43,2026-05-01
ACC1108,API_Access,63,2026-04-26
ACC1164,Report_Gen,65,2026-05-03
ACC1058,Report_Gen,58,2026-04-16
ACC1147,API_Access,35,2026-04-10
ACC1336,Bulk_Upload,63,2026-04-19
ACC1341,Team_Collab,67,2026-05-02
ACC1459,Team_Collab,24,2026-04-11
ACC1445,Team_Collab,60,2026-04-15
ACC1355,Report_Gen,11,2026-04-16
ACC1199,Bulk_Upload,20,2026-04-16
ACC1018,Bulk_Upload,90,2026-04-11
ACC1166,Dashboard,9,2026-04-25
ACC1206,Team_Collab,95,2026-04-28
ACC1317,API_Access,77,2026-04-27
ACC1034,Report_Gen,67,2026-04-27
ACC1284,Dashboard,43,2026-04-30
ACC1110,Dashboard,3,2026-04-21
ACC1473,Report_Gen,92,2026-05-01
ACC1274,API_Access,8,2026-04-11
ACC1451,Bulk_Upload,72,2026-04-13
ACC1054,Bulk_Upload,57,2026-04-11
ACC1119,API_Access,93,2026-04-13
ACC1193,Report_Gen,28,2026-04-16
ACC1010,Dashboard,72,2026-04-23
ACC1496,Dashboard,17,2026-04-26
ACC1273,Bulk_Upload,86,2026-04-06
ACC1377,Team_Collab,80,2026-04-11
ACC1316,Dashboard,48,2026-04-23
ACC1200,Dashboard,64,2026-04-13
ACC1409,Bulk_Upload,16,2026-04-19
ACC1248,Report_Gen,40,2026-04-21
ACC1012,Bulk_Upload,46,2026-05-03
ACC1498,API_Access,36,2026-04-15
ACC1151,Bulk_Upload,18,2026-04-10
ACC1357,Bulk_Upload,94,2026-04-12
ACC1311,Dashboard,90,2026-04-25
ACC1135,API_Access,7,2026-04-19
ACC1235,Team_Collab,17,2026-04-28
ACC1043,Team_Collab,41,2026-04-30
ACC1487,Dashboard,66,2026-04-20
ACC1061,API_Access,70,2026-04-13
ACC1012,Report_Gen,17,2026-04-17
ACC1315,Dashboard,72,2026-04-30
ACC1498,Report_Gen,71,2026-05-03
ACC1485,Team_Collab,40,2026-04-29
ACC1102,Bulk_Upload,38,2026-05-01
ACC1085,Team_Collab,48,2026-04-26
ACC1045,Dashboard,3,2026-05-04
ACC1374,Bulk_Upload,90,2026-04-12
ACC1302,Report_Gen,87,2026-05-02
ACC1287,API_Access,14,2026-04-28
ACC1411,API_Access,65,2026-04-18
ACC1248,Dashboard,79,2026-04-10
ACC1154,API_Access,74,2026-04-22
ACC1180,Report_Gen,34,2026-04-12
ACC1347,API_Access,24,2026-04-20
ACC1194,Team_Collab,12,2026-04-07
ACC1357,Dashboard,73,2026-04-30
ACC1106,Report_Gen,81,2026-05-04
ACC1042,API_Access,24,2026-04-07
ACC1446,Team_Collab,67,2026-04-26
ACC1428,Report_Gen,59,2026-04-30
ACC1395,Team_Collab,2,2026-04-17
ACC1014,API_Access,94,2026-04-20
ACC1440,Team_Collab,92,2026-04-08
ACC1266,API_Access,73,2026-04-06
ACC1193,Dashboard,17,2026-05-05
ACC1166,API_Access,9,2026-04-11
ACC1363,Team_Collab,100,2026-04-13
ACC1401,Report_Gen,59,2026-04-14
ACC1269,Report_Gen,70,2026-04-12
ACC1398,Dashboard,93,2026-05-01
ACC1224,Team_Collab,42,2026-04-19
ACC1194,API_Access,69,2026-05-03
ACC1433,API_Access,49,2026-04-28
ACC1470,API_Access,13,2026-04-25
ACC1256,Report_Gen,87,2026-04-28
ACC1487,Team_Collab,65,2026-04-29
ACC1109,Team_Collab,37,2026-04-13
ACC1469,API_Access,95,2026-04-24
ACC1303,Team_Collab,90,2026-04-17
ACC1360,Report_Gen,2,2026-04-10
ACC1221,Report_Gen,94,2026-04-25
ACC1475,Bulk_Upload,1,2026-04-14
ACC1266,Report_Gen,22,2026-04-10
ACC1268,Report_Gen,99,2026-04-07
ACC1377,Report_Gen,75,2026-04-07
ACC1050,Report_Gen,28,2026-04-18
ACC1101,Bulk_Upload,38,2026-04-24
ACC1073,Report_Gen,13,2026-04-18
ACC1055,API_Access,63,2026-04-19
ACC1006,API_Access,96,2026-04-16
ACC1305,Team_Collab,29,2026-04-18
ACC1071,Report_Gen,21,2026-04-24
ACC1197,API_Access,56,2026-04-13
ACC1206,Report_Gen,12,2026-04-29
ACC1250,Dashboard,93,2026-04-23
ACC1333,Bulk_Upload,96,2026-04-18
ACC1221,Team_Collab,22,2026-04-12
ACC1262,Dashboard,75,2026-04-09
ACC1302,Report_Gen,51,2026-04-28
ACC1014,API_Access,72,2026-04-15
ACC1202,Team_Collab,49,2026-04-27
ACC1412,API_Access,29,2026-04-10
ACC1291,Bulk_Upload,76,2026-04-14
ACC1172,Bulk_Upload,71,2026-05-03
ACC1166,Dashboard,5,2026-04-20
ACC1178,Team_Collab,28,2026-04-19
ACC1491,Report_Gen,39,2026-04-10
ACC1046,Report_Gen,60,2026-04-27
ACC1139,Bulk_Upload,17,2026-04-21
ACC1260,API_Access,88,2026-05-03
ACC1056,API_Access,57,2026-04-18
ACC1101,API_Access,66,2026-04-09
ACC1229,API_Access,99,2026-04-14
ACC1373,Dashboard,78,2026-05-01
ACC1287,Report_Gen,55,2026-04-20
ACC1185,Dashboard,73,2026-04-07
ACC1050,API_Access,2,2026-04-19
ACC1024,API_Access,8,2026-05-01
ACC1347,API_Access,61,2026-04-25
ACC1093,Bulk_Upload,17,2026-05-05
ACC1133,Bulk_Upload,39,2026-04-20
ACC1078,Bulk_Upload,52,2026-04-09
ACC1078,Report_Gen,17,2026-04-30
ACC1158,API_Access,74,2026-04-19
ACC1445,Dashboard,52,2026-04-10
ACC1474,Dashboard,57,2026-04-28
ACC1040,Bulk_Upload,13,2026-04-27
ACC1092,Dashboard,63,2026-04-30
ACC1346,Dashboard,43,2026-04-24
ACC1403,Bulk_Upload,81,2026-04-06
ACC1168,Team_Collab,65,2026-05-03
ACC1407,Report_Gen,43,2026-04-23
ACC1450,Dashboard,100,2026-05-05
ACC1028,Dashboard,21,2026-05-03
ACC1266,Report_Gen,15,2026-04-16
ACC1186,Bulk_Upload,52,2026-05-04
ACC1474,Report_Gen,45,2026-04-10
ACC1183,Report_Gen,95,2026-04-10
ACC1268,Bulk_Upload,79,2026-04-28
ACC1463,Team_Collab,40,2026-04-25
ACC1434,Team_Collab,88,2026-04-22
ACC1303,Dashboard,69,2026-04-10
ACC1392,Report_Gen,81,2026-04-18
ACC1176,Dashboard,13,2026-04-27
ACC1130,Dashboard,78,2026-04-12
ACC1154,Bulk_Upload,33,2026-04-19
ACC1010,Dashboard,64,2026-04-06
ACC1377,Dashboard,54,2026-04-07
ACC1212,Dashboard,88,2026-04-25
ACC1214,Report_Gen,57,2026-04-10
ACC1456,API_Access,41,2026-04-27
ACC1313,API_Access,8,2026-05-03
ACC1015,Bulk_Upload,25,2026-04-15
ACC1466,Dashboard,92,2026-04-06
ACC1332,Bulk_Upload,83,2026-04-10
ACC1146,Dashboard,64,2026-04-08
ACC1291,Team_Collab,8,2026-04-30
ACC1385,Team_Collab,81,2026-05-03
ACC1148,API_Access,1,2026-05-01
ACC1142,Team_Collab,59,2026-05-04
ACC1427,Bulk_Upload,30,2026-04-26
ACC1050,Bulk_Upload,76,2026-04-30
ACC1465,Team_Collab,43,2026-04-16
ACC1008,Bulk_Upload,17,2026-05-05
ACC1431,Dashboard,40,2026-04-23
ACC1202,Team_Collab,98,2026-05-01
ACC1433,Dashboard,29,2026-04-20
ACC1461,Dashboard,41,2026-04-06
ACC1242,Dashboard,27,2026-04-11
ACC1166,Bulk_Upload,38,2026-04-09
ACC1340,Team_Collab,70,2026-04-18
ACC1319,API_Access,90,2026-04-24
ACC1343,Bulk_Upload,49,2026-04-06
ACC1437,Bulk_Upload,37,2026-04-24
ACC1013,Team_Collab,58,2026-04-15
ACC1382,Bulk_Upload,60,2026-04-22
ACC1305,API_Access,50,2026-04-25
ACC1209,Report_Gen,52,2026-04-15
ACC1000,Team_Collab,61,2026-04-07
ACC1220,API_Access,61,2026-05-02
ACC1172,API_Access,35,2026-05-01
ACC1404,Team_Collab,27,2026-04-29
ACC1462,Bulk_Upload,7,2026-04-29
ACC1142,Report_Gen,85,2026-04-28
ACC1452,API_Access,63,2026-04-14
ACC1316,Dashboard,59,2026-04-23
ACC1117,Bulk_Upload,12,2026-04-18
ACC1104,Bulk_Upload,37,2026-04-18
ACC1176,Team_Collab,61,2026-04-18
ACC1035,Report_Gen,62,2026-04-29
ACC1245,Dashboard,30,2026-05-02
ACC1371,API_Access,32,2026-04-29
ACC1290,Bulk_Upload,30,2026-04-14
ACC1021,API_Access,55,2026-04-13
ACC1338,API_Access,57,2026-04-08
ACC1079,Dashboard,99,2026-04-13
ACC1267,Team_Collab,72,2026-04-12
ACC1047,API_Access,9,2026-04-24
ACC1250,Report_Gen,94,2026-04-24
ACC1098,Bulk_Upload,34,2026-04-11
ACC1401,Bulk_Upload,61,2026-04-16
ACC1215,Dashboard,99,2026-04-20
ACC1439,Dashboard,59,2026-04-22
ACC1125,Dashboard,98,2026-04-23
ACC1440,Report_Gen,94,2026-04-25
ACC1474,Dashboard,74,2026-04-07
ACC1247,Team_Collab,38,2026-04-25
ACC1251,Bulk_Upload,95,2026-04-30
ACC1264,Report_Gen,59,2026-04-17
ACC1244,Team_Collab,65,2026-04-17
ACC1365,Dashboard,45,2026-04-22
ACC1196,Bulk_Upload,94,2026-04-11
ACC1324,Dashboard,56,2026-04-12
ACC1072,Report_Gen,66,2026-04-13
ACC1339,Team_Collab,9,2026-04-17
ACC1119,API_Access,30,2026-04-26
ACC1326,Team_Collab,90,2026-04-24
ACC1234,Team_Collab,77,2026-05-04
ACC1001,Bulk_Upload,40,2026-04-18
ACC1201,Report_Gen,49,2026-04-15
ACC1042,Report_Gen,94,2026-04-09
ACC1260,Bulk_Upload,24,2026-04-18
ACC1297,Team_Collab,34,2026-04-08
ACC1090,Report_Gen,5,2026-04-12
ACC1289,Bulk_Upload,66,2026-05-02
ACC1439,Bulk_Upload,46,2026-04-08
ACC1155,Team_Collab,15,2026-05-05
ACC1002,Dashboard,83,2026-04-30
ACC1391,Dashboard,65,2026-04-19
ACC1424,Report_Gen,15,2026-04-30
ACC1061,Bulk_Upload,88,2026-04-19
ACC1312,Bulk_Upload,57,2026-04-09
ACC1466,API_Access,18,2026-04-23
ACC1123,Report_Gen,5,2026-04-27
ACC1448,Dashboard,57,2026-04-26
ACC1005,Report_Gen,65,2026-04-20
ACC1154,Report_Gen,19,2026-04-12
ACC1287,Report_Gen,68,2026-04-28
ACC1390,Team_Collab,61,2026-04-15
ACC1154,Team_Collab,70,2026-04-27
ACC1150,Team_Collab,64,2026-04-07
ACC1053,Team_Collab,51,2026-05-04
ACC1402,Team_Collab,66,2026-05-04
ACC1156,Dashboard,36,2026-05-01
ACC1383,Team_Collab,44,2026-04-30
ACC1026,Report_Gen,97,2026-04-11
ACC1173,Report_Gen,7,2026-04-29
ACC1426,Dashboard,30,2026-04-09
ACC1354,Team_Collab,47,2026-04-08
ACC1005,Bulk_Upload,96,2026-04-23
ACC1242,Dashboard,17,2026-05-01
ACC1307,API_Access,53,2026-04-12
ACC1134,Dashboard,41,2026-04-11
ACC1068,Bulk_Upload,91,2026-04-16
ACC1310,API_Access,87,2026-05-02
ACC1061,Report_Gen,64,2026-04-10
ACC1096,Report_Gen,54,2026-04-24
ACC1403,API_Access,97,2026-04-14
ACC1376,Dashboard,75,2026-04-23
ACC1006,Report_Gen,8,2026-04-09
ACC1130,API_Access,53,2026-04-13
ACC1271,Team_Collab,66,2026-04-11
ACC1446,Bulk_Upload,54,2026-04-27
ACC1093,Dashboard,51,2026-04-27
ACC1149,API_Access,16,2026-04-08
ACC1310,Report_Gen,21,2026-04-15
ACC1193,Team_Collab,75,2026-04-11
ACC1237,Dashboard,7,2026-05-02
ACC1499,Dashboard,78,2026-04-21
ACC1351,Team_Collab,36,2026-04-22
ACC1455,Report_Gen,68,2026-04-17
ACC1268,Team_Collab,77,2026-04-25
ACC1343,Dashboard,32,2026-04-30
ACC1427,Team_Collab,47,2026-04-25
ACC1022,API_Access,38,2026-04-27
ACC1068,Team_Collab,95,2026-04-07
ACC1373,Dashboard,5,2026-05-05
ACC1051,Dashboard,27,2026-05-03
ACC1177,Dashboard,61,2026-04-13
ACC1354,Report_Gen,86,2026-04-10
ACC1383,Bulk_Upload,19,2026-04-27
ACC1465,Team_Collab,78,2026-04-27
ACC1179,API_Access,11,2026-04-28
ACC1284,Report_Gen,15,2026-04-22
ACC1078,Dashboard,91,2026-04-08
ACC1062,Bulk_Upload,75,2026-04-20
ACC1364,Dashboard,98,2026-04-24
ACC1435,Report_Gen,70,2026-05-05
ACC1071,Report_Gen,12,2026-04-17
ACC1242,API_Access,100,2026-04-27
ACC1370,API_Access,4,2026-04-29
ACC1358,Bulk_Upload,71,2026-05-03
ACC1402,Bulk_Upload,3,2026-04-07
ACC1110,Report_Gen,85,2026-04-20
ACC1293,Bulk_Upload,45,2026-04-25
ACC1188,Bulk_Upload,94,2026-04-26
ACC1068,API_Access,72,2026-05-03
ACC1063,Team_Collab,23,2026-04-09
ACC1368,Dashboard,92,2026-04-08
ACC1352,Report_Gen,70,2026-04-07
ACC1428,Report_Gen,85,2026-04-12
ACC1031,Dashboard,39,2026-04-21
ACC1376,Bulk_Upload,95,2026-04-13
ACC1310,API_Access,6,2026-04-20
ACC1383,Report_Gen,88,2026-04-19
ACC1422,Bulk_Upload,94,2026-04-23
ACC1414,Report_Gen,60,2026-05-01
ACC1456,Report_Gen,59,2026-04-22
ACC1133,Report_Gen,57,2026-04-10
ACC1014,Report_Gen,45,2026-04-16
ACC1199,Team_Collab,81,2026-04-23
ACC1468,Report_Gen,54,2026-04-10
ACC1086,Bulk_Upload,74,2026-04-22
ACC1320,Team_Collab,9,2026-04-21
ACC1436,Bulk_Upload,6,2026-04-07
ACC1110,Dashboard,61,2026-05-03
ACC1425,Team_Collab,54,2026-04-10
ACC1420,Team_Collab,93,2026-04-10
ACC1441,Report_Gen,81,2026-04-12
ACC1226,API_Access,32,2026-04-08
ACC1025,API_Access,16,2026-04-23
ACC1123,Report_Gen,12,2026-04-10
ACC1308,Report_Gen,79,2026-04-30
ACC1094,API_Access,74,2026-04-28
ACC1319,Bulk_Upload,22,2026-04-24
ACC1400,API_Access,62,2026-04-25
ACC1297,Dashboard,68,2026-05-05
ACC1043,Report_Gen,72,2026-04-15
ACC1290,Bulk_Upload,40,2026-04-25
ACC1308,Team_Collab,86,2026-04-08
ACC1457,Bulk_Upload,80,2026-05-02
ACC1254,API_Access,90,2026-04-07
ACC1076,Bulk_Upload,25,2026-04-17
ACC1148,Bulk_Upload,5,2026-04-19
ACC1131,Bulk_Upload,59,2026-04-24
ACC1043,Team_Collab,67,2026-04-26
ACC1014,Dashboard,69,2026-04-27
ACC1430,Report_Gen,32,2026-04-24
ACC1220,Bulk_Upload,99,2026-05-05
ACC1337,API_Access,66,2026-04-29
ACC1245,Report_Gen,91,2026-04-29
ACC1198,Team_Collab,60,2026-05-05
ACC1110,Team_Collab,69,2026-04-28
ACC1007,Dashboard,10,2026-04-30
ACC1015,Team_Collab,48,2026-05-02
ACC1152,Bulk_Upload,90,2026-04-25
ACC1116,Team_Collab,14,2026-04-29
ACC1235,Dashboard,44,2026-04-08
ACC1211,Dashboard,35,2026-04-20
ACC1437,Dashboard,94,2026-04-18
ACC1157,Team_Collab,10,2026-04-09
ACC1400,Dashboard,25,2026-04-20
ACC1015,Dashboard,34,2026-04-13
ACC1426,Dashboard,66,2026-05-05
ACC1311,Bulk_Upload,68,2026-04-17
ACC1293,Dashboard,93,2026-04-12
ACC1382,Report_Gen,71,2026-04-25
ACC1376,Bulk_Upload,93,2026-05-02
ACC1428,Report_Gen,49,2026-05-04
ACC1402,Team_Collab,63,2026-04-20
ACC1290,Dashboard,97,2026-04-10
ACC1302,Report_Gen,70,2026-04-11
ACC1315,Dashboard,96,2026-04-13
ACC1085,API_Access,95,2026-05-01
ACC1130,Dashboard,23,2026-04-20
ACC1165,Report_Gen,88,2026-04-21
ACC1008,Report_Gen,96,2026-04-23
ACC1272,API_Access,88,2026-05-02
ACC1496,Bulk_Upload,93,2026-04-22
ACC1172,API_Access,28,2026-05-02
ACC1273,Report_Gen,24,2026-04-24
ACC1024,Report_Gen,7,2026-04-21
ACC1210,Dashboard,52,2026-04-21
ACC1360,API_Access,12,2026-04-09
ACC1410,Bulk_Upload,61,2026-04-26
ACC1039,Bulk_Upload,80,2026-04-06
ACC1251,Dashboard,37,2026-04-27
ACC1264,Bulk_Upload,99,2026-04-23
ACC1122,Dashboard,80,2026-04-17
ACC1276,Dashboard,99,2026-05-01
ACC1098,Team_Collab,97,2026-04-22
ACC1216,Team_Collab,100,2026-04-22
ACC1368,Team_Collab,24,2026-04-29
ACC1269,API_Access,14,2026-04-21
ACC1080,Bulk_Upload,71,2026-04-09
ACC1326,Team_Collab,56,2026-04-17
ACC1060,Report_Gen,74,2026-04-22
ACC1454,Bulk_Upload,47,2026-04-20
ACC1086,Dashboard,44,2026-04-27
ACC1207,Team_Collab,68,2026-04-25
ACC1246,API_Access,92,2026-05-03
ACC1469,Team_Collab,89,2026-04-14
ACC1297,Bulk_Upload,45,2026-04-16
ACC1401,Report_Gen,61,2026-04-20
ACC1094,Report_Gen,21,2026-04-18
ACC1467,API_Access,81,2026-04-06
ACC1367,Team_Collab,16,2026-04-25
ACC1019,Report_Gen,55,2026-05-05
ACC1462,API_Access,81,2026-04-23
ACC1300,Team_Collab,18,2026-04-19
ACC1251,Dashboard,64,2026-04-10
ACC1207,Team_Collab,91,2026-04-21
ACC1199,Report_Gen,86,2026-04-20
ACC1442,Dashboard,18,2026-04-21
ACC1050,Report_Gen,38,2026-04-16
ACC1253,Team_Collab,3,2026-05-05
ACC1461,Report_Gen,21,2026-04-24
ACC1041,Report_Gen,39,2026-04-28
ACC1185,Bulk_Upload,31,2026-05-05
ACC1384,API_Access,86,2026-04-19
ACC1206,Dashboard,37,2026-04-29
ACC1389,Report_Gen,66,2026-04-17
ACC1363,Dashboard,71,2026-04-23
ACC1052,Report_Gen,94,2026-04-28
ACC1379,Team_Collab,78,2026-04-16
ACC1325,Report_Gen,58,2026-04-06
ACC1243,API_Access,96,2026-04-09
ACC1102,Dashboard,88,2026-04-06
ACC1357,Team_Collab,17,2026-04-10
ACC1440,Bulk_Upload,32,2026-04-08
ACC1385,Report_Gen,68,2026-04-18
ACC1054,Team_Collab,48,2026-04-12
ACC1171,Team_Collab,7,2026-04-10
ACC1069,API_Access,75,2026-04-25
ACC1497,API_Access,12,2026-04-12
ACC1120,Bulk_Upload,70,2026-04-20
ACC1329,API_Access,69,2026-04-20
ACC1438,Team_Collab,66,2026-04-15
ACC1034,Report_Gen,83,2026-04-12
ACC1137,Team_Collab,16,2026-05-04
ACC1475,Report_Gen,47,2026-05-04
ACC1449,API_Access,39,2026-04-24
ACC1351,Dashboard,50,2026-05-01
ACC1464,Bulk_Upload,75,2026-04-26
ACC1398,Bulk_Upload,76,2026-04-06
ACC1473,Team_Collab,63,2026-04-07
ACC1030,Dashboard,88,2026-04-28
ACC1189,API_Access,12,2026-05-03
ACC1012,API_Access,100,2026-04-27
ACC1446,Report_Gen,83,2026-04-13
ACC1408,Dashboard,18,2026-04-23
ACC1315,Dashboard,76,2026-04-18
ACC1212,Bulk_Upload,49,2026-04-16
ACC1058,Team_Collab,58,2026-04-24
ACC1460,Team_Collab,50,2026-04-27
ACC1290,Bulk_Upload,52,2026-04-24
ACC1383,Dashboard,62,2026-04-30
ACC1161,API_Access,5,2026-05-04
ACC1176,Report_Gen,91,2026-04-20
ACC1068,Bulk_Upload,40,2026-04-12
ACC1453,Report_Gen,23,2026-04-22
ACC1354,Dashboard,30,2026-04-06
ACC1312,Report_Gen,22,2026-04-15
ACC1080,Report_Gen,84,2026-04-23
ACC1481,Team_Collab,45,2026-04-07
ACC1467,Dashboard,11,2026-04-30
ACC1354,Bulk_Upload,87,2026-04-15
ACC1336,API_Access,87,2026-04-22
ACC1214,API_Access,6,2026-04-10
ACC1275,Dashboard,18,2026-05-01
ACC1074,Dashboard,7,2026-04-09
ACC1062,Bulk_Upload,45,2026-04-11
ACC1229,Dashboard,62,2026-04-10
ACC1177,API_Access,51,2026-04-10
ACC1139,API_Access,18,2026-04-09
ACC1200,Team_Collab,17,2026-04-12
ACC1355,Team_Collab,74,2026-04-09
ACC1055,Team_Collab,11,2026-04-13
ACC1143,Team_Collab,11,2026-04-16
ACC1042,Bulk_Upload,67,2026-05-05
ACC1004,Bulk_Upload,35,2026-04-24
ACC1347,Report_Gen,85,2026-04-23
ACC1175,Bulk_Upload,11,2026-04-27
ACC1262,Dashboard,71,2026-04-30
ACC1199,Bulk_Upload,13,2026-04-20
ACC1482,Team_Collab,44,2026-04-10
ACC1121,Team_Collab,46,2026-04-24
ACC1411,Bulk_Upload,76,2026-04-13
ACC1065,Dashboard,56,2026-05-04
ACC1050,Bulk_Upload,43,2026-04-25
ACC1171,API_Access,5,2026-05-04
ACC1408,Dashboard,47,2026-05-03
ACC1438,Dashboard,71,2026-04-27
ACC1152,API_Access,2,2026-04-07
ACC1024,Bulk_Upload,2,2026-04-22
ACC1188,Team_Collab,29,2026-04-27
ACC1462,API_Access,57,2026-04-17
ACC1020,API_Access,50,2026-04-21
ACC1391,Dashboard,89,2026-04-09
ACC1173,Dashboard,45,2026-04-08
ACC1037,Team_Collab,7,2026-04-11
ACC1084,Bulk_Upload,48,2026-04-26
ACC1490,Report_Gen,25,2026-04-22
ACC1151,Team_Collab,59,2026-04-27
ACC1032,API_Access,13,2026-04-10
ACC1472,Report_Gen,78,2026-04-25
ACC1098,Team_Collab,66,2026-04-16
ACC1344,Dashboard,57,2026-04-11
ACC1258,Team_Collab,40,2026-04-16
ACC1028,Bulk_Upload,49,2026-04-12
ACC1054,API_Access,52,2026-04-08
ACC1341,Bulk_Upload,72,2026-05-04
ACC1401,Team_Collab,30,2026-05-03
ACC1290,Report_Gen,26,2026-04-20
ACC1009,Team_Collab,62,2026-04-13
ACC1008,Report_Gen,66,2026-04-30
ACC1098,Report_Gen,31,2026-04-13
ACC1030,Team_Collab,86,2026-04-08
ACC1312,Team_Collab,6,2026-04-25
ACC1017,Team_Collab,29,2026-05-03
ACC1494,Dashboard,49,2026-04-19
ACC1218,Dashboard,54,2026-04-07
ACC1373,Team_Collab,29,2026-04-16
ACC1369,Team_Collab,85,2026-04-12
ACC1399,Bulk_Upload,77,2026-04-16
ACC1277,API_Access,77,2026-04-27
ACC1422,Report_Gen,1,2026-04-27
ACC1490,Dashboard,3,2026-04-29
ACC1265,Dashboard,62,2026-04-23
ACC1250,API_Access,51,2026-04-18
ACC1313,Report_Gen,49,2026-04-26
ACC1189,Dashboard,60,2026-05-05
ACC1307,Dashboard,91,2026-04-16
ACC1340,API_Access,35,2026-04-25
ACC1240,Dashboard,33,2026-05-04
ACC1441,Team_Collab,50,2026-05-02
ACC1381,Report_Gen,74,2026-04-27
ACC1326,Report_Gen,2,2026-04-22
ACC1440,Dashboard,32,2026-04-15
ACC1313,Team_Collab,8,2026-04-28
ACC1148,Bulk_Upload,16,2026-05-01
ACC1033,API_Access,63,2026-05-04
ACC1487,Report_Gen,45,2026-04-11
ACC1049,Team_Collab,19,2026-04-19
ACC1435,Report_Gen,18,2026-04-20
ACC1299,Bulk_Upload,94,2026-04-14
ACC1321,Report_Gen,73,2026-04-23
ACC1113,Team_Collab,25,2026-05-02
ACC1111,Team_Collab,56,2026-05-02
ACC1441,Report_Gen,17,2026-05-01
ACC1047,Team_Collab,21,2026-05-04
ACC1458,Team_Collab,31,2026-04-16
ACC1036,Report_Gen,53,2026-04-29
ACC1300,API_Access,45,2026-04-19
ACC1211,Report_Gen,2,2026-04-08
ACC1106,Bulk_Upload,5,2026-04-23
ACC1257,Dashboard,39,2026-04-24
ACC1285,Bulk_Upload,50,2026-04-18
ACC1473,Dashboard,98,2026-05-01
ACC1324,Bulk_Upload,89,2026-05-02
ACC1384,Bulk_Upload,9,2026-04-15
ACC1047,Bulk_Upload,63,2026-04-09
ACC1189,Bulk_Upload,79,2026-05-03
ACC1166,API_Access,89,2026-04-28
ACC1241,Dashboard,59,2026-04-12
ACC1268,API_Access,61,2026-05-03
ACC1322,Report_Gen,29,2026-05-05
ACC1172,Bulk_Upload,37,2026-04-21
ACC1010,Report_Gen,100,2026-04-09
ACC1175,Dashboard,26,2026-04-25
ACC1180,Dashboard,65,2026-05-03
ACC1026,Report_Gen,69,2026-04-23
ACC1310,Team_Collab,55,2026-04-11
ACC1345,API_Access,24,2026-04-23
ACC1011,Bulk_Upload,32,2026-05-04
ACC1175,Dashboard,13,2026-04-17
ACC1188,API_Access,8,2026-04-25
ACC1238,API_Access,92,2026-04-09
ACC1394,Dashboard,80,2026-04-22
ACC1131,Bulk_Upload,75,2026-04-25
ACC1114,Report_Gen,80,2026-04-29
ACC1426,API_Access,79,2026-04-17
ACC1088,Bulk_Upload,34,2026-04-25
ACC1111,Report_Gen,77,2026-05-02
ACC1087,API_Access,32,2026-04-27
ACC1329,Dashboard,75,2026-04-24
ACC1417,API_Access,10,2026-04-25
ACC1361,API_Access,63,2026-04-25
ACC1276,API_Access,98,2026-04-10
ACC1325,Team_Collab,99,2026-05-05
ACC1106,Dashboard,100,2026-04-10
ACC1417,Bulk_Upload,100,2026-04-20
ACC1163,Dashboard,62,2026-04-07
ACC1277,API_Access,2,2026-04-10
ACC1189,API_Access,20,2026-04-28
ACC1307,Bulk_Upload,17,2026-04-26
ACC1008,Dashboard,65,2026-04-20
ACC1009,Team_Collab,94,2026-04-07
ACC1229,Team_Collab,25,2026-04-15
ACC1156,API_Access,69,2026-04-23
ACC1124,Bulk_Upload,48,2026-04-26
ACC1381,Bulk_Upload,44,2026-05-01
ACC1172,Report_Gen,93,2026-04-14
ACC1395,Dashboard,15,2026-04-17
ACC1141,Report_Gen,13,2026-04-13
ACC1146,Dashboard,63,2026-04-20
ACC1391,Report_Gen,36,2026-04-10
ACC1132,Bulk_Upload,36,2026-04-09
ACC1362,Dashboard,4,2026-04-07
ACC1482,API_Access,77,2026-04-14
ACC1207,Bulk_Upload,18,2026-05-02
ACC1149,Report_Gen,79,2026-04-23
ACC1481,API_Access,86,2026-04-30
ACC1143,Report_Gen,44,2026-04-29
ACC1400,Report_Gen,30,2026-04-11
ACC1099,Bulk_Upload,34,2026-04-22
ACC1073,Report_Gen,40,2026-04-14
ACC1453,Dashboard,89,2026-04-25
ACC1112,Bulk_Upload,14,2026-04-12
ACC1310,Report_Gen,36,2026-04-24
ACC1417,Bulk_Upload,79,2026-04-21
ACC1326,API_Access,32,2026-04-12
ACC1112,API_Access,83,2026-04-14
ACC1003,Dashboard,25,2026-05-01
ACC1098,Dashboard,35,2026-05-04
ACC1017,Report_Gen,80,2026-05-01
ACC1022,Report_Gen,48,2026-04-23
ACC1275,Report_Gen,18,2026-04-24
ACC1099,Team_Collab,18,2026-04-10
ACC1252,API_Access,56,2026-04-07
ACC1481,Report_Gen,45,2026-04-13
ACC1424,Report_Gen,91,2026-04-21
ACC1029,Bulk_Upload,52,2026-05-02
ACC1114,Dashboard,22,2026-05-03
ACC1097,Dashboard,67,2026-04-25
ACC1240,Report_Gen,29,2026-05-03
ACC1198,Bulk_Upload,37,2026-04-21
ACC1137,Bulk_Upload,74,2026-04-26
ACC1082,Bulk_Upload,90,2026-05-02
ACC1255,Team_Collab,38,2026-04-29
ACC1182,Team_Collab,9,2026-05-01
ACC1050,Dashboard,47,2026-04-08
ACC1003,API_Access,65,2026-04-26
ACC1157,Bulk_Upload,62,2026-04-21
ACC1402,Bulk_Upload,87,2026-04-26
ACC1400,Dashboard,94,2026-04-24
ACC1417,Team_Collab,95,2026-04-06
ACC1219,Bulk_Upload,43,2026-05-01
ACC1475,Team_Collab,39,2026-04-25
ACC1455,Report_Gen,28,2026-04-25
ACC1072,Report_Gen,90,2026-04-26
ACC1440,Team_Collab,35,2026-04-30
ACC1027,API_Access,17,2026-04-13
ACC1417,Team_Collab,82,2026-04-06
ACC1053,Bulk_Upload,24,2026-04-26
ACC1015,Report_Gen,28,2026-04-08
ACC1492,Report_Gen,77,2026-05-01
ACC1291,Report_Gen,23,2026-04-26
ACC1329,API_Access,65,2026-04-19
ACC1337,Report_Gen,7,2026-05-01
ACC1039,Report_Gen,77,2026-04-06
ACC1108,Dashboard,66,2026-04-27
ACC1412,Report_Gen,1,2026-04-29
ACC1449,API_Access,98,2026-04-12
ACC1382,API_Access,28,2026-04-22
ACC1036,Bulk_Upload,85,2026-04-15
ACC1416,Team_Collab,66,2026-04-27
ACC1195,Dashboard,89,2026-04-07
ACC1262,Team_Collab,56,2026-04-22
ACC1093,API_Access,53,2026-04-06
ACC1444,Report_Gen,19,2026-04-24
ACC1267,Bulk_Upload,56,2026-04-17
ACC1159,Team_Collab,79,2026-04-26
ACC1078,Dashboard,99,2026-04-21
ACC1359,API_Access,16,2026-05-01
ACC1072,API_Access,17,2026-04-29
ACC1219,API_Access,62,2026-04-08
ACC1451,API_Access,6,2026-04-08
ACC1422,Team_Collab,10,2026-04-08
ACC1153,Team_Collab,13,2026-04-24
ACC1364,Report_Gen,92,2026-04-24
ACC1470,Bulk_Upload,57,2026-04-30
ACC1449,API_Access,28,2026-04-07
ACC1047,Bulk_Upload,14,2026-04-08
ACC1006,Dashboard,18,2026-04-10
ACC1327,Report_Gen,7,2026-04-27
ACC1435,Team_Collab,65,2026-04-18
ACC1011,Bulk_Upload,12,2026-04-23
ACC1176,Bulk_Upload,61,2026-04-21
ACC1336,Bulk_Upload,76,2026-04-06
ACC1331,API_Access,84,2026-04-25
ACC1291,API_Access,40,2026-05-01
ACC1078,Bulk_Upload,10,2026-04-23
ACC1186,Bulk_Upload,19,2026-04-30
ACC1022,Bulk_Upload,80,2026-04-06
ACC1355,API_Access,89,2026-04-09
ACC1123,Bulk_Upload,8,2026-04-23
ACC1005,Bulk_Upload,97,2026-04-07
ACC1000,Report_Gen,62,2026-04-27
ACC1273,Team_Collab,61,2026-05-03
ACC1152,Report_Gen,70,2026-04-29
ACC1467,Team_Collab,64,2026-04-13
ACC1028,Dashboard,95,2026-04-09
ACC1328,Report_Gen,45,2026-04-17
ACC1120,API_Access,52,2026-04-10
ACC1091,Report_Gen,67,2026-04-06
ACC1431,Bulk_Upload,13,2026-04-20
ACC1058,Team_Collab,5,2026-04-28
ACC1278,Bulk_Upload,38,2026-04-28
ACC1128,API_Access,82,2026-04-26
ACC1451,Dashboard,48,2026-04-07
ACC1192,Team_Collab,13,2026-04-13
ACC1392,Report_Gen,85,2026-04-25
ACC1431,Dashboard,22,2026-04-15
ACC1323,Team_Collab,65,2026-04-08
ACC1296,Team_Collab,7,2026-04-24
ACC1108,API_Access,4,2026-04-09
ACC1438,Bulk_Upload,45,2026-04-28
ACC1132,API_Access,64,2026-04-28
ACC1245,Team_Collab,85,2026-04-24
ACC1250,Report_Gen,99,2026-04-08
ACC1271,Team_Collab,96,2026-05-03
ACC1053,Bulk_Upload,61,2026-04-22
ACC1436,Bulk_Upload,77,2026-04-14
ACC1274,Report_Gen,94,2026-04-17
ACC1273,Dashboard,56,2026-04-24
ACC1390,Team_Collab,90,2026-05-01
ACC1216,Report_Gen,43,2026-04-14
ACC1371,Bulk_Upload,28,2026-04-08
ACC1018,Bulk_Upload,49,2026-04-12
ACC1364,Report_Gen,27,2026-05-04
ACC1377,Dashboard,61,2026-04-13
ACC1212,Bulk_Upload,96,2026-04-07
ACC1420,Dashboard,7,2026-04-16
ACC1289,Team_Collab,44,2026-04-27
ACC1091,Dashboard,3,2026-04-19
ACC1151,API_Access,82,2026-04-23
ACC1023,Team_Collab,58,2026-05-03
ACC1108,API_Access,73,2026-05-03
ACC1411,Report_Gen,74,2026-05-01
ACC1185,Team_Collab,7,2026-04-13
ACC1222,Report_Gen,64,2026-04-17
ACC1488,Bulk_Upload,71,2026-04-30
ACC1014,Dashboard,54,2026-04-27
ACC1179,API_Access,8,2026-04-06
ACC1343,Dashboard,56,2026-04-06
ACC1430,API_Access,34,2026-04-06
ACC1037,Dashboard,20,2026-05-04
ACC1340,API_Access,59,2026-04-14
ACC1155,Team_Collab,63,2026-04-23
ACC1209,API_Access,34,2026-04-07
ACC1321,Report_Gen,49,2026-04-10
ACC1412,API_Access,92,2026-04-25
ACC1411,Report_Gen,79,2026-04-18
ACC1033,API_Access,53,2026-04-28
ACC1344,Team_Collab,75,2026-04-12
ACC1198,Team_Collab,64,2026-05-04
ACC1005,Report_Gen,51,2026-04-23
ACC1107,Team_Collab,55,2026-04-20
ACC1476,Report_Gen,82,2026-04-20
ACC1380,API_Access,14,2026-04-27
ACC1202,Bulk_Upload,73,2026-04-23
ACC1120,Team_Collab,28,2026-04-08
ACC1400,Team_Collab,67,2026-04-15
ACC1181,Bulk_Upload,41,2026-05-01
ACC1387,Report_Gen,35,2026-04-17
ACC1439,Team_Collab,91,2026-04-10
ACC1001,Team_Collab,16,2026-04-19
ACC1440,Report_Gen,61,2026-04-14
ACC1000,Report_Gen,18,2026-04-13
ACC1143,Bulk_Upload,17,2026-05-01
ACC1367,Bulk_Upload,95,2026-04-06
ACC1369,API_Access,38,2026-04-24
ACC1433,Bulk_Upload,24,2026-04-17
ACC1214,Report_Gen,37,2026-04-29
ACC1294,Report_Gen,31,2026-05-04
ACC1488,Team_Collab,96,2026-05-02
ACC1033,Team_Collab,49,2026-04-07
ACC1381,Team_Collab,11,2026-04-17
ACC1117,Team_Collab,72,2026-04-17
ACC1298,Report_Gen,47,2026-04-27
ACC1268,Team_Collab,65,2026-04-24
ACC1009,Report_Gen,67,2026-04-06
ACC1011,API_Access,14,2026-04-27
ACC1342,Dashboard,44,2026-05-01
ACC1169,Bulk_Upload,15,2026-05-03
ACC1129,API_Access,60,2026-04-30
ACC1292,Dashboard,37,2026-04-08
ACC1487,Report_Gen,80,2026-05-03
ACC1440,Dashboard,41,2026-05-01
ACC1421,API_Access,100,2026-04-20
ACC1071,Team_Collab,94,2026-05-03
ACC1124,Report_Gen,13,2026-04-24
ACC1345,Bulk_Upload,39,2026-04-30
ACC1181,Dashboard,1,2026-04-21
ACC1159,Report_Gen,22,2026-05-02
ACC1420,Report_Gen,68,2026-04-08
ACC1162,Bulk_Upload,73,2026-05-04
ACC1290,Dashboard,40,2026-04-24
ACC1148,API_Access,99,2026-04-16
ACC1022,Team_Collab,87,2026-04-27
ACC1396,Team_Collab,70,2026-05-02
ACC1037,Report_Gen,51,2026-04-21
ACC1450,Team_Collab,76,2026-04-30
ACC1313,Dashboard,9,2026-04-12
ACC1429,Team_Collab,83,2026-05-03
ACC1224,API_Access,66,2026-04-10
ACC1021,Report_Gen,61,2026-04-17
ACC1064,Team_Collab,69,2026-05-03
ACC1292,Dashboard,11,2026-04-24
ACC1188,Dashboard,67,2026-04-17
ACC1297,Report_Gen,55,2026-04-24
ACC1261,Report_Gen,69,2026-04-28
ACC1320,API_Access,99,2026-04-24
ACC1188,Dashboard,48,2026-04-14
ACC1051,Dashboard,71,2026-04-26
ACC1332,Dashboard,56,2026-05-01
ACC1192,API_Access,50,2026-04-13
ACC1372,API_Access,74,2026-04-09
ACC1434,Team_Collab,67,2026-04-25
ACC1478,Report_Gen,92,2026-04-10
ACC1093,Report_Gen,44,2026-04-20
ACC1241,Bulk_Upload,2,2026-04-10
ACC1223,Report_Gen,68,2026-04-23
ACC1268,Bulk_Upload,45,2026-04-13
ACC1376,Report_Gen,81,2026-04-14
ACC1209,Report_Gen,66,2026-04-23
ACC1335,Dashboard,41,2026-04-26
ACC1303,API_Access,15,2026-04-14
ACC1361,Dashboard,22,2026-05-05
ACC1026,API_Access,62,2026-04-15
ACC1061,Team_Collab,57,2026-04-26
ACC1392,Report_Gen,70,2026-05-01
ACC1190,Dashboard,41,2026-04-07
ACC1456,Bulk_Upload,41,2026-05-03
ACC1462,API_Access,22,2026-04-26
ACC1135,Dashboard,46,2026-04-24
ACC1470,Team_Collab,50,2026-04-22
ACC1319,Dashboard,89,2026-04-28
ACC1282,Dashboard,9,2026-04-18
ACC1025,API_Access,41,2026-04-12
ACC1036,Report_Gen,100,2026-04-29
ACC1196,API_Access,28,2026-04-28
ACC1313,Report_Gen,22,2026-04-10
ACC1458,Bulk_Upload,70,2026-04-17
ACC1057,Report_Gen,45,2026-04-14
ACC1010,Dashboard,60,2026-04-27
ACC1295,Team_Collab,42,2026-04-16
ACC1220,Team_Collab,59,2026-05-01
ACC1274,Dashboard,17,2026-04-23
ACC1001,Report_Gen,59,2026-04-12
ACC1077,Report_Gen,2,2026-04-13
ACC1394,API_Access,36,2026-04-16
ACC1327,Team_Collab,89,2026-04-12
ACC1040,Team_Collab,38,2026-04-29
ACC1300,Dashboard,50,2026-05-01
ACC1030,Bulk_Upload,100,2026-04-28
ACC1279,Bulk_Upload,8,2026-04-16
ACC1401,Team_Collab,69,2026-04-09
ACC1406,Bulk_Upload,7,2026-04-19
ACC1348,Report_Gen,12,2026-05-05
ACC1271,Dashboard,27,2026-05-05
ACC1265,Dashboard,69,2026-04-19
ACC1167,Bulk_Upload,99,2026-04-15
ACC1267,Team_Collab,92,2026-04-13
ACC1055,Report_Gen,88,2026-04-10
ACC1168,API_Access,20,2026-04-17
ACC1399,Report_Gen,10,2026-05-05
ACC1210,Report_Gen,95,2026-05-05
ACC1177,API_Access,73,2026-04-24
ACC1040,Report_Gen,84,2026-05-02
ACC1201,Report_Gen,99,2026-04-27
ACC1411,Bulk_Upload,54,2026-04-09
ACC1187,Dashboard,81,2026-04-20
ACC1009,API_Access,94,2026-04-29
ACC1423,Report_Gen,57,2026-05-01
ACC1340,Team_Collab,48,2026-04-21
ACC1248,Dashboard,18,2026-04-23
ACC1224,Bulk_Upload,51,2026-04-17
ACC1059,API_Access,42,2026-04-27
ACC1127,API_Access,64,2026-05-02
ACC1488,API_Access,92,2026-04-10
ACC1415,Team_Collab,76,2026-04-25
ACC1032,Team_Collab,90,2026-04-21
ACC1025,API_Access,51,2026-04-15
ACC1009,Team_Collab,19,2026-04-09
ACC1337,Bulk_Upload,92,2026-04-14
ACC1257,API_Access,18,2026-04-18
ACC1480,Bulk_Upload,22,2026-04-09
ACC1015,Bulk_Upload,36,2026-04-30
ACC1077,Report_Gen,9,2026-04-06
ACC1174,Dashboard,38,2026-04-18
ACC1087,Team_Collab,38,2026-04-25
ACC1451,Team_Collab,26,2026-04-09
ACC1412,Dashboard,11,2026-04-10
ACC1019,Report_Gen,16,2026-04-26
ACC1349,Team_Collab,56,2026-04-29
ACC1190,Bulk_Upload,90,2026-04-06
ACC1048,Bulk_Upload,71,2026-04-15
ACC1214,Dashboard,53,2026-04-30
ACC1328,Bulk_Upload,45,2026-04-19
ACC1221,Bulk_Upload,2,2026-04-09
ACC1453,Report_Gen,33,2026-04-19
ACC1157,Team_Collab,36,2026-04-24
ACC1405,Team_Collab,86,2026-05-03
ACC1495,Bulk_Upload,14,2026-04-15
ACC1005,Dashboard,53,2026-05-04
ACC1226,Bulk_Upload,58,2026-04-20
ACC1019,Team_Collab,72,2026-04-15
ACC1131,API_Access,33,2026-04-22
ACC1363,Report_Gen,98,2026-04-18
ACC1117,Bulk_Upload,69,2026-04-07
ACC1395,API_Access,23,2026-04-30
ACC1111,Report_Gen,82,2026-04-29
ACC1483,Dashboard,95,2026-04-22
ACC1047,Report_Gen,38,2026-04-20
ACC1456,Bulk_Upload,59,2026-05-05
ACC1151,Report_Gen,30,2026-04-21
ACC1097,Dashboard,39,2026-04-15
ACC1435,Report_Gen,81,2026-04-23
ACC1371,Team_Collab,14,2026-04-28
ACC1031,API_Access,98,2026-04-27
ACC1382,Dashboard,40,2026-04-16
ACC1276,API_Access,8,2026-05-01
ACC1123,Bulk_Upload,61,2026-04-28
ACC1129,Dashboard,20,2026-04-17
ACC1061,Report_Gen,59,2026-05-05
ACC1224,Report_Gen,93,2026-04-24
ACC1328,Team_Collab,35,2026-04-29
ACC1362,Dashboard,66,2026-04-27
ACC1044,Bulk_Upload,64,2026-04-25
ACC1128,Team_Collab,80,2026-05-05
ACC1421,API_Access,21,2026-04-28
ACC1205,Report_Gen,22,2026-04-06
ACC1443,API_Access,43,2026-04-06
ACC1192,Team_Collab,88,2026-04-13
ACC1199,API_Access,29,2026-04-18
ACC1329,Bulk_Upload,73,2026-04-13
ACC1010,API_Access,95,2026-04-08
ACC1432,Dashboard,79,2026-04-13
ACC1375,API_Access,58,2026-05-03
ACC1393,Dashboard,76,2026-04-08
ACC1100,Report_Gen,2,2026-05-04
ACC1010,API_Access,33,2026-04-10
ACC1021,Dashboard,100,2026-04-10
ACC1006,Bulk_Upload,80,2026-04-06
ACC1060,Team_Collab,53,2026-05-04
ACC1139,Bulk_Upload,96,2026-04-11
ACC1255,Bulk_Upload,5,2026-04-16
ACC1436,Team_Collab,13,2026-04-28
ACC1475,Team_Collab,13,2026-04-21
ACC1369,API_Access,48,2026-04-26
ACC1208,Team_Collab,16,2026-04-21
ACC1028,Bulk_Upload,39,2026-04-24
ACC1392,Bulk_Upload,51,2026-04-11
ACC1439,Report_Gen,100,2026-04-16
ACC1031,Dashboard,62,2026-04-21
ACC1066,Team_Collab,18,2026-05-04
ACC1117,API_Access,31,2026-04-09
ACC1440,Team_Collab,26,2026-04-30
ACC1366,Team_Collab,7,2026-04-10
ACC1301,Dashboard,39,2026-04-20
ACC1114,API_Access,100,2026-04-16
ACC1456,Bulk_Upload,3,2026-05-02
ACC1252,Report_Gen,94,2026-04-30
ACC1091,Team_Collab,1,2026-04-15
ACC1470,Bulk_Upload,40,2026-04-20
ACC1350,Bulk_Upload,22,2026-04-30
ACC1009,Bulk_Upload,52,2026-04-13
ACC1076,Team_Collab,95,2026-04-23
ACC1126,Dashboard,62,2026-04-08
ACC1220,Bulk_Upload,91,2026-04-24
ACC1456,Report_Gen,56,2026-04-25
ACC1488,Bulk_Upload,3,2026-04-23
ACC1358,Bulk_Upload,74,2026-04-10
ACC1098,Dashboard,9,2026-04-30
ACC1411,API_Access,66,2026-04-10
ACC1098,Report_Gen,95,2026-04-10
ACC1238,Dashboard,11,2026-05-04
ACC1044,Team_Collab,23,2026-04-25
ACC1484,Bulk_Upload,26,2026-05-01
ACC1176,API_Access,18,2026-04-18
ACC1044,Team_Collab,71,2026-04-24
ACC1345,Team_Collab,79,2026-04-26
ACC1025,Report_Gen,68,2026-05-03
ACC1386,Team_Collab,57,2026-04-06
ACC1299,Report_Gen,18,2026-04-21
ACC1302,Team_Collab,37,2026-04-22
ACC1274,Dashboard,86,2026-04-19
ACC1016,Report_Gen,90,2026-05-05
ACC1007,Team_Collab,89,2026-04-07
ACC1220,Bulk_Upload,11,2026-05-03
ACC1062,Report_Gen,100,2026-04-19
ACC1185,Report_Gen,56,2026-05-03
ACC1476,Bulk_Upload,62,2026-04-06
ACC1419,API_Access,42,2026-04-11
ACC1456,Report_Gen,46,2026-04-29
ACC1223,Team_Collab,4,2026-05-03
ACC1244,Bulk_Upload,34,2026-04-16
ACC1399,Report_Gen,39,2026-04-27
ACC1334,Report_Gen,62,2026-04-28
ACC1440,API_Access,98,2026-04-20
ACC1420,API_Access,4,2026-04-10
ACC1413,Report_Gen,17,2026-05-05
ACC1404,Dashboard,6,2026-04-23
ACC1135,Team_Collab,17,2026-04-25
ACC1376,Report_Gen,17,2026-04-11
ACC1317,Team_Collab,88,2026-04-28
ACC1494,Bulk_Upload,47,2026-04-21
ACC1280,Report_Gen,51,2026-04-11
ACC1045,API_Access,57,2026-05-02
ACC1135,Report_Gen,25,2026-04-06
ACC1334,API_Access,74,2026-05-02
ACC1228,Team_Collab,54,2026-04-20
ACC1384,Dashboard,23,2026-04-14
ACC1427,Team_Collab,74,2026-04-27
ACC1383,Dashboard,70,2026-04-15
ACC1065,Team_Collab,72,2026-04-19
ACC1017,Team_Collab,65,2026-04-18
ACC1083,Dashboard,83,2026-05-03
ACC1051,Team_Collab,75,2026-05-04
ACC1286,API_Access,95,2026-05-05
ACC1097,Bulk_Upload,50,2026-05-02
ACC1399,Dashboard,13,2026-04-24
ACC1478,API_Access,33,2026-04-23
ACC1432,Report_Gen,48,2026-04-06
ACC1177,Team_Collab,15,2026-04-24
ACC1476,Bulk_Upload,100,2026-04-18
ACC1181,Report_Gen,83,2026-04-28
ACC1224,Report_Gen,55,2026-04-07
ACC1344,Team_Collab,18,2026-04-11
ACC1028,Report_Gen,23,2026-04-20
ACC1271,Bulk_Upload,60,2026-04-07
ACC1237,Dashboard,17,2026-04-12
ACC1137,Bulk_Upload,21,2026-04-21
ACC1052,Report_Gen,10,2026-04-24
ACC1196,Dashboard,83,2026-04-27
ACC1023,API_Access,100,2026-04-10
ACC1097,Report_Gen,15,2026-04-18
ACC1100,Dashboard,9,2026-04-07
ACC1284,Team_Collab,47,2026-04-11
ACC1263,API_Access,48,2026-04-28
ACC1126,Dashboard,97,2026-04-08
ACC1400,Report_Gen,17,2026-04-16
ACC1467,API_Access,32,2026-04-26
ACC1499,Bulk_Upload,37,2026-05-02
ACC1322,Dashboard,61,2026-04-06
ACC1021,API_Access,72,2026-04-29
ACC1331,Team_Collab,24,2026-04-14
ACC1446,Team_Collab,60,2026-04-23
ACC1067,Dashboard,16,2026-04-26
ACC1183,Bulk_Upload,11,2026-04-12
ACC1465,Dashboard,56,2026-04-24
ACC1268,Report_Gen,14,2026-04-22
ACC1319,Dashboard,59,2026-04-09
ACC1265,Team_Collab,77,2026-04-30
ACC1318,Dashboard,13,2026-04-08
ACC1477,Dashboard,90,2026-04-14
ACC1010,API_Access,33,2026-04-11
ACC1476,Report_Gen,4,2026-04-14
ACC1050,API_Access,33,2026-04-06
ACC1356,Bulk_Upload,13,2026-04-27
ACC1445,Bulk_Upload,35,2026-05-03
ACC1160,API_Access,75,2026-04-15
ACC1348,Team_Collab,23,2026-04-06
ACC1466,API_Access,19,2026-04-25
ACC1236,Bulk_Upload,4,2026-04-13
ACC1416,API_Access,12,2026-04-10
ACC1099,Report_Gen,73,2026-04-22
ACC1335,Report_Gen,37,2026-04-16
ACC1071,Report_Gen,8,2026-04-20
ACC1044,Dashboard,58,2026-04-28
ACC1425,Bulk_Upload,57,2026-04-07
ACC1103,Bulk_Upload,48,2026-04-25
ACC1360,API_Access,49,2026-04-28
ACC1407,API_Access,22,2026-04-29
ACC1289,API_Access,85,2026-04-19
ACC1153,Report_Gen,96,2026-04-26
ACC1343,Bulk_Upload,85,2026-04-19
ACC1012,Bulk_Upload,100,2026-05-03
ACC1067,Dashboard,74,2026-04-30
ACC1056,Team_Collab,87,2026-04-23
ACC1012,Bulk_Upload,51,2026-04-16
ACC1435,API_Access,48,2026-04-09
ACC1196,Report_Gen,77,2026-05-03
ACC1235,API_Access,41,2026-04-22
ACC1084,Report_Gen,32,2026-04-24
ACC1245,Team_Collab,47,2026-04-20
ACC1370,Bulk_Upload,24,2026-04-11
ACC1129,Dashboard,38,2026-04-25
ACC1233,API_Access,1,2026-05-04
ACC1312,Dashboard,72,2026-05-04
ACC1358,API_Access,15,2026-05-03
ACC1433,Dashboard,60,2026-04-21
ACC1457,Bulk_Upload,28,2026-04-20
ACC1473,Report_Gen,11,2026-04-06
ACC1305,Team_Collab,95,2026-04-13
ACC1430,Dashboard,37,2026-04-30
ACC1418,API_Access,87,2026-04-13
ACC1065,Report_Gen,99,2026-04-30
ACC1016,Dashboard,53,2026-04-08
ACC1295,Team_Collab,71,2026-05-05
ACC1427,Report_Gen,87,2026-04-12
ACC1254,Dashboard,76,2026-04-15
ACC1084,Report_Gen,31,2026-04-30
ACC1464,Team_Collab,64,2026-04-27
ACC1231,Bulk_Upload,15,2026-04-13
ACC1221,Dashboard,92,2026-04-22
ACC1286,Team_Collab,68,2026-04-28
ACC1301,Bulk_Upload,43,2026-05-01
ACC1106,Bulk_Upload,33,2026-04-24
ACC1130,Report_Gen,26,2026-04-12
ACC1265,Report_Gen,93,2026-04-09
ACC1304,Dashboard,25,2026-04-15
ACC1348,Bulk_Upload,100,2026-04-15
ACC1086,Dashboard,20,2026-04-18
ACC1257,Dashboard,56,2026-04-28
ACC1428,Report_Gen,66,2026-04-23
ACC1329,Bulk_Upload,19,2026-04-07
ACC1100,Bulk_Upload,44,2026-04-18
ACC1215,Report_Gen,3,2026-04-30
ACC1262,Bulk_Upload,63,2026-04-23
ACC1137,Report_Gen,68,2026-04-21
ACC1068,Team_Collab,70,2026-04-19
ACC1065,Report_Gen,85,2026-05-02
ACC1364,Dashboard,25,2026-04-30
ACC1211,Report_Gen,24,2026-04-19
ACC1379,Report_Gen,24,2026-04-11
ACC1485,Bulk_Upload,42,2026-04-20
ACC1405,API_Access,41,2026-04-25
ACC1137,Dashboard,97,2026-04-13
ACC1406,Report_Gen,30,2026-05-01
ACC1100,Report_Gen,33,2026-04-21
ACC1428,Team_Collab,50,2026-04-14
ACC1164,Dashboard,38,2026-04-21
ACC1184,Team_Collab,86,2026-04-28
ACC1310,API_Access,39,2026-05-03
ACC1210,Dashboard,32,2026-04-14
ACC1422,Team_Collab,85,2026-05-01
ACC1085,Bulk_Upload,26,2026-04-28
ACC1018,Team_Collab,63,2026-04-28
ACC1181,Bulk_Upload,35,2026-04-10
ACC1297,Dashboard,9,2026-05-04
ACC1342,Dashboard,90,2026-04-20
ACC1085,Dashboard,93,2026-04-19
ACC1311,Report_Gen,88,2026-04-27
ACC1034,Team_Collab,51,2026-04-26
ACC1434,API_Access,67,2026-04-15
ACC1116,Team_Collab,11,2026-04-17
ACC1073,Bulk_Upload,69,2026-04-16
ACC1028,Report_Gen,46,2026-04-06
ACC1079,Report_Gen,14,2026-04-09
ACC1042,Report_Gen,59,2026-04-22
ACC1249,Bulk_Upload,34,2026-04-17
ACC1340,Dashboard,25,2026-04-23
ACC1186,Report_Gen,77,2026-04-20
ACC1345,Bulk_Upload,40,2026-04-21
ACC1035,Dashboard,83,2026-04-29
ACC1161,Bulk_Upload,80,2026-04-21
ACC1007,Team_Collab,83,2026-04-14
ACC1117,API_Access,27,2026-04-06
ACC1218,API_Access,20,2026-04-12
ACC1256,Bulk_Upload,75,2026-04-12
ACC1177,Dashboard,38,2026-04-28
ACC1087,Report_Gen,14,2026-04-25
ACC1179,API_Access,69,2026-04-18
ACC1111,API_Access,91,2026-05-04
ACC1047,Bulk_Upload,88,2026-04-30
ACC1082,Dashboard,15,2026-04-30
ACC1326,Report_Gen,79,2026-04-27
ACC1280,Report_Gen,31,2026-04-13
ACC1187,Bulk_Upload,6,2026-04-13
ACC1384,Dashboard,72,2026-05-05
ACC1226,Dashboard,6,2026-05-01
ACC1314,Dashboard,56,2026-04-18
ACC1266,Team_Collab,37,2026-04-17
ACC1063,API_Access,34,2026-04-09
ACC1327,Bulk_Upload,77,2026-04-17
ACC1485,API_Access,69,2026-04-30
ACC1131,Bulk_Upload,83,2026-04-24
ACC1492,Dashboard,42,2026-05-02
ACC1130,Team_Collab,89,2026-04-21
ACC1499,API_Access,14,2026-04-26
ACC1160,Report_Gen,95,2026-04-17
ACC1043,Report_Gen,49,2026-04-24
ACC1461,Dashboard,30,2026-04-25
ACC1300,Dashboard,40,2026-04-14
ACC1357,Bulk_Upload,10,2026-04-09
ACC1315,Report_Gen,82,2026-04-09
ACC1497,API_Access,25,2026-04-09
ACC1404,Dashboard,76,2026-04-30
ACC1005,Dashboard,92,2026-05-05
ACC1134,API_Access,50,2026-05-02
ACC1488,Bulk_Upload,1,2026-04-20
ACC1389,Team_Collab,41,2026-04-29
ACC1313,Dashboard,13,2026-04-14
ACC1446,Team_Collab,53,2026-05-01
ACC1397,Dashboard,81,2026-04-11
ACC1186,Team_Collab,79,2026-04-30
ACC1184,Report_Gen,36,2026-04-25
ACC1213,Dashboard,54,2026-05-04
ACC1377,API_Access,59,2026-04-21
ACC1045,Report_Gen,94,2026-04-26
ACC1313,Bulk_Upload,64,2026-04-19
ACC1278,Team_Collab,31,2026-04-14
ACC1208,API_Access,92,2026-04-09
ACC1332,Report_Gen,38,2026-04-18
ACC1071,API_Access,4,2026-04-16
ACC1381,Team_Collab,62,2026-04-16
ACC1002,Dashboard,99,2026-04-06
ACC1248,Team_Collab,19,2026-04-15
ACC1353,Dashboard,45,2026-04-08
ACC1226,Team_Collab,21,2026-05-01
ACC1453,API_Access,41,2026-04-18
ACC1364,API_Access,67,2026-04-16
ACC1318,Team_Collab,7,2026-04-29
ACC1339,Team_Collab,90,2026-05-02
ACC1382,Dashboard,19,2026-04-23
ACC1417,Team_Collab,59,2026-04-17
ACC1297,Team_Collab,91,2026-05-01
ACC1328,Bulk_Upload,98,2026-04-25
ACC1031,Report_Gen,51,2026-04-18
ACC1174,Team_Collab,41,2026-05-04
ACC1446,Dashboard,67,2026-04-20
ACC1145,Dashboard,58,2026-04-28
ACC1138,Bulk_Upload,25,2026-04-06
ACC1023,Report_Gen,20,2026-05-01
ACC1079,API_Access,52,2026-04-24
ACC1057,Dashboard,96,2026-04-06
ACC1421,API_Access,28,2026-04-21
ACC1028,Report_Gen,20,2026-04-14
ACC1175,Report_Gen,61,2026-04-23
ACC1327,Report_Gen,87,2026-04-14
ACC1250,API_Access,30,2026-05-03
ACC1048,Team_Collab,47,2026-04-12
ACC1104,Report_Gen,12,2026-04-11
ACC1054,Bulk_Upload,86,2026-04-28
ACC1446,Team_Collab,11,2026-05-04
ACC1455,Bulk_Upload,56,2026-05-03
ACC1358,Bulk_Upload,77,2026-04-19
ACC1310,Team_Collab,86,2026-04-19
ACC1044,Bulk_Upload,53,2026-04-25
ACC1433,API_Access,83,2026-04-22
ACC1014,API_Access,52,2026-04-28
ACC1373,Report_Gen,54,2026-05-02
ACC1433,Bulk_Upload,93,2026-04-24
ACC1168,Report_Gen,53,2026-05-03
ACC1382,Bulk_Upload,27,2026-04-14
ACC1239,API_Access,88,2026-04-21
ACC1274,API_Access,68,2026-04-28
ACC1091,Dashboard,71,2026-04-17
ACC1293,Dashboard,99,2026-04-21
ACC1066,Report_Gen,34,2026-04-22
ACC1246,Team_Collab,91,2026-05-04
ACC1185,Dashboard,10,2026-04-18
ACC1095,Team_Collab,96,2026-05-05
ACC1414,Team_Collab,31,2026-04-27
ACC1297,Bulk_Upload,70,2026-05-03
ACC1104,Report_Gen,52,2026-04-09
ACC1093,Team_Collab,35,2026-04-20
ACC1239,Report_Gen,21,2026-04-30
ACC1298,Dashboard,21,2026-04-19
ACC1314,Bulk_Upload,39,2026-04-28
ACC1422,Team_Collab,90,2026-04-26
ACC1067,API_Access,58,2026-04-22
ACC1372,Bulk_Upload,50,2026-04-19
ACC1245,Team_Collab,67,2026-04-08
ACC1244,Team_Collab,73,2026-04-19
ACC1160,Dashboard,95,2026-04-16
ACC1381,Dashboard,17,2026-04-30
ACC1436,Dashboard,93,2026-05-05
ACC1244,Bulk_Upload,36,2026-04-29
ACC1094,API_Access,88,2026-04-17
ACC1251,Dashboard,16,2026-04-30
ACC1180,Dashboard,87,2026-04-23
ACC1028,API_Access,16,2026-04-10
ACC1334,Team_Collab,32,2026-04-19
ACC1444,Dashboard,80,2026-04-18
ACC1003,API_Access,58,2026-04-21
ACC1140,Bulk_Upload,52,2026-04-22
ACC1370,Report_Gen,4,2026-04-23
ACC1471,Report_Gen,50,2026-05-02
ACC1011,Bulk_Upload,86,2026-05-04
ACC1273,Team_Collab,15,2026-04-17
ACC1338,Bulk_Upload,91,2026-04-27
ACC1476,Dashboard,92,2026-04-25
ACC1380,Report_Gen,72,2026-04-19
ACC1179,API_Access,29,2026-04-11
ACC1353,Bulk_Upload,54,2026-04-26
ACC1445,Team_Collab,85,2026-04-12
ACC1497,Dashboard,46,2026-04-10
ACC1466,Team_Collab,80,2026-04-23
ACC1465,Team_Collab,61,2026-04-28
ACC1484,API_Access,40,2026-05-02
ACC1083,Report_Gen,50,2026-04-13
ACC1129,Report_Gen,54,2026-05-03
ACC1396,Team_Collab,20,2026-04-29
ACC1108,Team_Collab,95,2026-04-29
ACC1343,Bulk_Upload,2,2026-04-12
ACC1300,Team_Collab,93,2026-04-15
ACC1101,Report_Gen,73,2026-04-19
ACC1184,Bulk_Upload,67,2026-04-12
ACC1119,Dashboard,97,2026-04-20
ACC1062,Report_Gen,99,2026-04-20
ACC1252,Report_Gen,65,2026-04-23
ACC1285,Dashboard,10,2026-04-11
ACC1150,Bulk_Upload,72,2026-04-28
ACC1346,Bulk_Upload,91,2026-04-12
ACC1238,Team_Collab,18,2026-04-19
ACC1403,Team_Collab,61,2026-04-10
ACC1307,Report_Gen,73,2026-04-22
ACC1383,Bulk_Upload,66,2026-05-02
ACC1229,Report_Gen,68,2026-04-15
ACC1152,Dashboard,38,2026-04-30
ACC1112,Report_Gen,6,2026-04-08
ACC1251,API_Access,91,2026-04-27
ACC1258,Report_Gen,26,2026-04-07
ACC1269,Team_Collab,39,2026-04-18
ACC1091,API_Access,36,2026-04-17
ACC1492,API_Access,1,2026-04-23
ACC1381,Dashboard,99,2026-04-12
ACC1101,Bulk_Upload,93,2026-04-18
ACC1259,Team_Collab,29,2026-04-30
ACC1145,Report_Gen,2,2026-05-03
ACC1044,Bulk_Upload,76,2026-05-05
ACC1099,Dashboard,47,2026-04-29
ACC1233,Report_Gen,32,2026-05-03
ACC1496,Bulk_Upload,56,2026-04-13
ACC1243,Report_Gen,79,2026-05-01
ACC1137,Team_Collab,82,2026-05-05
ACC1415,Team_Collab,66,2026-04-07
ACC1276,Dashboard,31,2026-04-20
ACC1141,Dashboard,64,2026-05-04
ACC1177,API_Access,49,2026-04-11
ACC1132,Dashboard,40,2026-04-25
ACC1421,Team_Collab,27,2026-04-14
ACC1217,Dashboard,56,2026-04-21
ACC1198,Team_Collab,47,2026-04-12
ACC1122,Report_Gen,16,2026-04-07
ACC1128,Team_Collab,62,2026-04-24
ACC1172,Team_Collab,88,2026-04-24
ACC1433,API_Access,66,2026-04-18
ACC1389,Dashboard,69,2026-04-19
ACC1070,Report_Gen,59,2026-04-23
ACC1418,Report_Gen,99,2026-04-21
ACC1099,Report_Gen,36,2026-04-26
ACC1395,Bulk_Upload,89,2026-05-04
ACC1134,Team_Collab,84,2026-04-26
ACC1081,Team_Collab,1,2026-05-04
ACC1231,API_Access,18,2026-04-29
ACC1303,Report_Gen,39,2026-04-26
ACC1197,API_Access,55,2026-04-25
ACC1172,Team_Collab,75,2026-04-23
ACC1108,API_Access,79,2026-05-03
ACC1344,API_Access,7,2026-04-26
ACC1233,Bulk_Upload,26,2026-04-09
ACC1330,Bulk_Upload,58,2026-04-26
ACC1348,Dashboard,88,2026-04-13
ACC1021,Team_Collab,6,2026-04-10
ACC1290,Bulk_Upload,61,2026-04-26
ACC1429,Bulk_Upload,37,2026-04-14
ACC1400,Report_Gen,88,2026-04-22
ACC1313,Bulk_Upload,94,2026-04-06
ACC1103,API_Access,37,2026-04-07
ACC1234,Dashboard,51,2026-04-19
ACC1046,Report_Gen,35,2026-04-07
ACC1420,Team_Collab,27,2026-04-09
ACC1300,Report_Gen,13,2026-04-06
ACC1166,Team_Collab,2,2026-04-10
ACC1203,API_Access,46,2026-05-03
ACC1033,Bulk_Upload,37,2026-04-23
ACC1278,Bulk_Upload,46,2026-05-01
ACC1138,Report_Gen,58,2026-04-18
ACC1471,Report_Gen,75,2026-04-26
ACC1474,Team_Collab,69,2026-04-22
ACC1316,Team_Collab,57,2026-05-02
ACC1385,Dashboard,25,2026-04-27
ACC1473,Dashboard,35,2026-04-14
ACC1385,Report_Gen,17,2026-04-19
ACC1213,Dashboard,73,2026-04-27
ACC1277,API_Access,38,2026-05-05
ACC1026,Dashboard,21,2026-04-25
ACC1421,Dashboard,48,2026-04-13
ACC1198,Team_Collab,75,2026-04-25
ACC1016,Team_Collab,94,2026-04-06
ACC1276,API_Access,10,2026-05-05
ACC1382,API_Access,1,2026-05-01
ACC1319,Dashboard,88,2026-04-30
ACC1107,Bulk_Upload,58,2026-04-27
ACC1147,Bulk_Upload,41,2026-04-15
ACC1457,Dashboard,69,2026-05-05
ACC1109,Bulk_Upload,81,2026-04-22
ACC1054,Report_Gen,66,2026-04-24
ACC1459,Report_Gen,28,2026-05-05
ACC1056,Team_Collab,56,2026-04-11
ACC1262,Team_Collab,2,2026-04-10
ACC1136,Report_Gen,51,2026-04-30
ACC1223,Report_Gen,36,2026-04-24
ACC1088,Bulk_Upload,18,2026-04-30
ACC1487,API_Access,99,2026-05-01
ACC1089,Dashboard,16,2026-04-16
ACC1433,Team_Collab,28,2026-04-18
ACC1494,Report_Gen,33,2026-04-17
ACC1028,Bulk_Upload,7,2026-04-09
ACC1394,Team_Collab,2,2026-04-28
ACC1246,Report_Gen,23,2026-04-24
ACC1352,API_Access,18,2026-04-17
ACC1372,API_Access,86,2026-04-18
ACC1405,Dashboard,10,2026-04-18
ACC1188,Dashboard,79,2026-04-11
ACC1142,Bulk_Upload,94,2026-04-07
ACC1202,Team_Collab,84,2026-04-08
ACC1130,Dashboard,91,2026-04-16
ACC1168,Team_Collab,61,2026-04-16
ACC1061,Report_Gen,26,2026-04-12
ACC1254,Team_Collab,1,2026-04-28
ACC1204,Report_Gen,38,2026-04-11
ACC1357,API_Access,22,2026-04-29
ACC1112,Report_Gen,99,2026-04-24
ACC1385,Bulk_Upload,24,2026-05-01
ACC1129,Team_Collab,53,2026-04-17
ACC1219,Bulk_Upload,57,2026-04-20
ACC1463,Dashboard,48,2026-04-09
ACC1384,Team_Collab,82,2026-04-28
ACC1229,Dashboard,16,2026-04-11
ACC1480,API_Access,80,2026-04-17
ACC1403,API_Access,67,2026-04-13
ACC1383,Dashboard,50,2026-04-07
ACC1074,Bulk_Upload,9,2026-04-11
ACC1166,Dashboard,91,2026-04-18
ACC1372,Report_Gen,15,2026-04-12
ACC1177,Report_Gen,6,2026-04-06
ACC1362,Bulk_Upload,18,2026-04-15
ACC1121,Report_Gen,49,2026-04-06
ACC1390,Report_Gen,76,2026-04-28
ACC1370,Bulk_Upload,55,2026-04-17
ACC1322,API_Access,51,2026-04-11
ACC1197,Report_Gen,53,2026-04-24
ACC1452,Report_Gen,7,2026-04-22
ACC1434,Bulk_Upload,25,2026-04-23
ACC1008,Report_Gen,40,2026-04-10
ACC1122,API_Access,33,2026-05-03
ACC1347,Bulk_Upload,35,2026-04-23
ACC1475,Report_Gen,70,2026-04-27
ACC1104,Team_Collab,67,2026-04-19
ACC1094,Team_Collab,25,2026-04-28
ACC1160,Dashboard,76,2026-04-20
ACC1443,API_Access,14,2026-04-21
ACC1145,Dashboard,68,2026-04-11
ACC1047,Bulk_Upload,58,2026-05-05
ACC1180,Bulk_Upload,69,2026-04-29
ACC1354,Dashboard,60,2026-05-03
ACC1396,Dashboard,70,2026-04-10
ACC1472,Bulk_Upload,31,2026-04-20
ACC1115,Bulk_Upload,5,2026-04-28
ACC1265,Bulk_Upload,41,2026-04-12
ACC1321,Team_Collab,56,2026-04-26
ACC1125,Team_Collab,19,2026-04-30
ACC1231,Report_Gen,29,2026-04-10
ACC1221,Report_Gen,97,2026-04-28
ACC1023,API_Access,89,2026-04-14
ACC1235,Bulk_Upload,96,2026-04-24
ACC1173,API_Access,33,2026-04-23
ACC1110,Team_Collab,72,2026-04-06
ACC1211,Team_Collab,7,2026-04-18
ACC1415,Bulk_Upload,11,2026-04-09
ACC1341,Dashboard,35,2026-05-02
ACC1038,Team_Collab,83,2026-04-25
ACC1088,Bulk_Upload,17,2026-04-28
ACC1391,Team_Collab,80,2026-04-21
ACC1025,Report_Gen,9,2026-04-25
ACC1386,Dashboard,76,2026-04-28
ACC1040,Bulk_Upload,66,2026-04-12
ACC1186,Team_Collab,85,2026-04-14
ACC1217,Team_Collab,30,2026-04-19
ACC1470,Report_Gen,74,2026-04-09
ACC1370,Team_Collab,58,2026-04-27
ACC1005,Report_Gen,46,2026-04-18
ACC1146,API_Access,95,2026-04-22
ACC1462,Dashboard,45,2026-04-11
ACC1293,Bulk_Upload,2,2026-04-20
ACC1209,API_Access,37,2026-04-29
ACC1137,API_Access,27,2026-04-25
ACC1169,Bulk_Upload,85,2026-04-29
ACC1028,API_Access,86,2026-04-21
ACC1491,Bulk_Upload,79,2026-04-26
ACC1195,Dashboard,6,2026-04-20
ACC1248,Report_Gen,34,2026-04-12
ACC1436,API_Access,14,2026-04-18
ACC1255,Dashboard,74,2026-04-08
ACC1124,Dashboard,63,2026-04-27
ACC1006,Dashboard,39,2026-04-22
ACC1174,Dashboard,8,2026-05-03
ACC1112,Dashboard,98,2026-04-08
ACC1259,Dashboard,54,2026-04-18
ACC1468,API_Access,94,2026-04-22
ACC1179,Team_Collab,64,2026-05-01
ACC1327,Team_Collab,13,2026-04-12
ACC1139,Team_Collab,75,2026-04-25
ACC1153,Dashboard,37,2026-04-13
ACC1003,API_Access,14,2026-05-03
ACC1098,Dashboard,9,2026-04-25
ACC1216,Dashboard,87,2026-04-17
ACC1099,Report_Gen,13,2026-04-14
ACC1318,Dashboard,14,2026-04-24
ACC1283,Team_Collab,70,2026-04-25
ACC1476,Team_Collab,89,2026-04-19
ACC1200,Dashboard,65,2026-04-23
ACC1080,Report_Gen,34,2026-04-22
ACC1070,Dashboard,21,2026-05-01
ACC1424,Dashboard,13,2026-04-23
ACC1038,Bulk_Upload,85,2026-04-14
ACC1139,Report_Gen,75,2026-04-23
ACC1355,Bulk_Upload,20,2026-05-05
ACC1292,Report_Gen,26,2026-04-28
ACC1271,Team_Collab,23,2026-05-02
ACC1435,Report_Gen,22,2026-04-17
ACC1401,Dashboard,17,2026-04-08
ACC1099,Team_Collab,9,2026-05-04
ACC1019,Dashboard,13,2026-04-14
ACC1463,Bulk_Upload,89,2026-04-07
ACC1304,Dashboard,33,2026-04-15
ACC1482,Report_Gen,44,2026-04-07
ACC1478,Bulk_Upload,38,2026-04-21
ACC1420,Bulk_Upload,7,2026-04-09
ACC1388,API_Access,5,2026-04-12
ACC1058,Bulk_Upload,58,2026-04-12
ACC1037,Dashboard,60,2026-04-16
ACC1420,Team_Collab,71,2026-04-13
ACC1229,Bulk_Upload,94,2026-04-07
ACC1460,Team_Collab,3,2026-04-11
ACC1321,Report_Gen,73,2026-04-09
ACC1347,API_Access,21,2026-04-29
ACC1291,API_Access,97,2026-04-08
ACC1105,API_Access,84,2026-04-08
ACC1048,Dashboard,63,2026-04-06
ACC1428,Bulk_Upload,2,2026-04-06
ACC1291,Team_Collab,26,2026-04-12
ACC1129,Team_Collab,55,2026-05-01
ACC1160,Dashboard,11,2026-04-06
ACC1164,Team_Collab,85,2026-04-09
ACC1297,Report_Gen,44,2026-04-16
ACC1058,API_Access,39,2026-04-21
ACC1119,Team_Collab,59,2026-04-07
ACC1203,Team_Collab,37,2026-04-08
ACC1487,Report_Gen,32,2026-04-22
ACC1251,Team_Collab,78,2026-05-05
ACC1195,Report_Gen,2,2026-04-20
ACC1479,Report_Gen,29,2026-04-22
ACC1127,Team_Collab,69,2026-04-11
ACC1045,API_Access,100,2026-04-15
ACC1241,Bulk_Upload,72,2026-05-01
ACC1393,Dashboard,15,2026-05-01
ACC1025,Team_Collab,80,2026-05-03
ACC1306,Dashboard,82,2026-04-14
ACC1184,Report_Gen,87,2026-04-19
ACC1203,Team_Collab,51,2026-04-23
ACC1347,Bulk_Upload,23,2026-04-18
ACC1292,Bulk_Upload,87,2026-05-03
ACC1035,API_Access,14,2026-05-03
ACC1279,Team_Collab,87,2026-04-24
ACC1080,Dashboard,39,2026-04-11
ACC1277,Bulk_Upload,50,2026-04-19
ACC1099,Team_Collab,65,2026-05-04
ACC1419,Bulk_Upload,11,2026-04-30
ACC1117,Report_Gen,38,2026-04-22
ACC1156,Dashboard,16,2026-05-03
ACC1239,Team_Collab,100,2026-04-14
ACC1492,Bulk_Upload,82,2026-04-23
ACC1046,Bulk_Upload,31,2026-04-10
ACC1245,API_Access,83,2026-04-29
ACC1122,Bulk_Upload,88,2026-04-09
ACC1111,Dashboard,36,2026-04-16
ACC1280,Team_Collab,17,2026-04-07
ACC1107,Dashboard,23,2026-04-10
ACC1480,Bulk_Upload,36,2026-04-17
ACC1417,Team_Collab,68,2026-04-21
ACC1457,Team_Collab,48,2026-04-20
ACC1423,Report_Gen,23,2026-05-01
ACC1402,Bulk_Upload,29,2026-04-23
ACC1213,Team_Collab,87,2026-04-28
ACC1065,Bulk_Upload,61,2026-04-21
ACC1075,API_Access,31,2026-04-08
ACC1070,Bulk_Upload,70,2026-04-24
ACC1287,Dashboard,5,2026-04-09
ACC1134,Dashboard,41,2026-04-15
ACC1393,Team_Collab,48,2026-04-19
ACC1144,API_Access,63,2026-04-25
ACC1287,Team_Collab,12,2026-04-22
ACC1192,API_Access,46,2026-04-14
ACC1313,Bulk_Upload,64,2026-04-12
ACC1301,Dashboard,63,2026-04-18
ACC1438,Dashboard,50,2026-04-19
ACC1430,Team_Collab,47,2026-04-26
ACC1405,API_Access,84,2026-04-30
ACC1339,Dashboard,14,2026-04-17
ACC1414,Bulk_Upload,25,2026-04-09
ACC1216,API_Access,17,2026-04-28
ACC1154,Dashboard,23,2026-04-30
ACC1266,Report_Gen,51,2026-05-05
ACC1286,Dashboard,40,2026-05-01
ACC1446,Team_Collab,28,2026-05-02
ACC1407,Report_Gen,36,2026-04-28
ACC1151,Bulk_Upload,30,2026-04-25
ACC1491,Report_Gen,15,2026-04-18
ACC1115,Report_Gen,22,2026-04-30
ACC1096,Bulk_Upload,98,2026-04-08
ACC1208,Dashboard,63,2026-04-27
ACC1186,API_Access,15,2026-04-10
ACC1027,Report_Gen,11,2026-04-30
ACC1118,Team_Collab,97,2026-04-14
ACC1026,Team_Collab,65,2026-04-06
ACC1304,Dashboard,37,2026-04-26
ACC1001,Bulk_Upload,5,2026-04-06
ACC1085,API_Access,69,2026-04-23
ACC1121,Dashboard,81,2026-04-06
ACC1294,Report_Gen,91,2026-04-28
ACC1120,API_Access,24,2026-04-26
ACC1460,Bulk_Upload,63,2026-04-28
ACC1350,API_Access,43,2026-04-15
ACC1135,Dashboard,3,2026-04-14
ACC1372,Report_Gen,69,2026-04-28
ACC1148,Report_Gen,95,2026-04-20
ACC1270,Team_Collab,41,2026-04-10
ACC1486,Dashboard,57,2026-04-12
ACC1268,Team_Collab,9,2026-05-01
ACC1498,Dashboard,9,2026-04-18
ACC1322,Team_Collab,57,2026-04-27
ACC1462,Dashboard,46,2026-05-03
ACC1372,Team_Collab,74,2026-04-28
ACC1432,Report_Gen,100,2026-04-23
ACC1457,Team_Collab,54,2026-04-29
ACC1346,API_Access,10,2026-04-06
ACC1321,Bulk_Upload,29,2026-04-10
ACC1149,Report_Gen,5,2026-04-19
ACC1328,API_Access,80,2026-04-09
ACC1178,Report_Gen,46,2026-05-02
ACC1324,Report_Gen,88,2026-04-10
ACC1133,Report_Gen,6,2026-04-08
ACC1165,Report_Gen,2,2026-04-30
ACC1209,Team_Collab,5,2026-05-01
ACC1364,API_Access,3,2026-04-07
ACC1306,API_Access,59,2026-04-26
ACC1038,Report_Gen,39,2026-04-15
ACC1086,Team_Collab,90,2026-04-08
ACC1223,Bulk_Upload,8,2026-04-28
ACC1445,Team_Collab,23,2026-04-26
ACC1013,Team_Collab,20,2026-04-20
ACC1195,Report_Gen,20,2026-04-10
ACC1442,Team_Collab,79,2026-04-23
ACC1276,Report_Gen,87,2026-04-25
ACC1225,API_Access,79,2026-04-23
ACC1409,Bulk_Upload,64,2026-04-22
ACC1037,Report_Gen,42,2026-04-23
ACC1279,Bulk_Upload,3,2026-04-18
ACC1173,Team_Collab,9,2026-04-22
ACC1000,Dashboard,38,2026-04-28
ACC1358,Bulk_Upload,62,2026-04-10
ACC1464,Report_Gen,24,2026-04-13
ACC1416,API_Access,93,2026-04-21
ACC1071,Bulk_Upload,52,2026-04-06
ACC1043,Team_Collab,22,2026-04-18
ACC1014,API_Access,18,2026-04-12
ACC1052,Bulk_Upload,87,2026-04-15
ACC1484,Dashboard,65,2026-04-22
ACC1278,Team_Collab,40,2026-04-30
ACC1446,Report_Gen,25,2026-04-27
ACC1303,API_Access,83,2026-04-10
ACC1492,Team_Collab,69,2026-04-16
ACC1412,Bulk_Upload,1,2026-04-08
ACC1415,Bulk_Upload,93,2026-04-15
ACC1218,Report_Gen,37,2026-04-07
ACC1036,Report_Gen,68,2026-04-07
ACC1005,Bulk_Upload,98,2026-04-08
ACC1443,Dashboard,74,2026-05-03
ACC1053,Dashboard,19,2026-04-28
ACC1053,Report_Gen,9,2026-04-24
ACC1347,Team_Collab,52,2026-04-12
ACC1325,Bulk_Upload,69,2026-05-01
ACC1368,Bulk_Upload,35,2026-04-08
ACC1168,Team_Collab,36,2026-05-05
ACC1185,API_Access,78,2026-04-23
ACC1190,Bulk_Upload,68,2026-05-01
ACC1489,Dashboard,33,2026-04-18
ACC1098,API_Access,21,2026-04-26
ACC1209,Report_Gen,89,2026-04-10
ACC1265,Dashboard,90,2026-04-28
ACC1360,Dashboard,9,2026-04-15
ACC1149,Dashboard,62,2026-04-08
ACC1316,API_Access,58,2026-04-26
ACC1467,Bulk_Upload,72,2026-04-25
ACC1053,Report_Gen,73,2026-04-11
ACC1348,Dashboard,10,2026-05-02
ACC1412,Dashboard,74,2026-04-29
ACC1186,Dashboard,22,2026-04-26
ACC1437,Bulk_Upload,78,2026-04-29
ACC1065,Report_Gen,41,2026-05-02
ACC1233,Team_Collab,87,2026-05-01
ACC1183,Dashboard,72,2026-04-25
ACC1133,Bulk_Upload,75,2026-04-30
ACC1476,Report_Gen,38,2026-04-14
ACC1143,Dashboard,33,2026-04-30
ACC1090,Dashboard,24,2026-04-23
ACC1243,Report_Gen,82,2026-04-12
ACC1077,Bulk_Upload,51,2026-04-14
ACC1027,Report_Gen,25,2026-04-26
ACC1296,API_Access,14,2026-04-08
ACC1100,Team_Collab,83,2026-04-12
ACC1451,Dashboard,72,2026-04-25
ACC1118,Dashboard,69,2026-04-15
ACC1007,API_Access,46,2026-05-01
ACC1185,Report_Gen,84,2026-04-09
ACC1107,API_Access,13,2026-04-17
ACC1117,Bulk_Upload,78,2026-05-03
ACC1103,Dashboard,92,2026-04-19
ACC1410,API_Access,11,2026-04-11
ACC1463,Team_Collab,64,2026-04-30
ACC1058,Bulk_Upload,66,2026-04-15
ACC1231,Bulk_Upload,54,2026-05-02
ACC1096,Team_Collab,81,2026-04-16
ACC1437,API_Access,72,2026-04-08
ACC1160,Bulk_Upload,67,2026-04-08
ACC1383,Team_Collab,16,2026-05-03
ACC1267,Report_Gen,42,2026-04-17
ACC1108,API_Access,88,2026-04-13
ACC1220,Report_Gen,10,2026-04-18
ACC1170,Team_Collab,63,2026-04-09
ACC1028,Dashboard,63,2026-05-02
ACC1156,Team_Collab,60,2026-04-23
ACC1437,Team_Collab,19,2026-04-08
ACC1337,Report_Gen,92,2026-04-30
ACC1050,Report_Gen,67,2026-04-30
ACC1305,Bulk_Upload,49,2026-04-21
ACC1149,Report_Gen,38,2026-04-27
ACC1326,Team_Collab,15,2026-04-08
ACC1201,API_Access,92,2026-04-20
ACC1367,Bulk_Upload,26,2026-04-20
ACC1294,Team_Collab,57,2026-05-04
ACC1200,Report_Gen,11,2026-04-15
ACC1434,API_Access,4,2026-04-21
ACC1101,Bulk_Upload,62,2026-04-22
ACC1318,Team_Collab,3,2026-04-17
ACC1128,Bulk_Upload,10,2026-04-13
ACC1377,Team_Collab,57,2026-04-30
ACC1425,API_Access,40,2026-04-18
ACC1161,Dashboard,62,2026-04-23
ACC1352,Team_Collab,18,2026-04-16
ACC1251,API_Access,43,2026-04-15
ACC1132,Team_Collab,60,2026-04-29
ACC1264,Report_Gen,22,2026-04-12
ACC1203,Team_Collab,1,2026-04-28
ACC1261,API_Access,16,2026-05-04
ACC1167,API_Access,12,2026-04-28
ACC1213,API_Access,5,2026-04-23
ACC1275,Bulk_Upload,26,2026-04-22
ACC1405,Report_Gen,91,2026-04-06
ACC1321,Team_Collab,39,2026-04-20
ACC1428,Dashboard,78,2026-04-18
ACC1039,Dashboard,62,2026-04-30
ACC1092,API_Access,20,2026-04-23
ACC1325,Report_Gen,2,2026-04-19
ACC1060,Report_Gen,16,2026-04-08
ACC1192,Report_Gen,30,2026-04-06
ACC1298,Report_Gen,74,2026-04-29
ACC1230,Bulk_Upload,57,2026-04-09
ACC1156,Dashboard,84,2026-04-19
ACC1124,Dashboard,22,2026-04-09
ACC1488,Report_Gen,69,2026-04-15
ACC1434,API_Access,14,2026-04-23
ACC1292,API_Access,40,2026-05-04
ACC1394,Report_Gen,34,2026-05-04
ACC1386,Dashboard,79,2026-04-09
ACC1146,Bulk_Upload,8,2026-04-11
ACC1088,Report_Gen,33,2026-05-02
ACC1058,Dashboard,96,2026-04-19
ACC1290,Bulk_Upload,23,2026-04-07
ACC1480,Team_Collab,19,2026-04-20
ACC1032,Dashboard,63,2026-04-21
ACC1404,Dashboard,95,2026-04-30
ACC1186,API_Access,47,2026-05-02
ACC1365,Bulk_Upload,8,2026-04-11
ACC1316,Report_Gen,98,2026-05-01
ACC1062,Bulk_Upload,17,2026-04-10
ACC1269,Dashboard,97,2026-04-12
ACC1104,Report_Gen,70,2026-05-05
ACC1067,Bulk_Upload,16,2026-04-17
ACC1342,API_Access,13,2026-05-03
ACC1308,Report_Gen,10,2026-04-28
ACC1118,Bulk_Upload,11,2026-05-05
ACC1358,API_Access,28,2026-05-05
ACC1394,API_Access,69,2026-04-12
ACC1275,Bulk_Upload,90,2026-04-20
ACC1080,Team_Collab,41,2026-05-04
ACC1216,Report_Gen,33,2026-04-25
ACC1474,Report_Gen,55,2026-04-17
ACC1107,Dashboard,48,2026-04-16
ACC1363,API_Access,85,2026-04-30
ACC1294,Report_Gen,64,2026-04-10
ACC1011,Report_Gen,60,2026-04-19
ACC1188,Dashboard,63,2026-04-15
ACC1189,Dashboard,80,2026-04-08
ACC1414,Team_Collab,99,2026-04-07
ACC1352,Report_Gen,10,2026-04-09
ACC1378,API_Access,87,2026-04-09
ACC1091,Bulk_Upload,73,2026-04-27
ACC1335,API_Access,9,2026-04-21
ACC1118,Team_Collab,56,2026-04-17
ACC1392,API_Access,48,2026-05-01
ACC1067,API_Access,17,2026-04-16
ACC1038,Team_Collab,32,2026-04-15
ACC1310,Dashboard,41,2026-04-10
ACC1406,Dashboard,75,2026-04-24
ACC1084,Dashboard,84,2026-04-09
ACC1378,Bulk_Upload,2,2026-04-26
ACC1288,Bulk_Upload,3,2026-04-22
ACC1340,Report_Gen,36,2026-04-25
ACC1445,API_Access,3,2026-04-27
ACC1073,API_Access,78,2026-04-07
ACC1417,Team_Collab,57,2026-04-11
ACC1006,Report_Gen,68,2026-04-17
ACC1298,Team_Collab,77,2026-04-12
ACC1193,Report_Gen,5,2026-04-19
ACC1151,Report_Gen,93,2026-04-26
ACC1150,Dashboard,61,2026-04-06
ACC1290,Report_Gen,31,2026-04-27
ACC1067,API_Access,37,2026-04-22
ACC1366,API_Access,53,2026-04-18
ACC1099,Team_Collab,36,2026-04-25
ACC1331,Team_Collab,40,2026-04-14
ACC1307,Bulk_Upload,19,2026-04-18
ACC1134,Report_Gen,55,2026-04-27
ACC1123,Team_Collab,72,2026-04-15
ACC1332,Team_Collab,5,2026-04-22
ACC1242,Bulk_Upload,62,2026-04-20
ACC1380,Report_Gen,40,2026-04-26
ACC1474,API_Access,4,2026-04-29
ACC1082,Bulk_Upload,57,2026-04-15
ACC1330,Report_Gen,14,2026-04-18
ACC1190,Report_Gen,64,2026-04-07
ACC1073,Bulk_Upload,1,2026-04-28
ACC1188,API_Access,29,2026-04-11
ACC1465,API_Access,92,2026-04-06
ACC1417,Dashboard,26,2026-04-19
ACC1258,Bulk_Upload,81,2026-05-05
ACC1275,Bulk_Upload,81,2026-04-10
ACC1479,Team_Collab,81,2026-04-21
ACC1457,Team_Collab,27,2026-04-23
ACC1176,Dashboard,50,2026-04-30
ACC1293,Bulk_Upload,48,2026-05-04
ACC1028,Report_Gen,77,2026-04-30
ACC1090,API_Access,44,2026-04-18
ACC1390,Team_Collab,90,2026-04-28
ACC1485,Dashboard,19,2026-04-29
ACC1329,API_Access,74,2026-04-06
ACC1323,Bulk_Upload,42,2026-05-01
ACC1041,Dashboard,67,2026-04-21
ACC1110,API_Access,12,2026-04-22
ACC1334,Team_Collab,82,2026-04-06
ACC1309,Bulk_Upload,48,2026-04-09
ACC1238,Bulk_Upload,94,2026-05-01
ACC1327,Dashboard,71,2026-04-14
ACC1111,Team_Collab,80,2026-04-19
ACC1110,Dashboard,98,2026-04-29
ACC1047,API_Access,24,2026-04-06
ACC1194,Report_Gen,84,2026-04-18
ACC1019,Bulk_Upload,85,2026-04-15
ACC1151,Dashboard,9,2026-04-14
ACC1314,Dashboard,26,2026-04-18
ACC1303,Dashboard,50,2026-04-09
ACC1005,API_Access,55,2026-04-12
ACC1018,Bulk_Upload,95,2026-04-11
ACC1187,Team_Collab,29,2026-04-12
ACC1425,Team_Collab,60,2026-05-05
ACC1247,Dashboard,53,2026-04-27
ACC1043,Bulk_Upload,65,2026-05-02
ACC1328,Report_Gen,98,2026-04-25
ACC1276,Dashboard,65,2026-04-19
ACC1340,Team_Collab,24,2026-04-25
ACC1147,Bulk_Upload,87,2026-04-14
ACC1274,Bulk_Upload,78,2026-04-16
ACC1455,Bulk_Upload,28,2026-04-24
ACC1367,API_Access,78,2026-05-02
ACC1054,Team_Collab,51,2026-04-25
ACC1471,API_Access,97,2026-04-22
ACC1411,Team_Collab,84,2026-04-17
ACC1279,Report_Gen,51,2026-04-25
ACC1171,Report_Gen,18,2026-04-28
ACC1072,API_Access,71,2026-04-07
ACC1379,Report_Gen,10,2026-04-27
ACC1069,API_Access,31,2026-04-22
ACC1363,API_Access,16,2026-05-04
ACC1402,Team_Collab,12,2026-04-17
ACC1336,API_Access,53,2026-04-14
ACC1484,Report_Gen,80,2026-05-02
ACC1470,Dashboard,54,2026-04-22
ACC1262,API_Access,80,2026-04-28
ACC1227,Bulk_Upload,10,2026-04-24
ACC1007,API_Access,84,2026-04-14
ACC1087,Report_Gen,62,2026-05-05
ACC1434,Dashboard,57,2026-04-08
ACC1054,Bulk_Upload,20,2026-04-24
ACC1076,Dashboard,69,2026-04-16
ACC1090,Team_Collab,89,2026-04-28
ACC1002,API_Access,45,2026-05-04
ACC1382,Team_Collab,65,2026-04-24
ACC1292,Report_Gen,60,2026-04-11
ACC1218,Bulk_Upload,31,2026-04-22
ACC1192,Bulk_Upload,78,2026-05-02
ACC1286,Dashboard,26,2026-04-11
ACC1425,API_Access,4,2026-04-14
ACC1350,API_Access,91,2026-05-04
ACC1087,Dashboard,33,2026-04-14
ACC1349,Bulk_Upload,74,2026-05-02
ACC1354,API_Access,67,2026-04-10
ACC1046,Dashboard,87,2026-04-22
ACC1045,Bulk_Upload,70,2026-04-26
ACC1390,Dashboard,12,2026-04-14
ACC1111,API_Access,30,2026-04-13
ACC1303,API_Access,80,2026-05-02
ACC1294,Bulk_Upload,36,2026-04-30
ACC1059,Report_Gen,17,2026-04-07
ACC1416,Bulk_Upload,35,2026-04-26
ACC1020,Report_Gen,21,2026-04-20
ACC1231,API_Access,52,2026-04-12
ACC1143,Bulk_Upload,17,2026-05-04
ACC1114,Bulk_Upload,45,2026-04-15
ACC1399,API_Access,62,2026-04-08
ACC1019,Team_Collab,33,2026-05-03
ACC1005,Bulk_Upload,91,2026-04-16
ACC1055,Team_Collab,29,2026-04-08
ACC1321,Dashboard,8,2026-04-23
ACC1221,API_Access,79,2026-04-27
ACC1110,Team_Collab,96,2026-04-16
ACC1445,Dashboard,6,2026-05-02
ACC1219,Report_Gen,55,2026-04-07
ACC1191,Team_Collab,13,2026-04-11
ACC1342,Report_Gen,62,2026-04-08
ACC1185,API_Access,30,2026-04-18
ACC1494,Dashboard,34,2026-04-09
ACC1425,Bulk_Upload,48,2026-04-11
ACC1227,API_Access,89,2026-05-03
ACC1381,Team_Collab,19,2026-04-17
ACC1352,API_Access,79,2026-04-26
ACC1453,API_Access,87,2026-05-03
ACC1201,API_Access,97,2026-04-09
ACC1387,Team_Collab,29,2026-04-26
ACC1470,Report_Gen,76,2026-04-28
ACC1285,Dashboard,72,2026-04-11
ACC1088,Dashboard,13,2026-04-21
ACC1474,Dashboard,79,2026-04-18
ACC1369,Dashboard,70,2026-05-04
ACC1494,Team_Collab,100,2026-04-20
ACC1193,API_Access,32,2026-04-07
ACC1489,Bulk_Upload,98,2026-05-03
ACC1148,API_Access,11,2026-04-19
ACC1154,Team_Collab,32,2026-04-26
ACC1134,API_Access,97,2026-04-27
ACC1382,Bulk_Upload,48,2026-04-19
ACC1018,API_Access,7,2026-05-05
ACC1091,Dashboard,20,2026-04-12
ACC1102,Team_Collab,88,2026-04-20
ACC1251,Dashboard,8,2026-04-17
ACC1383,Team_Collab,63,2026-04-26
ACC1477,Report_Gen,99,2026-05-02
ACC1221,Dashboard,82,2026-04-08
ACC1424,Bulk_Upload,19,2026-04-08
ACC1173,Team_Collab,41,2026-04-20
ACC1294,API_Access,74,2026-04-29
ACC1400,Report_Gen,63,2026-04-20
ACC1067,API_Access,37,2026-05-05
ACC1039,Dashboard,80,2026-05-03
ACC1024,Report_Gen,44,2026-04-27
ACC1206,Team_Collab,98,2026-04-09
ACC1244,Dashboard,61,2026-04-18
ACC1288,Report_Gen,52,2026-05-02
ACC1360,Team_Collab,94,2026-04-23
ACC1140,API_Access,17,2026-04-19
ACC1416,Dashboard,42,2026-04-22
ACC1373,Report_Gen,25,2026-04-08
ACC1284,API_Access,53,2026-04-18
ACC1132,Bulk_Upload,99,2026-04-23
ACC1383,Team_Collab,68,2026-04-06
ACC1297,Dashboard,48,2026-04-19
ACC1361,Report_Gen,35,2026-04-24
ACC1429,Bulk_Upload,9,2026-04-09
ACC1117,Bulk_Upload,25,2026-04-09
ACC1251,Bulk_Upload,88,2026-04-11
ACC1169,Dashboard,5,2026-04-23
ACC1163,Dashboard,3,2026-04-20
ACC1334,Team_Collab,15,2026-05-04
ACC1471,Team_Collab,10,2026-04-26
ACC1086,Bulk_Upload,72,2026-04-30
ACC1436,Dashboard,17,2026-04-27
ACC1126,Team_Collab,20,2026-04-12
ACC1078,Dashboard,80,2026-04-21
ACC1437,Bulk_Upload,30,2026-04-16
ACC1253,Dashboard,48,2026-04-22
ACC1233,Bulk_Upload,37,2026-05-03
ACC1009,Report_Gen,67,2026-04-17
ACC1477,Dashboard,61,2026-04-23
ACC1192,Dashboard,34,2026-04-10
ACC1235,Report_Gen,43,2026-04-22
ACC1375,Bulk_Upload,17,2026-04-14
ACC1229,Bulk_Upload,55,2026-04-16
ACC1451,Dashboard,93,2026-04-17
ACC1443,Report_Gen,66,2026-04-23
ACC1434,Dashboard,41,2026-04-20
ACC1001,Team_Collab,82,2026-04-06
ACC1044,Report_Gen,43,2026-04-11
ACC1087,Bulk_Upload,65,2026-04-11
ACC1224,Team_Collab,64,2026-04-09
ACC1111,Bulk_Upload,60,2026-04-09
ACC1489,API_Access,38,2026-04-24
ACC1165,Bulk_Upload,17,2026-04-30
ACC1357,Dashboard,67,2026-04-14
ACC1489,Bulk_Upload,24,2026-04-20
ACC1278,Team_Collab,38,2026-04-28
ACC1430,Dashboard,33,2026-04-23
ACC1087,Dashboard,52,2026-04-28
ACC1146,Dashboard,31,2026-05-01
ACC1291,Bulk_Upload,46,2026-04-21
ACC1424,API_Access,93,2026-04-06
ACC1308,Report_Gen,50,2026-04-25
ACC1409,Team_Collab,98,2026-04-16
ACC1258,Team_Collab,90,2026-04-13
ACC1331,Team_Collab,34,2026-04-23
ACC1302,Bulk_Upload,91,2026-04-09
ACC1195,Bulk_Upload,13,2026-04-10
ACC1307,Dashboard,97,2026-04-20
ACC1048,API_Access,9,2026-04-16
ACC1084,Bulk_Upload,87,2026-04-15
ACC1141,Bulk_Upload,31,2026-04-07
ACC1151,Team_Collab,36,2026-05-03
ACC1376,API_Access,10,2026-04-27
ACC1404,Report_Gen,8,2026-04-17
ACC1282,Team_Collab,76,2026-04-21
ACC1300,Dashboard,47,2026-04-06
ACC1212,Team_Collab,46,2026-04-15
ACC1466,Dashboard,66,2026-04-17
ACC1087,Report_Gen,98,2026-04-27
ACC1086,Dashboard,69,2026-04-16
ACC1352,Team_Collab,14,2026-04-23
ACC1499,Bulk_Upload,11,2026-04-17
ACC1037,Report_Gen,40,2026-05-04
ACC1179,Bulk_Upload,62,2026-04-16
ACC1031,Team_Collab,14,2026-04-18
ACC1238,API_Access,17,2026-05-05
ACC1413,API_Access,25,2026-04-25
ACC1400,Team_Collab,8,2026-04-10
ACC1006,Report_Gen,59,2026-05-04
ACC1490,Team_Collab,49,2026-04-10
ACC1134,Dashboard,67,2026-04-13
ACC1470,Report_Gen,82,2026-05-01
ACC1038,Bulk_Upload,2,2026-04-12
ACC1133,API_Access,39,2026-05-01
ACC1150,Bulk_Upload,80,2026-04-19
ACC1088,Bulk_Upload,79,2026-04-30
ACC1368,Team_Collab,83,2026-04-28
ACC1457,Dashboard,51,2026-05-03
ACC1380,API_Access,27,2026-04-09
ACC1366,Dashboard,79,2026-04-28
ACC1056,API_Access,68,2026-04-18
ACC1017,Bulk_Upload,59,2026-04-16
ACC1102,API_Access,18,2026-04-27
ACC1254,Dashboard,49,2026-04-30
ACC1070,Team_Collab,17,2026-04-09
ACC1105,Report_Gen,50,2026-04-22
ACC1289,Bulk_Upload,33,2026-04-19
ACC1343,Bulk_Upload,44,2026-05-05
ACC1329,Team_Collab,32,2026-04-08
ACC1103,Bulk_Upload,60,2026-04-18
ACC1406,Dashboard,75,2026-04-17
ACC1326,Bulk_Upload,69,2026-04-10
ACC1475,Report_Gen,40,2026-04-23
ACC1448,Team_Collab,35,2026-05-01
ACC1073,Bulk_Upload,32,2026-04-24
ACC1262,Dashboard,96,2026-04-17
ACC1400,Bulk_Upload,29,2026-04-21
ACC1187,Dashboard,75,2026-04-30
ACC1193,Report_Gen,75,2026-04-19
ACC1025,Team_Collab,62,2026-04-29
ACC1289,Team_Collab,56,2026-04-21
ACC1098,API_Access,62,2026-04-06
ACC1152,Dashboard,72,2026-04-26
ACC1460,Report_Gen,75,2026-04-24
ACC1470,Report_Gen,98,2026-05-05
ACC1140,Dashboard,32,2026-04-29
ACC1311,Dashboard,91,2026-05-05
ACC1492,Dashboard,57,2026-05-05
ACC1288,Dashboard,83,2026-04-17
ACC1476,API_Access,61,2026-04-18
ACC1491,Report_Gen,43,2026-05-03
ACC1123,Dashboard,45,2026-05-05
ACC1295,Team_Collab,48,2026-04-06
ACC1279,Dashboard,93,2026-05-03
ACC1306,Dashboard,33,2026-04-29
ACC1241,Bulk_Upload,50,2026-04-30
ACC1135,Bulk_Upload,80,2026-04-26
ACC1152,Report_Gen,79,2026-04-15
ACC1414,API_Access,48,2026-04-08
ACC1157,Report_Gen,56,2026-04-11
ACC1122,Report_Gen,66,2026-04-10
ACC1123,Dashboard,35,2026-04-07
ACC1381,API_Access,8,2026-04-25
ACC1103,Bulk_Upload,1,2026-04-07
ACC1442,API_Access,39,2026-04-23
ACC1266,Dashboard,11,2026-05-05
ACC1087,API_Access,24,2026-05-04
ACC1305,Dashboard,47,2026-04-27
ACC1272,Report_Gen,57,2026-04-23
ACC1372,Bulk_Upload,5,2026-04-10
ACC1251,Team_Collab,7,2026-05-05
ACC1386,API_Access,39,2026-04-19
ACC1307,API_Access,68,2026-04-28
ACC1023,Dashboard,56,2026-04-13
ACC1331,Dashboard,63,2026-04-25
ACC1313,API_Access,80,2026-04-21
ACC1437,Bulk_Upload,70,2026-04-27
ACC1458,Dashboard,13,2026-04-29
ACC1200,Bulk_Upload,20,2026-04-09
ACC1282,Dashboard,48,2026-04-12
ACC1481,Report_Gen,64,2026-04-30
ACC1329,Report_Gen,93,2026-04-30
ACC1172,Bulk_Upload,24,2026-05-02
ACC1393,Dashboard,86,2026-04-08
ACC1318,Report_Gen,54,2026-04-07
ACC1109,Team_Collab,57,2026-04-12
ACC1389,Team_Collab,33,2026-04-12
ACC1130,Dashboard,15,2026-04-21
ACC1361,Bulk_Upload,81,2026-04-06
ACC1028,API_Access,36,2026-04-26
ACC1351,Bulk_Upload,5,2026-04-17
ACC1129,Team_Collab,31,2026-04-21
ACC1177,Bulk_Upload,37,2026-04-28
ACC1136,API_Access,99,2026-04-27
ACC1059,Team_Collab,28,2026-04-16
ACC1089,Report_Gen,92,2026-04-23
ACC1224,Bulk_Upload,4,2026-05-04
ACC1224,Report_Gen,57,2026-05-01
ACC1310,Bulk_Upload,42,2026-04-27
ACC1123,Report_Gen,32,2026-05-05
ACC1458,Dashboard,51,2026-05-05
ACC1060,Bulk_Upload,85,2026-04-16
ACC1167,Team_Collab,27,2026-04-14
ACC1487,Team_Collab,53,2026-04-07
ACC1283,API_Access,33,2026-04-29
ACC1479,Report_Gen,40,2026-04-16
ACC1090,Report_Gen,59,2026-05-03
ACC1109,Dashboard,5,2026-04-21
ACC1200,Bulk_Upload,33,2026-04-18
ACC1437,Dashboard,92,2026-04-22
ACC1476,API_Access,33,2026-04-23
ACC1023,Report_Gen,21,2026-04-12
ACC1319,API_Access,71,2026-04-20
ACC1082,Team_Collab,76,2026-04-21
ACC1143,API_Access,17,2026-04-18
ACC1240,Report_Gen,54,2026-04-16
ACC1075,Team_Collab,18,2026-05-03
ACC1395,Report_Gen,65,2026-04-24
ACC1462,Report_Gen,20,2026-04-07
ACC1035,API_Access,12,2026-05-02
ACC1209,Bulk_Upload,19,2026-04-19
ACC1046,Report_Gen,78,2026-05-04
ACC1039,Team_Collab,12,2026-04-18
ACC1114,Report_Gen,31,2026-04-22
ACC1046,Bulk_Upload,90,2026-04-12
ACC1030,Bulk_Upload,39,2026-04-14
ACC1390,Report_Gen,89,2026-04-06
ACC1285,Report_Gen,33,2026-05-02
ACC1032,Report_Gen,66,2026-04-12
ACC1453,Report_Gen,31,2026-04-08
ACC1302,Bulk_Upload,44,2026-04-30
ACC1350,Team_Collab,74,2026-04-07
ACC1488,Team_Collab,3,2026-04-20
ACC1012,Bulk_Upload,38,2026-04-23
ACC1285,Team_Collab,97,2026-04-21
ACC1404,Bulk_Upload,5,2026-04-11
ACC1221,Bulk_Upload,62,2026-04-06
ACC1246,Team_Collab,76,2026-04-10
ACC1184,API_Access,66,2026-04-18
ACC1372,Team_Collab,75,2026-04-14
ACC1044,Bulk_Upload,41,2026-04-29
ACC1303,Dashboard,1,2026-04-06
ACC1040,Report_Gen,28,2026-04-23
ACC1097,API_Access,40,2026-05-05
ACC1207,Bulk_Upload,13,2026-05-02
ACC1179,Dashboard,100,2026-04-25
ACC1227,Report_Gen,59,2026-04-24
ACC1103,API_Access,78,2026-05-02
ACC1289,Report_Gen,33,2026-04-18
ACC1358,Bulk_Upload,78,2026-04-08
ACC1079,API_Access,31,2026-04-19
ACC1330,API_Access,42,2026-04-23
ACC1306,Dashboard,99,2026-05-03
ACC1349,Report_Gen,10,2026-04-27
ACC1084,Report_Gen,73,2026-04-19
ACC1188,Bulk_Upload,33,2026-04-25
ACC1300,Report_Gen,19,2026-04-08
ACC1486,API_Access,38,2026-04-15
ACC1497,Report_Gen,54,2026-04-15
ACC1189,Dashboard,3,2026-04-24
ACC1407,Dashboard,28,2026-05-02
ACC1239,API_Access,77,2026-05-05
ACC1434,Dashboard,56,2026-04-19
ACC1028,Team_Collab,90,2026-04-06
ACC1383,Report_Gen,91,2026-04-30
ACC1326,Dashboard,35,2026-04-11
ACC1019,Report_Gen,28,2026-04-18
ACC1305,Team_Collab,79,2026-04-19
ACC1074,Team_Collab,23,2026-04-17
ACC1094,API_Access,89,2026-04-19
ACC1236,Team_Collab,38,2026-04-26
ACC1318,Report_Gen,14,2026-04-26
ACC1446,Bulk_Upload,56,2026-04-19
ACC1230,API_Access,34,2026-04-26
ACC1032,API_Access,54,2026-04-13
ACC1343,Report_Gen,80,2026-04-25
ACC1404,Report_Gen,88,2026-05-04
ACC1489,Report_Gen,77,2026-04-14
ACC1294,Report_Gen,80,2026-04-13
ACC1067,API_Access,100,2026-04-09
ACC1115,Bulk_Upload,80,2026-04-14
ACC1445,Dashboard,69,2026-04-15
ACC1245,Team_Collab,19,2026-04-10
ACC1106,Report_Gen,22,2026-04-08
ACC1297,Bulk_Upload,14,2026-05-03
ACC1275,Dashboard,23,2026-04-29
ACC1475,Dashboard,13,2026-05-05
ACC1111,Team_Collab,7,2026-04-26
ACC1426,API_Access,93,2026-04-23
ACC1049,Bulk_Upload,48,2026-04-26
ACC1021,Report_Gen,19,2026-04-30
ACC1100,Dashboard,6,2026-04-26
ACC1433,Dashboard,80,2026-05-04
ACC1392,Team_Collab,5,2026-04-17
ACC1001,Dashboard,7,2026-04-14
ACC1366,Bulk_Upload,65,2026-04-08
ACC1314,API_Access,75,2026-04-25
ACC1106,Report_Gen,70,2026-05-05
ACC1400,Dashboard,65,2026-04-20
ACC1102,API_Access,31,2026-04-13
ACC1404,API_Access,47,2026-04-10
ACC1439,Bulk_Upload,64,2026-05-01
ACC1371,Report_Gen,33,2026-04-21
ACC1422,Bulk_Upload,5,2026-05-01
ACC1198,API_Access,58,2026-04-15
ACC1481,Dashboard,47,2026-04-29
ACC1319,Team_Collab,82,2026-04-10
ACC1272,Dashboard,6,2026-05-02
ACC1046,Bulk_Upload,3,2026-04-11
ACC1007,Report_Gen,93,2026-04-13
ACC1376,Report_Gen,95,2026-04-25
ACC1083,API_Access,95,2026-04-20
ACC1015,API_Access,24,2026-04-16
ACC1439,Bulk_Upload,21,2026-04-28
ACC1139,Team_Collab,68,2026-04-21
ACC1094,Report_Gen,95,2026-04-07
ACC1048,API_Access,85,2026-05-04
ACC1132,Dashboard,80,2026-05-02
ACC1237,Report_Gen,28,2026-04-09
ACC1150,Report_Gen,82,2026-04-18
ACC1012,Report_Gen,44,2026-05-04
ACC1055,Team_Collab,18,2026-04-28
ACC1308,Dashboard,52,2026-04-09
ACC1058,Bulk_Upload,53,2026-05-02
ACC1310,Bulk_Upload,78,2026-04-23
ACC1452,Dashboard,78,2026-04-28
ACC1060,Dashboard,65,2026-04-21
ACC1149,Report_Gen,50,2026-04-20
ACC1440,API_Access,89,2026-04-22
ACC1219,Report_Gen,37,2026-04-27
ACC1197,Bulk_Upload,64,2026-04-07
ACC1331,Report_Gen,55,2026-05-04
ACC1219,Bulk_Upload,28,2026-05-02
ACC1198,API_Access,15,2026-04-29
ACC1146,Team_Collab,79,2026-04-21
ACC1145,Dashboard,33,2026-05-04
ACC1018,Bulk_Upload,65,2026-05-01
ACC1273,API_Access,24,2026-04-09
ACC1439,Dashboard,5,2026-04-20
ACC1296,Dashboard,51,2026-04-10
ACC1228,Report_Gen,64,2026-04-23
ACC1420,Report_Gen,20,2026-04-21
ACC1092,Report_Gen,60,2026-04-12
ACC1082,Report_Gen,68,2026-05-03
ACC1442,Dashboard,73,2026-04-09
ACC1102,Report_Gen,24,2026-04-15
ACC1458,API_Access,26,2026-04-21
ACC1464,Bulk_Upload,52,2026-04-21
ACC1183,Report_Gen,8,2026-04-30
ACC1186,Team_Collab,1,2026-04-18
ACC1389,Dashboard,7,2026-04-21
ACC1223,Report_Gen,87,2026-04-28
ACC1319,Report_Gen,19,2026-04-16
ACC1497,Team_Collab,50,2026-04-17
ACC1301,Team_Collab,8,2026-04-09
ACC1009,API_Access,46,2026-04-18
ACC1110,Report_Gen,22,2026-05-02
ACC1145,Team_Collab,97,2026-04-06
ACC1439,Team_Collab,86,2026-04-15
ACC1216,Team_Collab,64,2026-04-20
ACC1096,Dashboard,75,2026-04-23
ACC1220,API_Access,90,2026-04-27
ACC1154,Bulk_Upload,5,2026-04-14
ACC1250,API_Access,90,2026-04-19
ACC1471,Dashboard,29,2026-05-02
ACC1037,Bulk_Upload,89,2026-04-18
ACC1459,API_Access,2,2026-04-12
ACC1150,Report_Gen,56,2026-04-29
ACC1091,Report_Gen,69,2026-04-11
ACC1045,Bulk_Upload,28,2026-05-02
ACC1410,API_Access,19,2026-04-19
ACC1200,Report_Gen,6,2026-04-09
ACC1328,Team_Collab,76,2026-04-22
ACC1459,API_Access,54,2026-04-22
ACC1183,Dashboard,98,2026-04-06
ACC1402,Dashboard,23,2026-04-23
ACC1403,Team_Collab,26,2026-04-22
ACC1430,Bulk_Upload,44,2026-04-28
ACC1034,Team_Collab,60,2026-04-27
ACC1309,Dashboard,98,2026-05-03
ACC1126,Dashboard,96,2026-04-19
ACC1004,Team_Collab,54,2026-04-29
ACC1257,Report_Gen,33,2026-04-15
ACC1225,Team_Collab,18,2026-04-14
ACC1001,Bulk_Upload,78,2026-05-03
ACC1174,Dashboard,32,2026-04-14
ACC1397,Team_Collab,92,2026-04-07
ACC1100,Report_Gen,7,2026-04-09
ACC1460,Bulk_Upload,98,2026-05-03
ACC1042,API_Access,62,2026-04-18
ACC1084,Bulk_Upload,3,2026-05-03
ACC1161,Bulk_Upload,78,2026-05-04
ACC1039,Dashboard,51,2026-04-08
ACC1383,Bulk_Upload,28,2026-04-19
ACC1454,Team_Collab,54,2026-04-30
ACC1395,Report_Gen,65,2026-04-17
ACC1462,Report_Gen,92,2026-04-24
ACC1107,API_Access,29,2026-04-20
ACC1079,Bulk_Upload,51,2026-04-18
ACC1426,API_Access,25,2026-05-05
ACC1309,Report_Gen,54,2026-04-12
ACC1177,Team_Collab,35,2026-04-19
ACC1492,Dashboard,98,2026-04-10
ACC1012,Dashboard,1,2026-04-10
ACC1331,API_Access,12,2026-04-10
ACC1266,Team_Collab,72,2026-04-15
ACC1433,Report_Gen,75,2026-05-04
ACC1006,API_Access,65,2026-05-01
ACC1464,Team_Collab,67,2026-04-26
ACC1271,Report_Gen,71,2026-04-23
ACC1351,Bulk_Upload,38,2026-04-24
ACC1335,Team_Collab,72,2026-04-14
ACC1455,Bulk_Upload,93,2026-05-05
ACC1255,Dashboard,64,2026-05-01
ACC1096,Report_Gen,82,2026-04-27
ACC1138,API_Access,19,2026-04-19
ACC1068,Dashboard,35,2026-04-27
ACC1197,Team_Collab,16,2026-04-11
ACC1049,Report_Gen,83,2026-04-24
ACC1176,Dashboard,33,2026-04-15
ACC1006,Bulk_Upload,44,2026-04-19
ACC1037,Bulk_Upload,32,2026-05-01
ACC1097,Report_Gen,81,2026-04-20
ACC1383,Team_Collab,36,2026-05-05
ACC1204,Dashboard,39,2026-04-13
ACC1038,API_Access,12,2026-04-18
ACC1184,Report_Gen,68,2026-04-10
ACC1391,Team_Collab,16,2026-04-08
ACC1402,Bulk_Upload,48,2026-04-06
ACC1269,API_Access,37,2026-04-07
ACC1204,API_Access,37,2026-04-07
ACC1145,Report_Gen,32,2026-04-19
ACC1030,API_Access,71,2026-04-06
ACC1211,Dashboard,1,2026-04-17
ACC1063,API_Access,28,2026-04-20
ACC1492,Bulk_Upload,33,2026-05-01
ACC1221,Bulk_Upload,47,2026-04-19
ACC1081,Team_Collab,56,2026-04-08
ACC1272,API_Access,8,2026-04-17
ACC1098,Bulk_Upload,54,2026-04-28
ACC1474,Team_Collab,45,2026-04-18
ACC1149,Dashboard,81,2026-05-04
ACC1108,Bulk_Upload,13,2026-04-30
ACC1383,Report_Gen,30,2026-04-11
ACC1122,Bulk_Upload,82,2026-04-19
ACC1097,Dashboard,89,2026-04-23
ACC1262,Report_Gen,40,2026-04-29
ACC1258,API_Access,50,2026-05-02
ACC1087,Bulk_Upload,51,2026-05-05
ACC1451,Team_Collab,12,2026-05-03
ACC1226,API_Access,64,2026-04-09
ACC1277,Report_Gen,73,2026-04-14
ACC1166,API_Access,16,2026-05-03
ACC1482,Bulk_Upload,87,2026-05-01
ACC1369,Dashboard,98,2026-04-20
ACC1414,Dashboard,25,2026-04-28
ACC1065,Report_Gen,15,2026-04-21
ACC1368,Bulk_Upload,93,2026-04-11
ACC1474,API_Access,90,2026-04-30
ACC1451,Team_Collab,82,2026-04-12
ACC1313,Report_Gen,21,2026-04-13
ACC1093,Bulk_Upload,78,2026-04-25
ACC1216,Dashboard,15,2026-04-25
ACC1225,Bulk_Upload,79,2026-05-01
ACC1368,API_Access,14,2026-04-10
ACC1417,Team_Collab,95,2026-04-29
ACC1407,API_Access,38,2026-04-10
ACC1398,Report_Gen,25,2026-05-01
ACC1049,Bulk_Upload,40,2026-05-01
ACC1322,API_Access,54,2026-04-29
ACC1049,Bulk_Upload,90,2026-05-04
ACC1113,Bulk_Upload,1,2026-04-25
ACC1294,Team_Collab,55,2026-04-12
ACC1202,API_Access,16,2026-04-25
ACC1076,Team_Collab,45,2026-04-07
ACC1127,Team_Collab,66,2026-04-17
ACC1333,API_Access,56,2026-04-18
ACC1233,Bulk_Upload,84,2026-04-07
ACC1248,Report_Gen,84,2026-04-13
ACC1130,Report_Gen,13,2026-04-17
ACC1067,API_Access,62,2026-05-03
ACC1279,Report_Gen,35,2026-04-29
ACC1107,Report_Gen,28,2026-04-09
ACC1270,API_Access,74,2026-04-12
ACC1107,Dashboard,48,2026-04-18
ACC1427,API_Access,24,2026-04-11
ACC1305,Dashboard,84,2026-04-09
ACC1003,API_Access,79,2026-04-16
ACC1405,Bulk_Upload,57,2026-04-24
ACC1331,Report_Gen,68,2026-04-09
ACC1225,Team_Collab,77,2026-04-30
ACC1232,Report_Gen,52,2026-04-06
ACC1485,API_Access,53,2026-04-13
ACC1429,Dashboard,58,2026-04-12
ACC1060,Bulk_Upload,95,2026-04-06
ACC1174,Report_Gen,72,2026-04-07
ACC1373,API_Access,77,2026-04-22
ACC1238,Bulk_Upload,8,2026-04-21
ACC1004,Bulk_Upload,74,2026-04-07
ACC1155,Team_Collab,36,2026-05-04
ACC1196,Dashboard,64,2026-05-01
ACC1483,Bulk_Upload,46,2026-05-01
ACC1216,Team_Collab,99,2026-04-16
ACC1413,Team_Collab,18,2026-05-01
ACC1409,Report_Gen,26,2026-04-30
ACC1036,Bulk_Upload,39,2026-04-28
ACC1065,Bulk_Upload,83,2026-04-15
ACC1109,Bulk_Upload,15,2026-04-19
ACC1105,Bulk_Upload,80,2026-04-24
ACC1253,Dashboard,63,2026-04-15
ACC1490,Dashboard,45,2026-04-08
ACC1101,Bulk_Upload,45,2026-04-25
ACC1086,Bulk_Upload,50,2026-04-13
ACC1046,Bulk_Upload,40,2026-04-28
ACC1404,API_Access,85,2026-04-26
ACC1181,Team_Collab,14,2026-04-18
ACC1056,Dashboard,75,2026-04-17
ACC1128,Report_Gen,76,2026-04-11
ACC1263,Report_Gen,43,2026-05-03
ACC1072,API_Access,5,2026-04-23
ACC1156,Team_Collab,32,2026-05-01
ACC1145,Dashboard,86,2026-04-30
ACC1246,Dashboard,47,2026-04-30
ACC1203,Team_Collab,88,2026-04-12
ACC1077,Bulk_Upload,91,2026-04-18
ACC1325,API_Access,11,2026-04-24
ACC1255,Report_Gen,65,2026-04-29
ACC1132,API_Access,67,2026-04-25
ACC1120,Team_Collab,29,2026-04-28
ACC1450,Report_Gen,95,2026-04-22
ACC1049,Report_Gen,72,2026-04-10
ACC1263,Report_Gen,16,2026-04-29
ACC1173,Report_Gen,5,2026-04-16
ACC1346,API_Access,93,2026-04-12
ACC1104,Bulk_Upload,30,2026-04-11
ACC1418,Dashboard,21,2026-04-12
ACC1426,Dashboard,64,2026-04-06
ACC1113,Team_Collab,87,2026-05-01
ACC1001,Bulk_Upload,16,2026-04-11
ACC1210,Report_Gen,26,2026-04-23
ACC1004,API_Access,82,2026-04-16
ACC1183,Dashboard,25,2026-04-11
ACC1352,API_Access,84,2026-04-06
ACC1226,Team_Collab,7,2026-04-18
ACC1192,API_Access,95,2026-04-10
ACC1274,API_Access,65,2026-04-11
ACC1095,Team_Collab,58,2026-04-14
ACC1492,Bulk_Upload,19,2026-04-12
ACC1051,Report_Gen,83,2026-04-24
ACC1041,Bulk_Upload,87,2026-04-08
ACC1434,API_Access,24,2026-04-10
ACC1079,Report_Gen,91,2026-04-11
ACC1441,Dashboard,88,2026-04-20
ACC1189,Team_Collab,73,2026-04-09
ACC1309,API_Access,63,2026-04-13
ACC1465,Dashboard,99,2026-05-02
ACC1218,Team_Collab,33,2026-04-06
ACC1280,Team_Collab,29,2026-04-30
ACC1161,Team_Collab,68,2026-05-05
ACC1283,Dashboard,4,2026-04-15
ACC1403,Report_Gen,56,2026-04-07
ACC1491,Report_Gen,15,2026-04-10
ACC1351,Bulk_Upload,82,2026-05-02
ACC1119,API_Access,37,2026-04-19
ACC1096,API_Access,99,2026-05-03
ACC1165,API_Access,94,2026-04-10
ACC1346,Report_Gen,65,2026-04-26
ACC1376,Bulk_Upload,79,2026-04-22
ACC1114,API_Access,18,2026-04-27
ACC1215,Dashboard,69,2026-04-06
ACC1363,Team_Collab,56,2026-04-11
ACC1297,API_Access,46,2026-04-12
ACC1484,API_Access,8,2026-05-04
ACC1094,Report_Gen,59,2026-05-05
ACC1224,Report_Gen,100,2026-04-07
ACC1394,Report_Gen,2,2026-04-08
ACC1409,Team_Collab,43,2026-04-06
ACC1094,API_Access,12,2026-04-25
ACC1406,Bulk_Upload,6,2026-04-10
ACC1325,API_Access,71,2026-04-28
ACC1201,Team_Collab,9,2026-04-25
ACC1006,API_Access,51,2026-05-04
ACC1320,Dashboard,77,2026-04-14
ACC1244,API_Access,5,2026-04-27
ACC1446,API_Access,84,2026-04-09
ACC1424,Dashboard,59,2026-04-06
ACC1097,Bulk_Upload,45,2026-05-01
ACC1119,Dashboard,16,2026-04-27
ACC1033,Dashboard,81,2026-04-25
ACC1122,API_Access,74,2026-04-08
ACC1275,Report_Gen,58,2026-05-02
ACC1467,Dashboard,90,2026-04-28
ACC1184,Bulk_Upload,53,2026-04-09
ACC1215,API_Access,89,2026-04-18
ACC1286,Report_Gen,20,2026-04-23
ACC1001,Bulk_Upload,14,2026-04-23
ACC1437,Dashboard,24,2026-04-08
ACC1338,Team_Collab,43,2026-04-18
ACC1323,API_Access,98,2026-04-17
ACC1495,Report_Gen,96,2026-04-16
ACC1218,Dashboard,92,2026-04-15
ACC1123,Team_Collab,46,2026-04-09
ACC1349,Bulk_Upload,74,2026-04-19
ACC1483,Team_Collab,3,2026-04-28
ACC1371,Report_Gen,1,2026-04-29
ACC1217,Dashboard,41,2026-05-02
ACC1234,Report_Gen,68,2026-04-25
ACC1237,Team_Collab,54,2026-04-19
ACC1285,Bulk_Upload,24,2026-04-14
ACC1056,Team_Collab,96,2026-04-18
ACC1071,API_Access,30,2026-05-03
ACC1449,Report_Gen,66,2026-04-07
ACC1166,Team_Collab,98,2026-05-01
ACC1468,API_Access,5,2026-05-01
ACC1186,Bulk_Upload,41,2026-04-19
ACC1223,Team_Collab,96,2026-04-15
ACC1161,API_Access,47,2026-04-08
ACC1224,Report_Gen,9,2026-04-11
ACC1065,API_Access,48,2026-04-19
ACC1243,API_Access,51,2026-04-08
ACC1005,API_Access,59,2026-05-04
ACC1167,Bulk_Upload,78,2026-04-19
ACC1450,Dashboard,19,2026-04-21
ACC1124,API_Access,47,2026-04-30
ACC1341,Team_Collab,35,2026-04-29
ACC1233,Dashboard,9,2026-05-01
ACC1047,Team_Collab,44,2026-04-20
ACC1209,API_Access,92,2026-05-04
ACC1286,Report_Gen,17,2026-04-30
ACC1392,API_Access,69,2026-04-22
ACC1442,Dashboard,31,2026-04-20
ACC1043,Bulk_Upload,49,2026-05-02
ACC1393,Report_Gen,12,2026-04-29
ACC1195,Bulk_Upload,10,2026-04-16
ACC1450,Bulk_Upload,100,2026-04-28
ACC1030,API_Access,18,2026-05-05
ACC1126,Bulk_Upload,62,2026-04-15
ACC1019,Report_Gen,57,2026-04-25
ACC1060,Dashboard,27,2026-04-16
ACC1218,Team_Collab,78,2026-04-11
ACC1213,API_Access,57,2026-04-18
ACC1164,Report_Gen,40,2026-04-25
ACC1161,API_Access,37,2026-05-01
ACC1324,Dashboard,47,2026-04-11
ACC1100,API_Access,54,2026-04-08
ACC1039,API_Access,86,2026-04-24
ACC1138,Bulk_Upload,89,2026-04-21
ACC1283,Dashboard,84,2026-04-14
ACC1451,Bulk_Upload,52,2026-04-24
ACC1263,Team_Collab,13,2026-04-25
ACC1215,Bulk_Upload,5,2026-04-20
ACC1344,Dashboard,78,2026-05-04
ACC1244,API_Access,92,2026-04-10
ACC1237,API_Access,39,2026-04-25
ACC1161,Bulk_Upload,73,2026-05-05
ACC1243,Report_Gen,92,2026-04-20
ACC1373,Dashboard,96,2026-04-17
ACC1025,Report_Gen,38,2026-05-02
ACC1263,Report_Gen,60,2026-04-23
ACC1388,Team_Collab,51,2026-04-12
ACC1187,Report_Gen,44,2026-05-05
ACC1100,Team_Collab,39,2026-05-02
ACC1011,Team_Collab,12,2026-04-29
ACC1317,Report_Gen,77,2026-04-06
ACC1188,Report_Gen,42,2026-04-06
ACC1433,Bulk_Upload,37,2026-04-26
ACC1373,Team_Collab,89,2026-04-29
ACC1273,Team_Collab,21,2026-04-29
ACC1470,Dashboard,39,2026-04-28
ACC1288,Team_Collab,60,2026-05-04
ACC1262,API_Access,90,2026-05-02
ACC1144,Team_Collab,37,2026-04-18
ACC1159,Dashboard,53,2026-04-11
ACC1363,Bulk_Upload,25,2026-04-21
ACC1276,Dashboard,26,2026-04-06
ACC1069,Bulk_Upload,55,2026-04-09
ACC1300,Bulk_Upload,60,2026-04-20
ACC1009,Dashboard,27,2026-04-20
ACC1198,Report_Gen,40,2026-04-26
ACC1148,Dashboard,97,2026-05-03
ACC1401,API_Access,34,2026-04-07
ACC1153,Dashboard,42,2026-04-13
ACC1168,Bulk_Upload,61,2026-04-08
ACC1130,Team_Collab,21,2026-04-21
ACC1115,Team_Collab,52,2026-04-17
ACC1412,Team_Collab,49,2026-05-03
ACC1268,API_Access,49,2026-05-03
ACC1366,Dashboard,58,2026-04-20
ACC1387,API_Access,11,2026-04-17
ACC1074,Report_Gen,49,2026-04-19
ACC1281,API_Access,19,2026-04-26
ACC1351,Dashboard,3,2026-04-14
ACC1284,Team_Collab,39,2026-04-26
ACC1106,Team_Collab,88,2026-04-24
ACC1398,Team_Collab,68,2026-04-11
ACC1313,API_Access,38,2026-04-19
ACC1263,Bulk_Upload,54,2026-05-03
ACC1108,Report_Gen,74,2026-04-12
ACC1196,Dashboard,17,2026-04-06
ACC1111,Dashboard,97,2026-04-30
ACC1097,Dashboard,63,2026-04-22
ACC1409,Bulk_Upload,8,2026-04-15
ACC1220,Dashboard,3,2026-04-08
ACC1383,Bulk_Upload,96,2026-04-30
ACC1089,Team_Collab,80,2026-04-23
ACC1381,API_Access,89,2026-04-28
ACC1475,Bulk_Upload,98,2026-04-10
ACC1416,Team_Collab,41,2026-04-27
ACC1256,Report_Gen,23,2026-04-27
ACC1331,Report_Gen,85,2026-04-25
ACC1231,API_Access,78,2026-04-23
ACC1484,API_Access,100,2026-04-20
ACC1118,Bulk_Upload,49,2026-04-24
ACC1306,API_Access,32,2026-04-16
ACC1011,Dashboard,10,2026-05-03
ACC1114,Dashboard,1,2026-05-01
ACC1070,Bulk_Upload,79,2026-04-19
ACC1384,API_Access,39,2026-04-09
ACC1003,Bulk_Upload,100,2026-04-18
ACC1102,API_Access,25,2026-04-14
ACC1195,Bulk_Upload,100,2026-04-10
ACC1242,Dashboard,7,2026-04-29
ACC1401,Dashboard,45,2026-04-29
ACC1185,Bulk_Upload,34,2026-04-27
ACC1490,API_Access,62,2026-04-13
ACC1464,API_Access,53,2026-04-27
ACC1487,Dashboard,68,2026-04-26
ACC1170,Bulk_Upload,24,2026-05-02
ACC1495,Team_Collab,18,2026-04-18
ACC1440,Team_Collab,11,2026-04-09
ACC1167,Report_Gen,75,2026-04-20
ACC1479,API_Access,89,2026-04-23
ACC1095,Team_Collab,74,2026-04-06
ACC1178,API_Access,37,2026-05-05
ACC1053,Report_Gen,40,2026-05-01
ACC1459,Report_Gen,61,2026-04-30
ACC1291,API_Access,2,2026-04-11
ACC1447,Team_Collab,62,2026-04-14
ACC1329,API_Access,84,2026-04-17
ACC1209,Dashboard,24,2026-04-10
ACC1407,Report_Gen,81,2026-04-12
ACC1406,Team_Collab,23,2026-04-28
ACC1061,Bulk_Upload,99,2026-05-01
ACC1350,Team_Collab,31,2026-04-28
ACC1445,Report_Gen,8,2026-04-18
ACC1054,Bulk_Upload,31,2026-04-21
ACC1427,API_Access,57,2026-04-30
ACC1462,Bulk_Upload,93,2026-04-21
ACC1376,Report_Gen,89,2026-04-22
ACC1374,Bulk_Upload,27,2026-04-07
ACC1478,Dashboard,97,2026-04-21
ACC1373,Bulk_Upload,19,2026-04-10
ACC1229,Report_Gen,25,2026-04-08
ACC1448,Team_Collab,93,2026-04-15
ACC1199,Report_Gen,50,2026-04-15
ACC1196,API_Access,22,2026-04-20
ACC1301,Team_Collab,98,2026-04-11
ACC1312,Dashboard,87,2026-04-13
ACC1158,Bulk_Upload,3,2026-04-09
ACC1025,Report_Gen,59,2026-04-27
ACC1390,Bulk_Upload,65,2026-05-05
ACC1416,API_Access,46,2026-04-11
ACC1144,Bulk_Upload,38,2026-04-23
ACC1437,Team_Collab,94,2026-04-08
ACC1308,Dashboard,88,2026-04-24
ACC1326,API_Access,100,2026-04-18
ACC1204,Team_Collab,22,2026-04-07
ACC1328,Report_Gen,89,2026-04-29
ACC1321,Report_Gen,31,2026-04-15
ACC1195,API_Access,8,2026-04-17
ACC1010,API_Access,6,2026-04-13
ACC1215,Team_Collab,71,2026-04-25
ACC1065,Report_Gen,26,2026-04-24
ACC1201,API_Access,24,2026-04-14
ACC1384,Report_Gen,68,2026-04-27
ACC1067,Team_Collab,80,2026-04-27
ACC1428,Bulk_Upload,70,2026-04-20
ACC1340,Team_Collab,91,2026-04-24
ACC1425,Bulk_Upload,9,2026-04-20
ACC1059,API_Access,5,2026-04-19
ACC1422,API_Access,16,2026-04-22
ACC1075,Dashboard,83,2026-05-02
ACC1424,API_Access,19,2026-04-17
ACC1196,Bulk_Upload,19,2026-04-11
ACC1471,API_Access,96,2026-04-09
ACC1160,Report_Gen,89,2026-04-18
ACC1119,Dashboard,79,2026-04-25
ACC1346,Bulk_Upload,57,2026-04-11
ACC1341,Team_Collab,42,2026-04-26
ACC1273,Team_Collab,40,2026-05-05
ACC1371,Dashboard,50,2026-04-27
ACC1097,API_Access,33,2026-04-19
ACC1324,API_Access,33,2026-04-29
ACC1034,Bulk_Upload,71,2026-04-07
ACC1170,Bulk_Upload,49,2026-04-18
ACC1358,API_Access,99,2026-04-20
ACC1205,API_Access,73,2026-04-26
ACC1426,Bulk_Upload,51,2026-04-17
ACC1118,API_Access,91,2026-04-25
ACC1487,API_Access,7,2026-04-29
ACC1478,API_Access,5,2026-04-16
ACC1274,Team_Collab,27,2026-04-12
ACC1181,Dashboard,7,2026-04-24
ACC1019,Bulk_Upload,90,2026-05-03
ACC1195,Bulk_Upload,10,2026-04-22
ACC1026,Dashboard,14,2026-04-11
ACC1411,Report_Gen,57,2026-04-27
ACC1256,API_Access,12,2026-04-15
ACC1404,API_Access,61,2026-04-22
ACC1042,Report_Gen,63,2026-04-14
ACC1168,API_Access,26,2026-04-27
ACC1408,Bulk_Upload,87,2026-04-25
ACC1468,Team_Collab,11,2026-04-15
ACC1445,Dashboard,44,2026-04-18
ACC1178,Team_Collab,77,2026-04-15
ACC1231,API_Access,2,2026-05-05
ACC1328,Bulk_Upload,31,2026-04-28
ACC1381,Report_Gen,83,2026-04-16
ACC1364,Team_Collab,34,2026-04-08
ACC1172,Team_Collab,45,2026-05-01
ACC1371,Report_Gen,31,2026-04-09
ACC1009,Report_Gen,52,2026-05-03
ACC1377,Team_Collab,10,2026-04-25
ACC1197,Dashboard,84,2026-04-18
ACC1247,Team_Collab,10,2026-04-16
ACC1094,Report_Gen,62,2026-04-14
ACC1135,API_Access,72,2026-05-02
ACC1266,API_Access,19,2026-04-14
ACC1320,Report_Gen,60,2026-04-24
ACC1188,Bulk_Upload,92,2026-05-03
ACC1113,Bulk_Upload,24,2026-04-10
ACC1262,Dashboard,1,2026-04-10
ACC1478,Dashboard,6,2026-04-22
ACC1405,API_Access,16,2026-04-26
ACC1263,API_Access,74,2026-04-07
ACC1141,Bulk_Upload,95,2026-04-27
ACC1332,Bulk_Upload,69,2026-04-19
ACC1215,Bulk_Upload,33,2026-04-08
ACC1075,API_Access,98,2026-04-20
ACC1270,API_Access,97,2026-04-14
ACC1390,API_Access,82,2026-04-28
ACC1423,API_Access,37,2026-04-21
ACC1211,Team_Collab,46,2026-05-04
ACC1216,Dashboard,43,2026-04-06
ACC1006,Dashboard,32,2026-04-11
ACC1491,Team_Collab,11,2026-04-14
ACC1028,Dashboard,8,2026-04-25
ACC1287,Bulk_Upload,82,2026-04-20
ACC1460,Report_Gen,89,2026-04-25
ACC1150,Bulk_Upload,46,2026-04-12
ACC1205,Dashboard,62,2026-04-25
ACC1268,Dashboard,92,2026-04-23
ACC1348,Team_Collab,73,2026-04-09
ACC1413,Team_Collab,90,2026-04-19
ACC1258,Bulk_Upload,91,2026-04-21
ACC1321,Bulk_Upload,75,2026-04-15
ACC1316,Report_Gen,21,2026-05-05
ACC1187,Team_Collab,5,2026-05-01
ACC1068,API_Access,14,2026-04-28
ACC1144,Dashboard,1,2026-04-20
ACC1405,Dashboard,82,2026-04-28
ACC1469,Bulk_Upload,47,2026-04-09
ACC1272,Team_Collab,51,2026-04-18
ACC1366,Team_Collab,92,2026-05-03
ACC1261,Report_Gen,79,2026-04-11
ACC1415,API_Access,90,2026-04-14
ACC1206,Bulk_Upload,9,2026-04-26
ACC1196,Report_Gen,69,2026-04-10
ACC1344,Report_Gen,45,2026-05-04
ACC1281,Dashboard,28,2026-04-10
ACC1235,Dashboard,36,2026-04-23
ACC1003,API_Access,71,2026-04-15
ACC1192,Bulk_Upload,29,2026-04-24
ACC1438,Bulk_Upload,90,2026-04-06
ACC1158,Team_Collab,12,2026-04-13
ACC1083,API_Access,1,2026-04-24
ACC1055,Report_Gen,43,2026-04-07
ACC1371,API_Access,38,2026-04-09
ACC1128,Team_Collab,71,2026-04-12
ACC1011,API_Access,78,2026-04-08
ACC1352,Bulk_Upload,57,2026-05-05
ACC1476,Bulk_Upload,16,2026-04-13
ACC1220,API_Access,91,2026-04-18
ACC1370,API_Access,51,2026-04-13
ACC1310,Bulk_Upload,89,2026-04-15
ACC1403,Dashboard,100,2026-04-13
ACC1258,Dashboard,86,2026-04-27
ACC1400,Report_Gen,10,2026-04-23
ACC1058,Bulk_Upload,61,2026-05-05
ACC1188,Bulk_Upload,4,2026-04-06
ACC1271,Report_Gen,3,2026-04-07
ACC1420,Report_Gen,7,2026-05-04
ACC1323,Dashboard,7,2026-04-27
ACC1143,Dashboard,75,2026-04-30
ACC1235,API_Access,76,2026-04-28
ACC1237,Bulk_Upload,67,2026-04-30
ACC1375,Report_Gen,52,2026-04-22
ACC1090,Bulk_Upload,37,2026-04-11
ACC1151,API_Access,76,2026-04-26
ACC1030,Team_Collab,51,2026-04-14
ACC1062,Report_Gen,74,2026-04-15
ACC1247,Dashboard,88,2026-04-07
ACC1132,Bulk_Upload,91,2026-04-14
ACC1166,Team_Collab,22,2026-04-14
ACC1209,Bulk_Upload,77,2026-04-06
ACC1465,API_Access,23,2026-04-06
ACC1278,Bulk_Upload,96,2026-04-28
ACC1243,Report_Gen,45,2026-04-22
ACC1174,Report_Gen,60,2026-04-14
ACC1168,Report_Gen,3,2026-04-28
ACC1433,Dashboard,5,2026-04-23
ACC1085,Bulk_Upload,86,2026-04-08
ACC1422,Dashboard,5,2026-04-26
ACC1001,Dashboard,48,2026-05-04
ACC1113,Dashboard,78,2026-05-02
ACC1248,Team_Collab,33,2026-04-18
ACC1398,Team_Collab,59,2026-04-06
ACC1271,Bulk_Upload,32,2026-05-03
ACC1289,Report_Gen,37,2026-05-04
ACC1048,API_Access,24,2026-04-12
ACC1168,Report_Gen,44,2026-04-06
ACC1368,Bulk_Upload,20,2026-04-22
ACC1301,Bulk_Upload,2,2026-04-20
ACC1352,Dashboard,29,2026-04-29
ACC1075,Report_Gen,88,2026-04-21
ACC1350,Team_Collab,55,2026-04-06
ACC1244,Report_Gen,84,2026-05-02
ACC1444,Report_Gen,16,2026-05-02
ACC1080,Bulk_Upload,82,2026-05-03
ACC1014,Dashboard,82,2026-04-11
ACC1348,Team_Collab,89,2026-05-03
ACC1233,Team_Collab,91,2026-04-21
ACC1126,API_Access,4,2026-04-13
ACC1321,Dashboard,61,2026-04-06
ACC1253,Dashboard,20,2026-04-19
ACC1374,Report_Gen,88,2026-04-09
ACC1016,Report_Gen,71,2026-04-09
ACC1167,Report_Gen,33,2026-05-02
ACC1018,Report_Gen,23,2026-05-03
ACC1082,Dashboard,73,2026-04-27
ACC1176,Report_Gen,14,2026-04-22
ACC1402,Dashboard,90,2026-04-10
ACC1408,Report_Gen,89,2026-04-21
ACC1093,Team_Collab,45,2026-05-01
ACC1131,Dashboard,65,2026-04-27
ACC1085,Bulk_Upload,8,2026-04-25
ACC1248,Bulk_Upload,95,2026-04-08
ACC1253,Report_Gen,64,2026-04-25
ACC1128,API_Access,84,2026-04-11
ACC1410,Bulk_Upload,49,2026-04-09
ACC1119,Dashboard,93,2026-04-06
ACC1194,API_Access,50,2026-04-08
ACC1015,Report_Gen,38,2026-04-30
ACC1108,Bulk_Upload,47,2026-04-08
ACC1386,Team_Collab,18,2026-04-19
ACC1001,Bulk_Upload,87,2026-04-16
ACC1471,Team_Collab,71,2026-05-01
ACC1300,API_Access,58,2026-05-02
ACC1123,Bulk_Upload,15,2026-04-24
ACC1071,Dashboard,23,2026-04-19
ACC1070,Bulk_Upload,51,2026-05-05
ACC1079,Team_Collab,87,2026-04-29
ACC1142,Dashboard,93,2026-04-16
ACC1380,Dashboard,56,2026-04-26
ACC1211,Dashboard,14,2026-04-22
ACC1130,Dashboard,17,2026-04-25
ACC1443,Team_Collab,80,2026-04-14
ACC1038,Report_Gen,86,2026-04-17
ACC1238,API_Access,82,2026-04-21
ACC1177,Dashboard,100,2026-04-22
ACC1399,Report_Gen,94,2026-04-20
ACC1149,Dashboard,38,2026-04-10
ACC1121,Team_Collab,7,2026-04-24
ACC1470,Bulk_Upload,7,2026-04-17
ACC1334,Team_Collab,44,2026-04-16
ACC1446,Report_Gen,68,2026-04-21
ACC1049,Bulk_Upload,41,2026-04-23
ACC1044,Bulk_Upload,80,2026-04-27
ACC1363,Bulk_Upload,68,2026-05-01
ACC1320,Bulk_Upload,3,2026-04-23
ACC1056,Dashboard,11,2026-04-15
ACC1347,Bulk_Upload,5,2026-04-11
ACC1384,Team_Collab,35,2026-04-15
ACC1157,Report_Gen,39,2026-04-15
ACC1339,Bulk_Upload,77,2026-04-25
ACC1280,Team_Collab,47,2026-04-16
ACC1371,Dashboard,61,2026-04-16
ACC1411,Report_Gen,71,2026-05-05
ACC1225,Bulk_Upload,67,2026-04-26
ACC1423,Bulk_Upload,62,2026-05-03
ACC1442,Team_Collab,59,2026-04-10
ACC1114,Team_Collab,12,2026-04-19
ACC1293,Team_Collab,62,2026-05-03
ACC1202,Dashboard,79,2026-05-01
ACC1154,API_Access,93,2026-04-27
ACC1021,Bulk_Upload,97,2026-05-04
ACC1440,Report_Gen,20,2026-05-02
ACC1494,Dashboard,44,2026-04-06
ACC1239,Bulk_Upload,37,2026-04-13
ACC1107,Bulk_Upload,71,2026-05-05
ACC1480,Team_Collab,9,2026-04-16
ACC1362,API_Access,46,2026-04-08
ACC1037,Team_Collab,59,2026-05-01
ACC1470,Team_Collab,15,2026-04-09
ACC1030,Team_Collab,17,2026-04-19
ACC1440,Bulk_Upload,13,2026-04-07
ACC1446,Bulk_Upload,81,2026-04-29
ACC1081,Team_Collab,9,2026-04-09
ACC1028,Team_Collab,69,2026-05-01
ACC1409,Team_Collab,14,2026-04-21
ACC1191,Bulk_Upload,63,2026-04-13
ACC1411,Dashboard,31,2026-04-20
ACC1083,Report_Gen,73,2026-04-23
ACC1197,Team_Collab,72,2026-04-17
ACC1115,API_Access,87,2026-04-19
ACC1226,Dashboard,16,2026-04-30
ACC1221,Bulk_Upload,60,2026-04-25
ACC1329,Bulk_Upload,99,2026-04-20
ACC1358,Report_Gen,27,2026-05-02
ACC1375,Report_Gen,17,2026-05-05
ACC1303,Dashboard,73,2026-04-08
ACC1426,API_Access,77,2026-04-23
ACC1065,API_Access,91,2026-04-30
ACC1453,Dashboard,12,2026-04-28
ACC1247,Dashboard,62,2026-05-01
ACC1497,Report_Gen,50,2026-04-18
ACC1448,Team_Collab,10,2026-04-16
ACC1278,Report_Gen,55,2026-04-18
ACC1174,Team_Collab,93,2026-04-12
ACC1043,Bulk_Upload,31,2026-04-15
ACC1373,API_Access,65,2026-04-15
ACC1085,Bulk_Upload,48,2026-05-04
ACC1460,Dashboard,6,2026-04-30
ACC1304,API_Access,87,2026-04-14
ACC1304,Team_Collab,47,2026-04-18
ACC1050,Report_Gen,22,2026-04-26
ACC1393,Team_Collab,58,2026-05-05
ACC1254,Report_Gen,55,2026-04-14
ACC1361,Bulk_Upload,66,2026-04-08
ACC1276,API_Access,18,2026-04-26
ACC1187,Report_Gen,1,2026-05-02
ACC1042,Dashboard,33,2026-04-07
ACC1004,API_Access,50,2026-04-27
ACC1460,Bulk_Upload,75,2026-04-20
ACC1225,Dashboard,85,2026-04-19
ACC1171,Dashboard,88,2026-04-23
ACC1010,Report_Gen,96,2026-04-08
ACC1067,Team_Collab,26,2026-04-14
ACC1268,Report_Gen,20,2026-04-13
ACC1456,Bulk_Upload,6,2026-04-07
ACC1300,Team_Collab,5,2026-04-21
ACC1369,API_Access,80,2026-04-07
ACC1162,Dashboard,98,2026-05-05
ACC1079,Report_Gen,32,2026-04-29
ACC1308,Report_Gen,81,2026-04-28
ACC1047,Report_Gen,9,2026-04-22
ACC1182,Dashboard,79,2026-04-07
ACC1183,API_Access,5,2026-04-16
ACC1327,Dashboard,3,2026-04-28
ACC1300,Report_Gen,74,2026-04-16
ACC1332,Report_Gen,63,2026-04-16
ACC1016,Bulk_Upload,29,2026-04-29
ACC1245,Team_Collab,34,2026-04-15
ACC1079,Bulk_Upload,41,2026-04-29
ACC1421,Report_Gen,70,2026-04-17
ACC1128,Report_Gen,45,2026-04-17
ACC1260,Report_Gen,75,2026-04-20
ACC1415,Report_Gen,71,2026-04-23
ACC1442,Bulk_Upload,50,2026-04-17
ACC1186,Report_Gen,43,2026-04-08
ACC1409,Bulk_Upload,64,2026-04-22
ACC1276,Dashboard,94,2026-04-21
ACC1445,Dashboard,7,2026-04-16
ACC1481,Team_Collab,29,2026-04-10
ACC1164,Dashboard,46,2026-04-07
ACC1018,Team_Collab,55,2026-04-10
ACC1330,Report_Gen,46,2026-05-02
ACC1042,Dashboard,41,2026-04-26
ACC1035,Bulk_Upload,61,2026-04-07
ACC1180,Team_Collab,75,2026-04-18
ACC1495,API_Access,15,2026-04-27
ACC1030,Report_Gen,21,2026-04-15
ACC1256,Bulk_Upload,92,2026-04-17
ACC1113,Dashboard,67,2026-04-12
ACC1217,API_Access,56,2026-04-18
ACC1204,Bulk_Upload,88,2026-05-01
ACC1009,Team_Collab,22,2026-05-02
ACC1207,Dashboard,62,2026-04-21
ACC1198,Team_Collab,78,2026-04-10
ACC1213,Dashboard,13,2026-04-22
ACC1321,Bulk_Upload,74,2026-04-11
ACC1043,Team_Collab,33,2026-05-02
ACC1093,Report_Gen,72,2026-05-03
ACC1382,Bulk_Upload,28,2026-04-21
ACC1270,Team_Collab,19,2026-04-24
ACC1239,API_Access,5,2026-04-25
ACC1225,API_Access,49,2026-04-11
ACC1425,API_Access,89,2026-04-30
ACC1133,Team_Collab,16,2026-04-18
ACC1471,Report_Gen,82,2026-04-07
ACC1164,Report_Gen,21,2026-05-04
ACC1429,Dashboard,77,2026-04-12
ACC1468,Bulk_Upload,2,2026-05-03
ACC1161,Team_Collab,11,2026-05-05
ACC1031,Report_Gen,15,2026-05-05
ACC1010,Dashboard,89,2026-04-12
ACC1253,API_Access,5,2026-04-28
ACC1285,Dashboard,97,2026-04-26
ACC1253,Bulk_Upload,48,2026-04-25
ACC1339,Team_Collab,58,2026-04-06
ACC1296,Team_Collab,35,2026-04-15
ACC1438,Team_Collab,43,2026-04-08
ACC1222,Bulk_Upload,5,2026-05-05
ACC1279,Report_Gen,82,2026-04-15
ACC1183,API_Access,33,2026-05-04
ACC1128,Team_Collab,61,2026-04-12
ACC1481,Bulk_Upload,27,2026-04-23
ACC1247,Bulk_Upload,100,2026-04-27
ACC1200,Team_Collab,38,2026-04-18
ACC1405,Bulk_Upload,60,2026-04-29
ACC1094,Team_Collab,1,2026-04-14
ACC1185,Bulk_Upload,43,2026-04-11
ACC1298,Report_Gen,41,2026-04-08
ACC1105,Report_Gen,3,2026-05-04
ACC1477,API_Access,46,2026-04-10
ACC1108,Team_Collab,63,2026-04-09
ACC1007,Team_Collab,50,2026-04-13
ACC1096,Dashboard,98,2026-04-07
ACC1078,Bulk_Upload,58,2026-05-01
ACC1397,Report_Gen,47,2026-04-11
ACC1446,Report_Gen,66,2026-05-02
ACC1480,Report_Gen,39,2026-04-26
ACC1344,API_Access,93,2026-04-17
ACC1491,Bulk_Upload,69,2026-04-22
ACC1485,Dashboard,28,2026-05-02
ACC1189,Dashboard,28,2026-04-15
ACC1015,API_Access,92,2026-04-22
ACC1037,Report_Gen,64,2026-04-27
ACC1298,API_Access,45,2026-04-22
ACC1091,Report_Gen,17,2026-05-03
ACC1357,Report_Gen,65,2026-04-15
ACC1391,Bulk_Upload,39,2026-04-20
ACC1285,Report_Gen,23,2026-04-22
ACC1086,Dashboard,57,2026-04-16
ACC1138,Bulk_Upload,59,2026-04-20
ACC1028,API_Access,78,2026-05-01
ACC1028,Bulk_Upload,10,2026-04-27
ACC1038,Team_Collab,85,2026-04-20
ACC1265,Report_Gen,20,2026-04-21
ACC1241,Report_Gen,82,2026-04-23
ACC1180,Team_Collab,31,2026-04-14
ACC1448,Dashboard,83,2026-04-06
ACC1287,Team_Collab,70,2026-05-01
ACC1363,Report_Gen,26,2026-04-25
ACC1180,Report_Gen,47,2026-04-28
ACC1452,Team_Collab,26,2026-04-09
ACC1075,Bulk_Upload,55,2026-04-18
ACC1461,Team_Collab,69,2026-04-07
ACC1139,Report_Gen,19,2026-04-15
ACC1434,Report_Gen,14,2026-05-02
ACC1264,Report_Gen,74,2026-04-09
ACC1229,Bulk_Upload,74,2026-04-06
ACC1337,Bulk_Upload,82,2026-04-17
ACC1416,Report_Gen,38,2026-04-13
ACC1489,Team_Collab,93,2026-04-22
ACC1418,Team_Collab,24,2026-04-27
ACC1394,Dashboard,8,2026-04-08
ACC1066,Bulk_Upload,60,2026-04-09
ACC1464,Report_Gen,49,2026-04-10
ACC1486,API_Access,23,2026-04-23
ACC1446,Team_Collab,4,2026-04-28
ACC1030,Dashboard,42,2026-04-22
ACC1015,Report_Gen,92,2026-04-17
ACC1374,Report_Gen,64,2026-05-02
ACC1480,API_Access,33,2026-04-07
ACC1369,Bulk_Upload,76,2026-04-29
ACC1436,Dashboard,33,2026-04-19
ACC1217,Bulk_Upload,11,2026-04-30
ACC1194,Dashboard,47,2026-04-22
ACC1352,Bulk_Upload,83,2026-04-16
ACC1311,API_Access,97,2026-04-25
ACC1376,API_Access,2,2026-04-11
ACC1032,Report_Gen,28,2026-05-03
ACC1410,Bulk_Upload,43,2026-04-07
ACC1256,API_Access,47,2026-04-30
ACC1461,Team_Collab,48,2026-04-18
ACC1406,Bulk_Upload,58,2026-04-23
ACC1309,Report_Gen,68,2026-04-08
ACC1049,Dashboard,60,2026-04-10
ACC1264,Team_Collab,2,2026-04-26
ACC1139,Report_Gen,27,2026-04-08
ACC1207,API_Access,56,2026-04-14
ACC1267,Bulk_Upload,99,2026-04-13
ACC1340,Bulk_Upload,68,2026-04-28
ACC1296,Team_Collab,94,2026-04-09
ACC1466,Bulk_Upload,52,2026-04-13
ACC1382,API_Access,98,2026-05-04
ACC1477,Team_Collab,21,2026-05-04
ACC1061,Dashboard,63,2026-04-15
ACC1400,Report_Gen,94,2026-05-03
ACC1163,Bulk_Upload,57,2026-04-07
ACC1359,Team_Collab,74,2026-04-06
ACC1000,Report_Gen,69,2026-04-06
ACC1447,Report_Gen,13,2026-05-02
ACC1206,Report_Gen,23,2026-04-09
ACC1292,Report_Gen,29,2026-05-02
ACC1001,API_Access,26,2026-04-30
ACC1240,Report_Gen,49,2026-04-16
ACC1040,Bulk_Upload,48,2026-04-24
ACC1172,Report_Gen,100,2026-04-19
ACC1074,Team_Collab,33,2026-04-11
ACC1256,Bulk_Upload,18,2026-04-30
ACC1156,API_Access,20,2026-04-17
ACC1060,Bulk_Upload,30,2026-04-20
ACC1280,Bulk_Upload,53,2026-04-15
ACC1025,Report_Gen,26,2026-04-30
ACC1002,Team_Collab,26,2026-04-15
ACC1027,API_Access,10,2026-04-18
ACC1289,Dashboard,48,2026-04-24
ACC1121,Report_Gen,75,2026-04-28
ACC1250,Dashboard,38,2026-04-26
ACC1126,Dashboard,15,2026-05-02
ACC1290,Report_Gen,31,2026-04-25
ACC1019,API_Access,25,2026-05-03
ACC1414,Bulk_Upload,54,2026-04-07
ACC1200,Report_Gen,56,2026-04-18
ACC1298,API_Access,15,2026-05-04
ACC1177,Bulk_Upload,22,2026-05-03
ACC1108,Report_Gen,19,2026-04-12
ACC1247,Dashboard,31,2026-04-08
ACC1166,Team_Collab,62,2026-04-22
ACC1493,Team_Collab,2,2026-04-26
ACC1225,API_Access,57,2026-04-26
ACC1087,Dashboard,33,2026-04-23
ACC1088,API_Access,34,2026-04-14
ACC1409,Bulk_Upload,57,2026-04-26
ACC1001,API_Access,9,2026-04-18
ACC1368,Report_Gen,69,2026-04-11
ACC1406,Team_Collab,99,2026-04-22
ACC1130,API_Access,81,2026-04-11
ACC1363,API_Access,29,2026-04-18
ACC1481,Team_Collab,32,2026-04-19
ACC1417,API_Access,14,2026-04-09
ACC1475,Team_Collab,67,2026-04-19
ACC1331,Bulk_Upload,44,2026-04-30
ACC1341,Bulk_Upload,9,2026-05-01
ACC1269,API_Access,94,2026-04-26
ACC1438,Dashboard,22,2026-05-02
ACC1171,Bulk_Upload,70,2026-04-16
ACC1261,Team_Collab,38,2026-04-25
ACC1383,Report_Gen,57,2026-04-11
ACC1076,Report_Gen,42,2026-04-15
ACC1466,API_Access,27,2026-04-23
ACC1002,API_Access,55,2026-04-24
ACC1333,API_Access,30,2026-04-20
ACC1032,API_Access,90,2026-04-27
ACC1429,Dashboard,75,2026-04-10
ACC1241,Dashboard,98,2026-04-30
ACC1079,API_Access,6,2026-04-16
ACC1319,Dashboard,3,2026-04-20
ACC1274,Dashboard,11,2026-04-17
ACC1426,Report_Gen,10,2026-04-10
ACC1046,Bulk_Upload,73,2026-04-28
ACC1286,Dashboard,81,2026-05-02
ACC1040,API_Access,36,2026-04-11
ACC1106,API_Access,65,2026-04-13
ACC1238,API_Access,100,2026-04-12
ACC1371,Bulk_Upload,35,2026-04-25
ACC1439,Report_Gen,90,2026-05-02
ACC1011,Bulk_Upload,54,2026-04-20
ACC1249,Bulk_Upload,97,2026-04-25
ACC1091,API_Access,70,2026-05-04
ACC1218,Dashboard,51,2026-04-28
ACC1095,Team_Collab,30,2026-04-20
ACC1020,API_Access,16,2026-05-02
ACC1047,Report_Gen,15,2026-04-26
ACC1354,API_Access,43,2026-04-27
ACC1479,Dashboard,21,2026-04-30
ACC1103,Bulk_Upload,91,2026-05-05
ACC1032,Report_Gen,22,2026-04-06
ACC1039,Team_Collab,13,2026-04-06
ACC1235,Bulk_Upload,98,2026-04-06
ACC1193,Dashboard,70,2026-04-12
ACC1293,Report_Gen,41,2026-04-23
ACC1250,Team_Collab,18,2026-04-25
ACC1296,Dashboard,82,2026-04-22
ACC1330,Dashboard,78,2026-04-13
ACC1441,Report_Gen,98,2026-05-05
ACC1256,Bulk_Upload,3,2026-04-22
ACC1055,Bulk_Upload,83,2026-04-18
ACC1468,Report_Gen,57,2026-04-06
ACC1127,API_Access,30,2026-04-21
ACC1101,API_Access,87,2026-05-04
ACC1031,API_Access,56,2026-04-06
ACC1319,Report_Gen,21,2026-05-04
ACC1283,Report_Gen,79,2026-04-15
ACC1046,Team_Collab,49,2026-04-25
ACC1189,Report_Gen,91,2026-04-20
ACC1013,API_Access,54,2026-04-15
ACC1357,Team_Collab,96,2026-04-17
ACC1224,Team_Collab,90,2026-04-13
ACC1167,Team_Collab,1,2026-04-27
ACC1327,Bulk_Upload,31,2026-04-28
ACC1482,Dashboard,85,2026-04-15
ACC1001,API_Access,14,2026-04-23
ACC1450,Bulk_Upload,16,2026-04-25
ACC1092,Bulk_Upload,1,2026-04-20
ACC1328,Dashboard,57,2026-04-12
ACC1170,Bulk_Upload,60,2026-04-07
ACC1401,Dashboard,26,2026-04-23
ACC1068,API_Access,17,2026-04-24
ACC1427,API_Access,51,2026-04-09
ACC1318,Report_Gen,36,2026-04-23
ACC1396,Dashboard,22,2026-04-21
ACC1363,Bulk_Upload,86,2026-04-12
ACC1093,Dashboard,52,2026-04-26
ACC1315,Report_Gen,12,2026-04-18
ACC1096,Report_Gen,46,2026-04-10
ACC1076,Bulk_Upload,76,2026-04-12
ACC1340,Bulk_Upload,36,2026-04-22
ACC1047,Team_Collab,73,2026-04-13
ACC1279,Dashboard,4,2026-05-01
ACC1252,Dashboard,20,2026-05-05
ACC1357,Team_Collab,71,2026-05-01
ACC1203,Team_Collab,9,2026-05-01
ACC1117,API_Access,94,2026-04-11
ACC1239,Bulk_Upload,57,2026-04-08
ACC1170,Bulk_Upload,72,2026-04-09
ACC1159,Team_Collab,96,2026-04-24
ACC1356,API_Access,28,2026-04-26
ACC1498,Report_Gen,7,2026-05-05
ACC1357,Team_Collab,49,2026-04-08
ACC1076,Report_Gen,87,2026-05-02
ACC1461,Dashboard,51,2026-04-27
ACC1325,Team_Collab,34,2026-04-09
ACC1008,API_Access,63,2026-04-28
ACC1016,Team_Collab,72,2026-04-11
ACC1034,API_Access,79,2026-04-08
ACC1333,Dashboard,48,2026-04-24
ACC1000,API_Access,59,2026-04-10
ACC1130,Dashboard,70,2026-04-12
ACC1453,Team_Collab,3,2026-04-29
ACC1328,Team_Collab,9,2026-04-10
ACC1235,API_Access,51,2026-05-01
ACC1471,Bulk_Upload,73,2026-04-19
ACC1475,Team_Collab,14,2026-04-29
ACC1099,Team_Collab,41,2026-05-04
ACC1486,Team_Collab,87,2026-04-17
ACC1142,API_Access,84,2026-04-24
ACC1357,Team_Collab,29,2026-04-10
ACC1314,Team_Collab,81,2026-04-30
ACC1011,Team_Collab,92,2026-05-01
ACC1075,Bulk_Upload,81,2026-05-03
ACC1014,Team_Collab,74,2026-04-09
ACC1422,Team_Collab,31,2026-04-12
ACC1399,Bulk_Upload,26,2026-04-21
ACC1279,Team_Collab,5,2026-05-01
ACC1147,Dashboard,11,2026-04-16
ACC1279,Team_Collab,70,2026-04-06
ACC1300,Team_Collab,32,2026-04-24
ACC1101,Bulk_Upload,97,2026-04-15
ACC1467,Dashboard,85,2026-04-19
ACC1166,Dashboard,39,2026-04-13
ACC1426,Dashboard,74,2026-04-28
ACC1331,Bulk_Upload,48,2026-05-05
ACC1352,API_Access,76,2026-04-16
ACC1134,Bulk_Upload,99,2026-05-02
ACC1064,Report_Gen,58,2026-04-12
ACC1472,Dashboard,41,2026-04-08
ACC1013,Bulk_Upload,19,2026-05-01
ACC1313,Dashboard,59,2026-04-12
ACC1018,API_Access,20,2026-04-28
ACC1418,Dashboard,81,2026-04-15
ACC1438,Dashboard,69,2026-04-22
ACC1441,Dashboard,53,2026-04-11
ACC1481,Dashboard,83,2026-04-14
ACC1095,Bulk_Upload,64,2026-04-25
ACC1450,Bulk_Upload,66,2026-04-17
ACC1293,Report_Gen,67,2026-04-10
ACC1372,Dashboard,84,2026-05-03
ACC1049,Dashboard,92,2026-05-05
ACC1340,API_Access,97,2026-04-06
ACC1027,API_Access,14,2026-04-09
ACC1005,API_Access,95,2026-04-07
ACC1024,Dashboard,16,2026-04-19
ACC1262,Team_Collab,38,2026-04-23
ACC1468,Report_Gen,26,2026-04-23
ACC1477,Bulk_Upload,73,2026-04-21
ACC1278,API_Access,48,2026-04-29
ACC1214,Team_Collab,46,2026-04-16
ACC1352,Dashboard,2,2026-04-10
ACC1431,Bulk_Upload,65,2026-04-27
ACC1438,Dashboard,84,2026-04-23
ACC1166,Bulk_Upload,24,2026-04-10
ACC1391,Bulk_Upload,35,2026-04-25
ACC1130,Bulk_Upload,48,2026-04-28
ACC1454,Team_Collab,100,2026-04-29
ACC1405,Dashboard,79,2026-05-05
ACC1157,Dashboard,85,2026-05-04
ACC1009,Bulk_Upload,51,2026-04-06
ACC1123,Bulk_Upload,90,2026-05-03
ACC1466,Report_Gen,95,2026-04-07
ACC1474,Report_Gen,22,2026-04-27
ACC1297,API_Access,41,2026-05-02
ACC1244,Team_Collab,9,2026-04-26
ACC1406,Team_Collab,6,2026-04-27
ACC1289,API_Access,94,2026-04-15
ACC1053,Team_Collab,32,2026-04-17
ACC1436,Team_Collab,21,2026-04-12
ACC1277,Report_Gen,32,2026-04-28
ACC1181,Team_Collab,56,2026-05-01
ACC1442,Bulk_Upload,35,2026-04-17
ACC1395,Report_Gen,25,2026-04-10
ACC1451,Bulk_Upload,53,2026-04-20
ACC1096,Bulk_Upload,38,2026-04-23
ACC1008,API_Access,74,2026-04-08
ACC1197,Report_Gen,77,2026-05-04
ACC1137,Team_Collab,12,2026-05-01
ACC1497,Dashboard,26,2026-04-17
ACC1357,Report_Gen,77,2026-04-08
ACC1294,Bulk_Upload,46,2026-04-06
ACC1394,Bulk_Upload,45,2026-05-01
ACC1065,Team_Collab,43,2026-04-23
ACC1329,Report_Gen,33,2026-04-17
ACC1291,Report_Gen,17,2026-05-02
ACC1101,API_Access,48,2026-04-06
ACC1203,Report_Gen,61,2026-04-17
ACC1224,API_Access,49,2026-04-18
ACC1218,Team_Collab,22,2026-04-09
ACC1207,Dashboard,38,2026-04-14
ACC1323,Report_Gen,68,2026-05-02
ACC1051,Report_Gen,80,2026-04-12
ACC1255,Team_Collab,57,2026-04-27
ACC1181,Report_Gen,29,2026-04-25
ACC1311,Report_Gen,43,2026-04-24
ACC1431,Report_Gen,57,2026-04-26
ACC1185,Team_Collab,74,2026-04-18
ACC1145,Team_Collab,88,2026-05-03
ACC1446,API_Access,9,2026-04-08
ACC1276,Bulk_Upload,41,2026-04-18
ACC1479,Bulk_Upload,11,2026-04-13
ACC1255,API_Access,90,2026-05-01
ACC1348,Report_Gen,13,2026-04-14
ACC1181,Dashboard,12,2026-04-16
ACC1404,Bulk_Upload,45,2026-04-11
ACC1251,Dashboard,34,2026-04-06
ACC1003,Bulk_Upload,40,2026-04-16
ACC1429,Dashboard,11,2026-05-02
ACC1211,Bulk_Upload,83,2026-04-07
ACC1372,API_Access,23,2026-04-23
ACC1485,Report_Gen,68,2026-04-21
ACC1279,Team_Collab,18,2026-04-10
ACC1456,Bulk_Upload,5,2026-05-02
ACC1204,Dashboard,73,2026-04-17
ACC1176,Dashboard,63,2026-04-25
ACC1473,Dashboard,73,2026-04-25
ACC1394,API_Access,52,2026-04-19
ACC1026,Bulk_Upload,66,2026-04-10
ACC1436,Bulk_Upload,57,2026-04-17
ACC1225,API_Access,21,2026-04-06
ACC1431,API_Access,6,2026-04-29
ACC1060,Dashboard,29,2026-04-07
ACC1192,Team_Collab,76,2026-04-15
ACC1087,API_Access,61,2026-04-20
ACC1475,Team_Collab,57,2026-04-23
ACC1054,Bulk_Upload,23,2026-04-23
ACC1287,Bulk_Upload,92,2026-04-29
ACC1131,Report_Gen,81,2026-04-21
ACC1002,Dashboard,65,2026-04-30
ACC1263,Bulk_Upload,98,2026-04-29
ACC1009,Team_Collab,76,2026-05-03
ACC1117,API_Access,38,2026-04-22
ACC1174,Team_Collab,77,2026-05-05
ACC1061,Dashboard,77,2026-04-22
ACC1369,Team_Collab,34,2026-04-30
ACC1086,API_Access,58,2026-04-17
ACC1172,Report_Gen,15,2026-04-17
ACC1148,Bulk_Upload,41,2026-04-07
ACC1086,Dashboard,83,2026-04-09
ACC1203,Report_Gen,69,2026-04-19
ACC1168,Bulk_Upload,2,2026-04-24
ACC1333,Team_Collab,33,2026-04-06
ACC1418,Report_Gen,70,2026-05-03
ACC1021,API_Access,73,2026-04-28
ACC1425,Bulk_Upload,60,2026-04-27
ACC1445,Dashboard,52,2026-04-18
ACC1352,Bulk_Upload,85,2026-04-10
ACC1383,Bulk_Upload,90,2026-04-10
ACC1280,Dashboard,100,2026-04-16
ACC1354,Dashboard,28,2026-04-17
ACC1178,Dashboard,14,2026-04-29
ACC1372,Team_Collab,76,2026-04-17
ACC1172,Bulk_Upload,32,2026-04-22
ACC1436,Team_Collab,44,2026-04-15
ACC1167,Dashboard,39,2026-04-15
ACC1333,Team_Collab,74,2026-04-24
ACC1196,API_Access,39,2026-04-30
ACC1069,Bulk_Upload,31,2026-04-14
ACC1166,Bulk_Upload,26,2026-05-04
ACC1316,Bulk_Upload,83,2026-04-21
ACC1291,Bulk_Upload,71,2026-05-02
ACC1216,Report_Gen,51,2026-04-20
ACC1216,Team_Collab,62,2026-04-07
ACC1356,Report_Gen,81,2026-04-29
ACC1127,Report_Gen,47,2026-04-24
ACC1073,Report_Gen,12,2026-04-13
ACC1110,Report_Gen,92,2026-04-20
ACC1296,Report_Gen,69,2026-04-17
ACC1468,Team_Collab,87,2026-04-14
ACC1053,Dashboard,87,2026-04-15
ACC1187,API_Access,88,2026-05-02
ACC1011,Bulk_Upload,39,2026-04-19
ACC1493,Report_Gen,73,2026-04-17
ACC1211,Dashboard,19,2026-05-05
ACC1045,Report_Gen,31,2026-04-25
ACC1070,Bulk_Upload,25,2026-04-12
ACC1471,Report_Gen,79,2026-04-14
ACC1198,Team_Collab,73,2026-04-10
ACC1117,Bulk_Upload,37,2026-04-27
ACC1004,Report_Gen,30,2026-04-20
ACC1313,Team_Collab,60,2026-04-25
ACC1124,Report_Gen,40,2026-05-02
ACC1495,API_Access,46,2026-04-20
ACC1498,Dashboard,14,2026-04-23
ACC1439,Bulk_Upload,82,2026-04-26
ACC1358,Dashboard,37,2026-04-19
ACC1073,Report_Gen,14,2026-04-11
ACC1311,Dashboard,73,2026-04-29
ACC1252,API_Access,18,2026-04-17
ACC1200,Report_Gen,52,2026-04-06
ACC1302,API_Access,34,2026-05-04
ACC1016,API_Access,76,2026-04-19
ACC1138,Team_Collab,99,2026-04-29
ACC1126,Dashboard,61,2026-04-06
ACC1095,Team_Collab,7,2026-04-14
ACC1119,Bulk_Upload,46,2026-04-14
ACC1388,Bulk_Upload,73,2026-04-25
ACC1492,API_Access,47,2026-04-18
ACC1174,Bulk_Upload,44,2026-04-24
ACC1098,Dashboard,49,2026-05-02
ACC1227,Dashboard,36,2026-04-07
ACC1029,Team_Collab,29,2026-04-23
ACC1295,API_Access,44,2026-05-01
ACC1427,Team_Collab,38,2026-05-01
ACC1305,Dashboard,63,2026-05-02
ACC1041,Bulk_Upload,13,2026-04-20
ACC1177,API_Access,48,2026-04-13
ACC1108,Bulk_Upload,46,2026-04-13
ACC1344,API_Access,34,2026-04-19
ACC1318,Dashboard,46,2026-04-13
ACC1344,Dashboard,86,2026-04-20
ACC1432,Team_Collab,90,2026-04-06
ACC1041,Bulk_Upload,41,2026-05-01
ACC1389,Bulk_Upload,32,2026-04-25
ACC1014,API_Access,78,2026-04-22
ACC1171,API_Access,23,2026-05-01
ACC1234,Dashboard,96,2026-04-18
ACC1127,Bulk_Upload,91,2026-04-23
ACC1059,Dashboard,66,2026-05-04
ACC1471,Report_Gen,61,2026-05-04
ACC1335,Team_Collab,15,2026-04-29
ACC1081,Dashboard,20,2026-04-30
ACC1137,Report_Gen,43,2026-04-20
ACC1037,Dashboard,17,2026-04-25
ACC1178,Dashboard,4,2026-04-12
ACC1057,Bulk_Upload,44,2026-04-13
ACC1247,API_Access,99,2026-04-28
ACC1178,Report_Gen,81,2026-04-17
ACC1289,Bulk_Upload,51,2026-04-15
ACC1254,Dashboard,56,2026-04-19
ACC1401,Bulk_Upload,51,2026-04-17
ACC1019,Bulk_Upload,55,2026-04-18
ACC1443,Report_Gen,25,2026-04-29
ACC1240,Bulk_Upload,32,2026-04-07
ACC1245,Bulk_Upload,37,2026-04-25
ACC1009,Bulk_Upload,8,2026-04-06
ACC1169,Dashboard,84,2026-04-08
ACC1253,Report_Gen,66,2026-05-05
ACC1485,Report_Gen,36,2026-04-26
ACC1426,API_Access,98,2026-05-01
ACC1160,Report_Gen,22,2026-04-21
ACC1223,API_Access,20,2026-05-03
ACC1013,Bulk_Upload,46,2026-04-28
ACC1069,Dashboard,87,2026-04-25
ACC1086,Team_Collab,42,2026-04-20
ACC1329,Bulk_Upload,42,2026-04-20
ACC1418,Bulk_Upload,84,2026-04-07
ACC1387,Team_Collab,51,2026-05-03
ACC1397,Bulk_Upload,47,2026-04-16
ACC1288,Team_Collab,98,2026-04-21
ACC1479,Report_Gen,22,2026-04-15
ACC1342,Bulk_Upload,16,2026-04-30
ACC1437,Team_Collab,92,2026-04-14
ACC1347,Dashboard,42,2026-04-30
ACC1143,Team_Collab,3,2026-04-19
ACC1228,Report_Gen,30,2026-04-23
ACC1369,Bulk_Upload,87,2026-05-05
ACC1482,Dashboard,45,2026-04-23
ACC1262,API_Access,28,2026-04-07
ACC1300,Team_Collab,70,2026-05-02
ACC1086,Team_Collab,84,2026-04-26
ACC1028,Report_Gen,43,2026-04-08
ACC1044,Team_Collab,85,2026-04-08
ACC1276,Team_Collab,45,2026-04-12
ACC1337,Dashboard,30,2026-04-18
ACC1145,API_Access,9,2026-04-10
ACC1285,Team_Collab,85,2026-04-12
ACC1058,Bulk_Upload,35,2026-04-26
ACC1286,Dashboard,96,2026-04-15
ACC1270,API_Access,91,2026-04-06
ACC1174,API_Access,82,2026-04-08
ACC1118,Dashboard,18,2026-04-07
ACC1200,Report_Gen,46,2026-04-21
ACC1164,Team_Collab,28,2026-04-12
ACC1337,API_Access,52,2026-04-21
ACC1444,Team_Collab,72,2026-04-29
ACC1369,Dashboard,93,2026-04-26
ACC1246,Dashboard,3,2026-04-19
ACC1406,Team_Collab,93,2026-04-16
ACC1261,Report_Gen,3,2026-04-14
ACC1439,API_Access,94,2026-04-26
ACC1423,Report_Gen,73,2026-05-05
ACC1082,Report_Gen,26,2026-04-11
ACC1349,Report_Gen,4,2026-04-29
ACC1373,Bulk_Upload,96,2026-04-15
ACC1013,Bulk_Upload,74,2026-04-12
ACC1023,Report_Gen,7,2026-04-29
ACC1360,Team_Collab,34,2026-04-11
ACC1032,Team_Collab,24,2026-04-11
ACC1138,Report_Gen,14,2026-05-03
ACC1386,Bulk_Upload,1,2026-04-28
ACC1311,Bulk_Upload,91,2026-05-01
ACC1074,Report_Gen,69,2026-04-26
ACC1128,Report_Gen,62,2026-04-07
ACC1050,Dashboard,66,2026-04-27
ACC1466,Bulk_Upload,32,2026-04-30
ACC1029,API_Access,38,2026-04-18
ACC1039,Team_Collab,81,2026-04-20
ACC1027,Dashboard,77,2026-04-14
ACC1289,API_Access,8,2026-04-10
ACC1331,Report_Gen,46,2026-04-24
ACC1017,Team_Collab,19,2026-04-26
ACC1239,Report_Gen,26,2026-04-10
ACC1003,Bulk_Upload,33,2026-04-24
ACC1208,Report_Gen,27,2026-05-02
ACC1405,Report_Gen,48,2026-04-20
ACC1300,Team_Collab,83,2026-04-24
ACC1210,Bulk_Upload,66,2026-04-21
ACC1270,Team_Collab,96,2026-04-10
ACC1019,API_Access,10,2026-04-26
ACC1345,Dashboard,24,2026-04-14
ACC1025,Dashboard,91,2026-04-21
ACC1238,Dashboard,77,2026-04-07
ACC1479,Bulk_Upload,26,2026-04-28
ACC1033,Bulk_Upload,81,2026-04-21
ACC1123,API_Access,26,2026-04-13
ACC1337,Team_Collab,73,2026-04-26
ACC1001,Report_Gen,51,2026-04-10
ACC1108,Team_Collab,83,2026-04-14
ACC1404,Report_Gen,76,2026-04-10
ACC1458,Dashboard,88,2026-05-02
ACC1448,Dashboard,51,2026-04-30
ACC1134,Bulk_Upload,98,2026-04-15
ACC1195,Dashboard,16,2026-04-07
ACC1298,Dashboard,35,2026-04-26
ACC1264,Dashboard,70,2026-04-15
ACC1124,Dashboard,40,2026-04-08
ACC1308,Team_Collab,82,2026-04-08
ACC1461,Report_Gen,74,2026-04-25
ACC1153,API_Access,4,2026-05-01
ACC1343,Dashboard,89,2026-04-21
ACC1061,API_Access,29,2026-04-25
ACC1329,Team_Collab,60,2026-04-20
ACC1302,Team_Collab,8,2026-05-05
ACC1324,API_Access,26,2026-04-11
ACC1232,API_Access,69,2026-04-25
ACC1154,Team_Collab,33,2026-04-21
ACC1221,Team_Collab,31,2026-04-23
ACC1282,Dashboard,94,2026-04-10
ACC1354,Dashboard,71,2026-04-29
ACC1151,Dashboard,3,2026-04-27
ACC1488,API_Access,98,2026-04-21
ACC1332,Team_Collab,29,2026-05-04
ACC1376,Dashboard,29,2026-05-01
ACC1349,API_Access,82,2026-04-06
ACC1408,Report_Gen,48,2026-04-12
ACC1333,Report_Gen,82,2026-04-19
ACC1458,Bulk_Upload,32,2026-05-01
ACC1409,Dashboard,29,2026-04-23
ACC1483,Report_Gen,39,2026-04-15
ACC1378,API_Access,30,2026-04-10
ACC1411,Team_Collab,55,2026-04-15
ACC1411,Dashboard,90,2026-04-19
ACC1257,Report_Gen,69,2026-04-21
ACC1461,API_Access,70,2026-04-08
ACC1441,Report_Gen,47,2026-04-27
ACC1083,Dashboard,38,2026-05-02
ACC1013,Team_Collab,66,2026-04-16
ACC1327,Bulk_Upload,13,2026-04-18
ACC1170,API_Access,85,2026-04-14
ACC1116,Bulk_Upload,7,2026-04-22
ACC1182,Bulk_Upload,66,2026-05-01
ACC1241,Bulk_Upload,63,2026-05-01
ACC1186,Dashboard,81,2026-04-20
ACC1392,Report_Gen,13,2026-04-27
ACC1435,Team_Collab,7,2026-04-22
ACC1127,Report_Gen,99,2026-04-09
ACC1087,Bulk_Upload,44,2026-04-07
ACC1323,Bulk_Upload,4,2026-04-07
ACC1431,Team_Collab,48,2026-04-29
ACC1401,Dashboard,31,2026-04-09
ACC1283,Bulk_Upload,61,2026-04-26
ACC1263,Dashboard,11,2026-04-29
ACC1136,Team_Collab,50,2026-04-16
ACC1196,API_Access,1,2026-04-30
ACC1345,Dashboard,74,2026-04-08
ACC1319,Dashboard,8,2026-04-28
ACC1288,Dashboard,10,2026-04-21
ACC1235,Report_Gen,37,2026-04-16
ACC1214,API_Access,1,2026-05-04
ACC1420,Report_Gen,60,2026-04-21
ACC1143,Dashboard,88,2026-04-20
ACC1011,API_Access,12,2026-04-09
ACC1383,Bulk_Upload,34,2026-04-21
ACC1484,Report_Gen,86,2026-04-06
ACC1298,Bulk_Upload,1,2026-05-01
ACC1298,API_Access,86,2026-05-04
ACC1070,Dashboard,1,2026-04-19
ACC1171,API_Access,93,2026-04-11
ACC1142,Dashboard,58,2026-04-20
ACC1346,Bulk_Upload,75,2026-04-24
ACC1362,Report_Gen,24,2026-04-19
ACC1300,API_Access,39,2026-04-23
ACC1361,Report_Gen,93,2026-04-16
ACC1353,API_Access,88,2026-05-01
ACC1413,Dashboard,69,2026-04-17
ACC1179,Dashboard,100,2026-04-09
ACC1280,Bulk_Upload,44,2026-04-14
ACC1307,API_Access,41,2026-04-07
ACC1358,Team_Collab,63,2026-04-15
ACC1442,Report_Gen,1,2026-04-25
ACC1194,API_Access,83,2026-05-02
ACC1497,API_Access,4,2026-04-06
ACC1143,Bulk_Upload,36,2026-05-03
ACC1215,API_Access,92,2026-04-23
ACC1323,API_Access,64,2026-04-16
ACC1156,Report_Gen,77,2026-04-22
ACC1327,Team_Collab,19,2026-04-07
ACC1172,Report_Gen,15,2026-04-20
ACC1395,Dashboard,24,2026-04-21
ACC1377,API_Access,60,2026-04-22
ACC1382,Team_Collab,2,2026-04-11
ACC1192,Dashboard,29,2026-04-14
ACC1206,Team_Collab,7,2026-04-24
ACC1004,Bulk_Upload,24,2026-04-19
ACC1133,Team_Collab,21,2026-04-30
ACC1068,Bulk_Upload,26,2026-04-07
ACC1344,Team_Collab,57,2026-04-23
ACC1121,Team_Collab,20,2026-05-03
ACC1209,Report_Gen,27,2026-04-15
ACC1439,Report_Gen,78,2026-04-21
ACC1291,Dashboard,43,2026-04-22
ACC1227,Report_Gen,47,2026-04-20
ACC1180,Team_Collab,96,2026-05-03
ACC1158,API_Access,14,2026-04-13
ACC1311,Report_Gen,81,2026-04-11
ACC1316,Dashboard,27,2026-04-21
ACC1364,Report_Gen,41,2026-04-12
ACC1025,API_Access,87,2026-04-26
ACC1253,Report_Gen,30,2026-04-15
ACC1228,Dashboard,24,2026-04-09
ACC1258,API_Access,66,2026-04-30
ACC1165,Report_Gen,77,2026-04-22
ACC1274,Dashboard,49,2026-05-02
ACC1208,Report_Gen,28,2026-04-18
ACC1025,API_Access,32,2026-05-04
ACC1208,Report_Gen,1,2026-04-10
ACC1264,Report_Gen,63,2026-04-22
ACC1234,Bulk_Upload,76,2026-04-21
ACC1049,Report_Gen,5,2026-05-04
ACC1437,Report_Gen,2,2026-04-13
ACC1091,API_Access,17,2026-04-30
ACC1144,API_Access,32,2026-04-06
ACC1278,Dashboard,29,2026-04-08
ACC1337,Report_Gen,11,2026-05-03
ACC1167,API_Access,64,2026-04-09
ACC1442,API_Access,32,2026-04-21
ACC1449,Bulk_Upload,89,2026-04-26
ACC1242,API_Access,60,2026-04-19
ACC1151,Dashboard,63,2026-04-07
ACC1040,Dashboard,35,2026-04-15
ACC1480,Bulk_Upload,74,2026-05-05
ACC1453,Report_Gen,66,2026-04-27
ACC1211,Bulk_Upload,76,2026-04-18
ACC1446,Team_Collab,80,2026-04-17
ACC1474,API_Access,37,2026-04-11
ACC1381,API_Access,40,2026-05-03
ACC1197,Team_Collab,17,2026-04-09
ACC1177,Bulk_Upload,90,2026-04-13
ACC1390,Bulk_Upload,25,2026-04-08
ACC1296,API_Access,18,2026-04-24
ACC1118,Report_Gen,36,2026-04-16
ACC1154,API_Access,42,2026-05-04
ACC1280,Report_Gen,12,2026-05-05
ACC1496,Report_Gen,21,2026-04-19
ACC1421,Report_Gen,27,2026-04-14
ACC1476,Bulk_Upload,72,2026-04-09
ACC1335,Report_Gen,5,2026-04-13
ACC1190,Team_Collab,81,2026-04-25
ACC1454,Report_Gen,26,2026-04-24
ACC1007,API_Access,57,2026-04-08
ACC1481,Bulk_Upload,48,2026-04-13
ACC1479,Dashboard,47,2026-04-10
ACC1019,Dashboard,40,2026-04-30
ACC1076,Team_Collab,27,2026-04-28
ACC1008,API_Access,37,2026-04-08
ACC1140,Report_Gen,91,2026-04-26
ACC1034,API_Access,41,2026-04-06
ACC1483,Bulk_Upload,42,2026-05-01
ACC1437,Dashboard,14,2026-04-24
ACC1213,API_Access,23,2026-04-15
ACC1415,Report_Gen,78,2026-04-21
ACC1187,Bulk_Upload,3,2026-04-06
ACC1476,API_Access,55,2026-04-28
ACC1307,Dashboard,9,2026-05-02
ACC1355,API_Access,17,2026-04-13
ACC1113,Dashboard,26,2026-04-10
ACC1188,Bulk_Upload,26,2026-04-28
ACC1080,Report_Gen,26,2026-04-13
ACC1109,API_Access,86,2026-05-05
ACC1122,Bulk_Upload,54,2026-04-24
ACC1314,API_Access,48,2026-05-02
ACC1464,Bulk_Upload,24,2026-04-06
ACC1122,Report_Gen,51,2026-04-13
ACC1223,API_Access,6,2026-05-03
ACC1335,Team_Collab,66,2026-04-20
ACC1064,Bulk_Upload,64,2026-04-18
ACC1246,API_Access,77,2026-04-19
ACC1070,Team_Collab,71,2026-04-17
ACC1232,API_Access,6,2026-04-23
ACC1409,Team_Collab,12,2026-04-15
ACC1200,Team_Collab,100,2026-04-11
ACC1412,Team_Collab,6,2026-05-04
ACC1180,Bulk_Upload,58,2026-04-09
ACC1047,API_Access,57,2026-04-19
ACC1342,Dashboard,8,2026-04-14
ACC1088,Bulk_Upload,95,2026-04-24
ACC1033,API_Access,48,2026-04-07
ACC1091,Dashboard,45,2026-05-05
ACC1025,API_Access,95,2026-04-11
ACC1326,API_Access,31,2026-04-07
ACC1085,Team_Collab,37,2026-04-14
ACC1016,API_Access,91,2026-04-10
ACC1048,Dashboard,87,2026-04-25
ACC1063,Team_Collab,45,2026-05-02
ACC1496,API_Access,18,2026-04-28
ACC1236,API_Access,50,2026-04-17
ACC1236,Dashboard,50,2026-04-11
ACC1071,Dashboard,86,2026-04-17
ACC1193,Dashboard,40,2026-04-07
ACC1373,Bulk_Upload,58,2026-04-22
ACC1245,Team_Collab,6,2026-04-27
ACC1475,Report_Gen,81,2026-04-14
ACC1138,Report_Gen,15,2026-04-27
ACC1066,API_Access,79,2026-05-03
ACC1144,Dashboard,86,2026-05-02
ACC1035,Dashboard,98,2026-05-03
ACC1261,Report_Gen,75,2026-04-30
ACC1108,Dashboard,29,2026-04-17
ACC1326,API_Access,57,2026-04-25
ACC1443,Report_Gen,19,2026-04-09
ACC1042,API_Access,35,2026-04-25
ACC1019,Report_Gen,97,2026-04-09
ACC1114,Dashboard,75,2026-04-25
ACC1103,API_Access,63,2026-05-04
ACC1366,Report_Gen,70,2026-04-23
ACC1283,Bulk_Upload,97,2026-04-20
ACC1248,Bulk_Upload,62,2026-04-09
ACC1273,Team_Collab,56,2026-04-23
ACC1459,Bulk_Upload,94,2026-04-19
ACC1309,Team_Collab,100,2026-04-18
ACC1066,Bulk_Upload,45,2026-04-20
ACC1477,Bulk_Upload,87,2026-05-01
ACC1441,Team_Collab,83,2026-05-03
ACC1043,Team_Collab,8,2026-04-12
ACC1307,Report_Gen,12,2026-04-23
ACC1199,Team_Collab,42,2026-04-29
ACC1313,API_Access,87,2026-05-02
ACC1302,Report_Gen,73,2026-04-06
ACC1156,Team_Collab,31,2026-04-13
ACC1263,API_Access,77,2026-04-08
ACC1276,Team_Collab,40,2026-04-15
ACC1307,API_Access,79,2026-04-06
ACC1085,Dashboard,90,2026-05-01
ACC1008,API_Access,45,2026-04-26
ACC1000,Team_Collab,1,2026-04-23
ACC1324,Bulk_Upload,22,2026-04-12
ACC1204,Dashboard,88,2026-04-15
ACC1222,Report_Gen,1,2026-04-18
ACC1008,Bulk_Upload,40,2026-04-24
ACC1314,API_Access,50,2026-04-28
ACC1107,Dashboard,11,2026-04-25
ACC1411,Dashboard,80,2026-04-16
ACC1117,Report_Gen,87,2026-04-15
ACC1121,Dashboard,60,2026-04-18
ACC1109,Report_Gen,87,2026-04-18
ACC1035,API_Access,38,2026-04-28
ACC1475,Report_Gen,80,2026-05-03
ACC1429,Bulk_Upload,10,2026-04-20
ACC1030,Report_Gen,87,2026-04-21
ACC1367,Report_Gen,35,2026-04-15
ACC1224,Report_Gen,66,2026-05-02
ACC1306,Report_Gen,30,2026-04-10
ACC1017,Dashboard,21,2026-04-16
ACC1257,Team_Collab,32,2026-04-18
ACC1417,Bulk_Upload,29,2026-05-05
ACC1288,Report_Gen,80,2026-04-11
ACC1354,Team_Collab,24,2026-04-23
ACC1236,API_Access,23,2026-04-16
ACC1234,API_Access,45,2026-04-27
ACC1480,Bulk_Upload,11,2026-04-15
ACC1103,Report_Gen,91,2026-04-21
ACC1111,Team_Collab,4,2026-04-20
ACC1087,Team_Collab,11,2026-04-11
ACC1071,Team_Collab,44,2026-04-11
ACC1107,API_Access,28,2026-04-21
ACC1324,Team_Collab,43,2026-04-11
ACC1380,Team_Collab,21,2026-04-30
ACC1297,Bulk_Upload,66,2026-04-09
ACC1427,Report_Gen,98,2026-04-12
ACC1159,Team_Collab,11,2026-04-10
ACC1246,Bulk_Upload,66,2026-05-03
ACC1223,Team_Collab,6,2026-04-20
ACC1449,Dashboard,72,2026-04-19
ACC1473,Dashboard,63,2026-04-16
ACC1062,Bulk_Upload,80,2026-04-08
ACC1146,Dashboard,73,2026-04-19
ACC1398,Dashboard,20,2026-05-05
ACC1161,Dashboard,68,2026-04-23
ACC1148,Bulk_Upload,93,2026-05-01
ACC1424,Dashboard,43,2026-04-18
ACC1239,API_Access,61,2026-04-08
ACC1076,Team_Collab,24,2026-05-03
ACC1372,Dashboard,61,2026-04-27
ACC1452,Dashboard,49,2026-04-28
ACC1489,Report_Gen,55,2026-05-02
ACC1366,Team_Collab,65,2026-04-29
ACC1019,Dashboard,97,2026-04-18
ACC1198,Team_Collab,7,2026-04-09
ACC1372,API_Access,48,2026-04-20
ACC1208,API_Access,2,2026-05-04
ACC1088,Dashboard,89,2026-04-29
ACC1478,Dashboard,41,2026-04-22
ACC1438,Dashboard,43,2026-04-15
ACC1473,Bulk_Upload,2,2026-05-03
ACC1394,Bulk_Upload,27,2026-04-14
ACC1216,Report_Gen,7,2026-04-24
ACC1197,Team_Collab,20,2026-04-28
ACC1442,API_Access,90,2026-04-25
ACC1000,Bulk_Upload,46,2026-04-16
ACC1211,Team_Collab,53,2026-05-02
ACC1475,Team_Collab,19,2026-04-27
ACC1075,API_Access,71,2026-04-12
ACC1180,Bulk_Upload,33,2026-04-13
ACC1178,Bulk_Upload,75,2026-04-09
ACC1049,Bulk_Upload,84,2026-04-08
ACC1168,API_Access,88,2026-04-30
ACC1142,Report_Gen,4,2026-05-05
ACC1354,Bulk_Upload,24,2026-04-18
ACC1320,Dashboard,16,2026-04-27
ACC1279,Bulk_Upload,77,2026-05-04
ACC1066,Dashboard,31,2026-04-17
ACC1367,Report_Gen,25,2026-04-17
ACC1452,Bulk_Upload,6,2026-04-10
ACC1086,Bulk_Upload,86,2026-04-15
ACC1400,API_Access,100,2026-04-29
ACC1217,Dashboard,14,2026-04-12
ACC1078,Bulk_Upload,64,2026-04-17
ACC1383,Report_Gen,29,2026-04-22
ACC1293,Dashboard,94,2026-04-18
ACC1428,Bulk_Upload,47,2026-04-27
ACC1098,Team_Collab,81,2026-04-06
ACC1004,Dashboard,79,2026-04-12
ACC1279,Bulk_Upload,87,2026-04-14
ACC1218,Report_Gen,19,2026-04-23
ACC1230,Report_Gen,43,2026-04-07
ACC1047,Bulk_Upload,12,2026-04-19
ACC1296,API_Access,93,2026-04-09
ACC1030,Bulk_Upload,2,2026-05-03
ACC1425,Dashboard,21,2026-04-26
ACC1408,API_Access,55,2026-04-07
ACC1439,Report_Gen,94,2026-04-20
ACC1392,Bulk_Upload,69,2026-04-26
ACC1321,Report_Gen,69,2026-04-29
ACC1131,Team_Collab,14,2026-04-29
ACC1371,Team_Collab,23,2026-04-09
ACC1366,Bulk_Upload,41,2026-05-04
ACC1450,Team_Collab,10,2026-04-17
ACC1435,Team_Collab,13,2026-04-28
ACC1452,Report_Gen,24,2026-05-04
ACC1342,Dashboard,24,2026-04-14
ACC1419,Bulk_Upload,13,2026-04-17
ACC1353,Bulk_Upload,29,2026-04-19
ACC1123,Bulk_Upload,50,2026-05-05
ACC1381,Dashboard,53,2026-04-11
ACC1413,Dashboard,30,2026-04-25
ACC1225,Bulk_Upload,100,2026-04-09
ACC1425,API_Access,39,2026-04-16
ACC1012,Dashboard,36,2026-04-29
ACC1482,Bulk_Upload,96,2026-04-09
ACC1184,Dashboard,21,2026-04-21
ACC1264,Bulk_Upload,31,2026-04-22
ACC1275,Team_Collab,76,2026-04-20
ACC1174,Dashboard,5,2026-04-29
ACC1442,Dashboard,97,2026-04-25
ACC1192,Dashboard,31,2026-04-22
ACC1190,Team_Collab,73,2026-04-22
ACC1341,Report_Gen,71,2026-04-24
ACC1189,Bulk_Upload,91,2026-04-13
ACC1349,Report_Gen,4,2026-04-30
ACC1399,Dashboard,82,2026-04-08
ACC1371,Dashboard,94,2026-04-16
ACC1497,Dashboard,89,2026-04-17
ACC1203,Report_Gen,80,2026-04-30
ACC1325,Team_Collab,79,2026-05-03
ACC1206,Dashboard,40,2026-05-05
ACC1335,Team_Collab,98,2026-04-26
ACC1342,Report_Gen,2,2026-04-26
ACC1274,Bulk_Upload,32,2026-04-09
ACC1322,API_Access,44,2026-04-10
ACC1018,Dashboard,97,2026-05-05
ACC1163,Bulk_Upload,19,2026-05-01
ACC1024,Report_Gen,41,2026-05-05
ACC1450,Bulk_Upload,36,2026-04-26
ACC1264,Dashboard,73,2026-04-25
ACC1415,Bulk_Upload,52,2026-04-21
ACC1372,Dashboard,38,2026-04-12
ACC1260,Dashboard,24,2026-04-15
ACC1431,Bulk_Upload,17,2026-05-02
ACC1050,Report_Gen,32,2026-04-25
ACC1206,API_Access,67,2026-04-27
ACC1286,Bulk_Upload,18,2026-04-20
ACC1335,Dashboard,40,2026-04-13
ACC1240,Team_Collab,54,2026-04-12
ACC1240,Report_Gen,100,2026-04-16
ACC1239,Team_Collab,87,2026-04-29
ACC1386,Team_Collab,48,2026-04-18
ACC1352,Team_Collab,56,2026-04-09
ACC1075,API_Access,8,2026-04-08
ACC1324,API_Access,76,2026-04-10
ACC1191,API_Access,19,2026-04-24
ACC1161,Dashboard,50,2026-04-24
ACC1330,API_Access,23,2026-04-28
ACC1203,Report_Gen,32,2026-04-29
ACC1019,Dashboard,97,2026-04-24
ACC1237,Team_Collab,98,2026-04-10
ACC1042,Team_Collab,31,2026-04-19
ACC1155,Dashboard,36,2026-04-13
ACC1211,Report_Gen,6,2026-04-24
ACC1222,Team_Collab,45,2026-04-09
ACC1357,Report_Gen,88,2026-04-19
ACC1013,Bulk_Upload,19,2026-04-27
ACC1150,Report_Gen,54,2026-04-08
ACC1187,Report_Gen,21,2026-04-14
ACC1324,Team_Collab,5,2026-04-14
ACC1389,Dashboard,84,2026-05-05
ACC1073,Team_Collab,46,2026-04-13
ACC1067,Team_Collab,27,2026-04-11
ACC1225,API_Access,65,2026-04-24
ACC1379,Team_Collab,18,2026-05-03
ACC1248,Bulk_Upload,53,2026-04-30
ACC1422,Team_Collab,37,2026-04-25
ACC1283,Dashboard,85,2026-04-29
ACC1251,API_Access,7,2026-04-11
ACC1181,Bulk_Upload,17,2026-04-10
ACC1211,Team_Collab,58,2026-04-08
ACC1435,Bulk_Upload,86,2026-04-19
ACC1354,API_Access,33,2026-04-25
ACC1203,Report_Gen,3,2026-04-13
ACC1445,API_Access,38,2026-05-02
ACC1307,Bulk_Upload,93,2026-04-17
ACC1177,Team_Collab,88,2026-04-17
ACC1102,Dashboard,66,2026-04-22
ACC1172,API_Access,75,2026-04-26
ACC1073,Report_Gen,38,2026-04-08
ACC1412,API_Access,51,2026-04-26
ACC1121,Team_Collab,67,2026-04-08
ACC1044,Report_Gen,100,2026-04-29
ACC1481,API_Access,88,2026-04-18
ACC1343,Report_Gen,38,2026-04-08
ACC1471,API_Access,38,2026-05-01
ACC1278,Bulk_Upload,93,2026-05-05
ACC1495,Dashboard,82,2026-04-06
ACC1171,API_Access,74,2026-05-03
ACC1226,API_Access,65,2026-05-01
ACC1285,API_Access,37,2026-04-11
ACC1076,Team_Collab,60,2026-04-19
ACC1355,Dashboard,41,2026-04-30
ACC1414,API_Access,35,2026-04-29
ACC1238,Dashboard,45,2026-04-12
ACC1447,Team_Collab,13,2026-04-28
ACC1103,Dashboard,38,2026-04-26
ACC1003,Report_Gen,68,2026-04-24
ACC1354,API_Access,49,2026-04-16
ACC1182,API_Access,95,2026-05-04
ACC1311,Team_Collab,44,2026-05-04
ACC1131,Bulk_Upload,87,2026-04-26
ACC1471,Team_Collab,4,2026-04-06
ACC1334,Report_Gen,88,2026-04-26
ACC1140,API_Access,70,2026-04-12
ACC1060,API_Access,6,2026-05-01
ACC1088,Dashboard,81,2026-05-04
ACC1443,Team_Collab,92,2026-04-16
ACC1471,API_Access,87,2026-04-11
ACC1486,Report_Gen,42,2026-04-23
ACC1163,Bulk_Upload,72,2026-04-13
ACC1381,Team_Collab,65,2026-04-18
ACC1427,Report_Gen,13,2026-04-12
ACC1288,Report_Gen,22,2026-04-07
ACC1312,Dashboard,51,2026-04-28
ACC1190,API_Access,20,2026-04-10
ACC1147,Dashboard,89,2026-04-29
ACC1023,Dashboard,12,2026-04-09
ACC1119,Report_Gen,55,2026-04-27
ACC1367,API_Access,36,2026-04-23
ACC1262,Team_Collab,18,2026-04-27
ACC1452,Team_Collab,22,2026-04-10
ACC1284,Team_Collab,74,2026-05-04
ACC1088,Report_Gen,25,2026-04-14
ACC1418,Team_Collab,82,2026-04-30
ACC1177,Report_Gen,40,2026-04-12
ACC1223,Team_Collab,4,2026-05-01
ACC1172,Dashboard,94,2026-04-18
ACC1409,API_Access,99,2026-04-26
ACC1093,API_Access,96,2026-04-12
ACC1227,Dashboard,42,2026-05-03
ACC1290,Report_Gen,69,2026-04-06
ACC1371,Dashboard,23,2026-04-10
ACC1140,Bulk_Upload,69,2026-05-01
ACC1236,API_Access,44,2026-04-24
ACC1162,API_Access,65,2026-04-19
ACC1363,Bulk_Upload,21,2026-04-28
ACC1302,Team_Collab,66,2026-04-09
ACC1186,Report_Gen,82,2026-04-13
ACC1498,Team_Collab,50,2026-05-02
ACC1005,API_Access,15,2026-04-18
ACC1413,Report_Gen,35,2026-04-11
ACC1285,Team_Collab,6,2026-04-15
ACC1154,Bulk_Upload,5,2026-04-10
ACC1217,API_Access,51,2026-04-23
ACC1241,Dashboard,73,2026-05-03
ACC1494,Team_Collab,24,2026-04-28
ACC1356,Bulk_Upload,78,2026-04-18
ACC1375,Report_Gen,16,2026-04-16
ACC1033,Report_Gen,89,2026-04-15
ACC1318,Dashboard,56,2026-05-05
ACC1130,Team_Collab,86,2026-05-05
ACC1411,API_Access,63,2026-04-07
ACC1076,Bulk_Upload,29,2026-04-21
ACC1332,API_Access,39,2026-04-12
ACC1167,Team_Collab,57,2026-04-30
ACC1141,Dashboard,84,2026-04-19
ACC1286,API_Access,14,2026-04-24
ACC1172,Dashboard,26,2026-04-22
ACC1380,Bulk_Upload,31,2026-05-02
ACC1318,API_Access,23,2026-04-17
ACC1352,Dashboard,32,2026-04-25
ACC1190,Dashboard,12,2026-04-28
ACC1382,API_Access,4,2026-04-23
ACC1028,Report_Gen,28,2026-04-06
ACC1084,API_Access,75,2026-04-22
ACC1194,API_Access,100,2026-04-13
ACC1065,API_Access,76,2026-04-20
ACC1084,Report_Gen,90,2026-04-21
ACC1331,Report_Gen,6,2026-04-07
ACC1130,API_Access,76,2026-04-17
ACC1386,Team_Collab,27,2026-04-14
ACC1122,Bulk_Upload,17,2026-04-10
ACC1049,Bulk_Upload,59,2026-05-04
ACC1431,Team_Collab,48,2026-04-15
ACC1207,Team_Collab,7,2026-04-28
ACC1407,Report_Gen,59,2026-04-11
ACC1262,API_Access,41,2026-04-16
ACC1382,Team_Collab,28,2026-04-17
ACC1028,Team_Collab,47,2026-04-11
ACC1131,Team_Collab,88,2026-04-29
ACC1346,Bulk_Upload,9,2026-04-28
ACC1447,Bulk_Upload,29,2026-05-02
ACC1383,Team_Collab,63,2026-04-10
ACC1183,Bulk_Upload,25,2026-04-28
ACC1324,Bulk_Upload,98,2026-04-09
ACC1381,Dashboard,33,2026-04-19
ACC1111,API_Access,78,2026-04-12
ACC1042,Report_Gen,9,2026-05-01
ACC1174,API_Access,26,2026-04-18
ACC1496,Team_Collab,36,2026-04-30
ACC1199,Dashboard,12,2026-05-05
ACC1411,Bulk_Upload,42,2026-04-26
ACC1289,API_Access,98,2026-04-24
ACC1218,Report_Gen,22,2026-04-16
ACC1474,Team_Collab,85,2026-04-09
ACC1387,Bulk_Upload,36,2026-04-07
ACC1340,Team_Collab,74,2026-05-03
ACC1067,Dashboard,91,2026-04-26
ACC1443,Team_Collab,8,2026-04-18
ACC1026,Team_Collab,85,2026-04-08
ACC1410,Team_Collab,77,2026-04-27
ACC1353,Bulk_Upload,91,2026-04-18
ACC1207,Report_Gen,72,2026-04-15
ACC1304,Report_Gen,64,2026-04-28
ACC1377,Dashboard,23,2026-04-17
ACC1220,Bulk_Upload,7,2026-05-04
ACC1070,Team_Collab,26,2026-04-24
ACC1229,Bulk_Upload,14,2026-04-07
ACC1448,Report_Gen,24,2026-04-14
ACC1498,Team_Collab,85,2026-05-04
ACC1189,Report_Gen,49,2026-04-07
ACC1279,API_Access,2,2026-04-06
ACC1305,Dashboard,71,2026-04-21
ACC1204,Team_Collab,18,2026-04-09
ACC1373,Team_Collab,33,2026-04-16
ACC1494,Bulk_Upload,51,2026-04-11
ACC1019,Team_Collab,52,2026-05-04
ACC1187,Team_Collab,26,2026-04-22
ACC1300,API_Access,14,2026-04-26
ACC1449,API_Access,92,2026-04-11
ACC1127,Report_Gen,86,2026-04-09
ACC1255,Dashboard,71,2026-04-29
ACC1026,Team_Collab,73,2026-04-16
ACC1212,Report_Gen,34,2026-05-03
ACC1434,Bulk_Upload,39,2026-04-16
ACC1350,Team_Collab,20,2026-04-21
ACC1452,Report_Gen,24,2026-04-18
ACC1303,Bulk_Upload,25,2026-05-03
ACC1214,API_Access,51,2026-04-17
ACC1219,Team_Collab,24,2026-04-06
ACC1378,Team_Collab,76,2026-04-15
ACC1214,API_Access,42,2026-04-11
ACC1147,Dashboard,77,2026-04-15
ACC1169,Bulk_Upload,27,2026-04-13
ACC1096,Dashboard,60,2026-05-03
ACC1081,API_Access,6,2026-05-02
ACC1017,Report_Gen,53,2026-04-12
ACC1107,Team_Collab,86,2026-04-13
ACC1213,Team_Collab,62,2026-04-21
ACC1049,Dashboard,4,2026-04-08
ACC1274,API_Access,89,2026-04-10
ACC1217,Bulk_Upload,36,2026-04-22
ACC1248,API_Access,15,2026-04-10
ACC1121,Team_Collab,60,2026-04-08
ACC1319,Bulk_Upload,38,2026-04-15
ACC1190,Report_Gen,31,2026-04-19
ACC1165,Dashboard,42,2026-05-01
ACC1248,Report_Gen,19,2026-04-19
ACC1255,API_Access,54,2026-04-24
ACC1336,Report_Gen,23,2026-05-02
ACC1463,API_Access,61,2026-04-16
ACC1180,API_Access,78,2026-04-22
ACC1498,Bulk_Upload,88,2026-04-23
ACC1099,Report_Gen,22,2026-05-02
ACC1242,Dashboard,86,2026-04-26
ACC1400,API_Access,25,2026-04-26
ACC1093,Team_Collab,11,2026-04-07
ACC1455,Report_Gen,37,2026-04-24
ACC1371,Team_Collab,84,2026-04-13
ACC1062,Dashboard,58,2026-04-24
ACC1432,Dashboard,40,2026-04-11
ACC1387,Team_Collab,27,2026-04-13
ACC1170,Bulk_Upload,61,2026-04-30
ACC1268,Team_Collab,95,2026-04-28
ACC1498,Bulk_Upload,19,2026-04-09
ACC1434,API_Access,6,2026-04-15
ACC1351,Bulk_Upload,56,2026-04-28
ACC1034,API_Access,16,2026-04-10
ACC1278,Bulk_Upload,37,2026-04-12
ACC1492,API_Access,76,2026-04-22
ACC1469,API_Access,51,2026-04-11
ACC1029,API_Access,94,2026-04-12
ACC1319,Bulk_Upload,37,2026-04-30
ACC1068,Team_Collab,37,2026-04-23
ACC1045,Bulk_Upload,21,2026-05-05
ACC1493,Report_Gen,34,2026-04-19
ACC1409,Report_Gen,70,2026-05-01
ACC1042,Bulk_Upload,7,2026-04-27
ACC1137,Team_Collab,35,2026-04-21
ACC1405,Report_Gen,16,2026-04-09
ACC1309,Team_Collab,33,2026-04-24
ACC1364,Team_Collab,77,2026-04-13
ACC1204,Dashboard,3,2026-04-30
ACC1061,Report_Gen,83,2026-04-13
ACC1216,API_Access,33,2026-05-05
ACC1083,API_Access,16,2026-04-10
ACC1013,API_Access,53,2026-04-18
ACC1337,Team_Collab,18,2026-05-03
ACC1041,Team_Collab,33,2026-04-28
ACC1326,API_Access,12,2026-04-23
ACC1164,Bulk_Upload,28,2026-04-13
ACC1142,Team_Collab,21,2026-04-27
ACC1143,Dashboard,99,2026-04-19
ACC1068,API_Access,52,2026-04-11
ACC1348,API_Access,94,2026-05-02
ACC1321,Bulk_Upload,72,2026-05-03
ACC1025,API_Access,15,2026-04-29
ACC1016,API_Access,74,2026-04-17
ACC1202,Dashboard,51,2026-04-17
ACC1045,API_Access,55,2026-05-05
ACC1372,Bulk_Upload,99,2026-04-29
ACC1021,Dashboard,43,2026-05-01
ACC1184,Report_Gen,76,2026-05-03
ACC1361,Team_Collab,48,2026-04-08
ACC1056,Dashboard,58,2026-04-08
ACC1058,Dashboard,97,2026-04-07
ACC1329,Team_Collab,80,2026-04-11
ACC1219,Dashboard,48,2026-04-14
ACC1331,API_Access,1,2026-04-14
ACC1072,Dashboard,37,2026-04-20
ACC1494,Report_Gen,20,2026-04-22
ACC1427,Report_Gen,23,2026-04-24
ACC1404,Bulk_Upload,11,2026-04-23
ACC1215,Team_Collab,80,2026-04-18
ACC1168,Team_Collab,86,2026-04-14
ACC1214,Team_Collab,99,2026-04-12
ACC1402,Report_Gen,67,2026-04-13
ACC1342,Dashboard,40,2026-04-21
ACC1019,Team_Collab,92,2026-05-03
ACC1231,Report_Gen,31,2026-04-16
ACC1355,Report_Gen,78,2026-04-23
ACC1375,Bulk_Upload,84,2026-04-18
ACC1359,API_Access,14,2026-04-16
ACC1430,Report_Gen,26,2026-04-20
ACC1232,Report_Gen,78,2026-05-05
ACC1275,Dashboard,98,2026-04-12
ACC1216,Dashboard,59,2026-04-18
ACC1015,Team_Collab,29,2026-04-18
ACC1499,Report_Gen,99,2026-04-15
ACC1113,Bulk_Upload,30,2026-04-17
ACC1155,Report_Gen,95,2026-04-14
ACC1049,API_Access,78,2026-04-07
ACC1035,Team_Collab,99,2026-04-17
ACC1358,Bulk_Upload,9,2026-04-22
ACC1493,Report_Gen,24,2026-04-06
ACC1231,Team_Collab,46,2026-04-13
ACC1409,API_Access,89,2026-04-26
ACC1468,Team_Collab,12,2026-04-16
ACC1417,Bulk_Upload,16,2026-04-11
ACC1418,Dashboard,9,2026-04-19
ACC1369,API_Access,38,2026-04-23
ACC1119,Dashboard,44,2026-04-19
ACC1240,Report_Gen,46,2026-04-21
ACC1453,Dashboard,94,2026-04-22
ACC1280,Dashboard,69,2026-04-11
ACC1413,Report_Gen,55,2026-04-23
ACC1195,Bulk_Upload,41,2026-04-06
ACC1126,Bulk_Upload,39,2026-04-27
ACC1337,Bulk_Upload,26,2026-04-22
ACC1354,Team_Collab,65,2026-04-30
ACC1106,Bulk_Upload,28,2026-04-11
ACC1118,Dashboard,84,2026-04-28
ACC1342,Dashboard,96,2026-04-26
ACC1069,Report_Gen,87,2026-04-09
ACC1183,Bulk_Upload,39,2026-05-05
ACC1475,API_Access,54,2026-04-16
ACC1397,Bulk_Upload,87,2026-04-24
ACC1215,Bulk_Upload,16,2026-05-01
ACC1417,Report_Gen,2,2026-05-03
ACC1155,Bulk_Upload,78,2026-04-30
ACC1424,Dashboard,37,2026-04-15
ACC1366,Team_Collab,86,2026-04-28
ACC1276,Bulk_Upload,95,2026-04-28
ACC1498,Bulk_Upload,27,2026-04-09
ACC1304,Bulk_Upload,39,2026-04-06
ACC1256,Team_Collab,47,2026-04-08
ACC1337,Team_Collab,28,2026-04-24
ACC1364,API_Access,19,2026-05-05
ACC1495,Bulk_Upload,44,2026-04-21
ACC1169,Dashboard,95,2026-04-27
ACC1223,Bulk_Upload,38,2026-04-16
ACC1490,Report_Gen,75,2026-04-23
ACC1071,Bulk_Upload,86,2026-04-09
ACC1165,Dashboard,93,2026-04-11
ACC1019,Report_Gen,26,2026-04-07
ACC1193,Report_Gen,54,2026-04-11
ACC1340,Bulk_Upload,78,2026-04-12
ACC1472,Report_Gen,27,2026-04-13
ACC1494,Report_Gen,88,2026-04-28
ACC1432,API_Access,18,2026-04-24
ACC1208,Team_Collab,93,2026-04-13
ACC1376,Dashboard,47,2026-04-20
ACC1158,Report_Gen,74,2026-04-18
ACC1331,Dashboard,75,2026-04-09
ACC1426,Report_Gen,30,2026-04-27
ACC1256,API_Access,16,2026-04-10
ACC1158,Report_Gen,20,2026-04-19
ACC1267,Dashboard,80,2026-05-02
ACC1220,Bulk_Upload,14,2026-04-16
ACC1156,Dashboard,65,2026-04-19
ACC1350,Report_Gen,97,2026-04-06
ACC1130,API_Access,4,2026-04-23
ACC1206,API_Access,75,2026-04-21
ACC1433,Dashboard,1,2026-04-24
ACC1212,Dashboard,55,2026-05-03
ACC1487,Report_Gen,78,2026-04-11
ACC1105,Team_Collab,30,2026-04-08
ACC1420,Bulk_Upload,9,2026-04-26
ACC1442,Report_Gen,44,2026-04-24
ACC1212,API_Access,1,2026-05-03
ACC1428,Bulk_Upload,75,2026-04-28
ACC1472,Dashboard,6,2026-04-27
ACC1477,Bulk_Upload,22,2026-04-25
ACC1435,API_Access,83,2026-04-14
ACC1125,Dashboard,44,2026-04-06
ACC1427,Team_Collab,36,2026-05-02
ACC1093,Dashboard,37,2026-04-26
ACC1084,Team_Collab,97,2026-05-01
ACC1054,Bulk_Upload,58,2026-04-07
ACC1185,API_Access,84,2026-04-14
ACC1314,Dashboard,37,2026-04-08
ACC1138,Dashboard,38,2026-04-08
ACC1165,API_Access,26,2026-05-05
ACC1475,Report_Gen,50,2026-04-16
ACC1073,Team_Collab,100,2026-04-24
ACC1364,Report_Gen,20,2026-04-21
ACC1113,Dashboard,27,2026-04-30
ACC1227,Bulk_Upload,90,2026-04-26
ACC1321,Team_Collab,82,2026-04-26
ACC1095,Report_Gen,81,2026-04-30
ACC1267,API_Access,58,2026-04-21
ACC1081,Team_Collab,55,2026-05-01
ACC1261,Bulk_Upload,62,2026-04-23
ACC1333,Team_Collab,46,2026-04-28
ACC1380,Team_Collab,19,2026-04-26
ACC1133,Team_Collab,28,2026-04-30
ACC1406,Dashboard,73,2026-04-13
ACC1315,Dashboard,37,2026-05-03
ACC1184,Dashboard,63,2026-04-14
ACC1025,API_Access,35,2026-04-29
ACC1381,API_Access,52,2026-04-17
ACC1046,Report_Gen,35,2026-04-26
ACC1248,Bulk_Upload,65,2026-05-05
ACC1154,API_Access,84,2026-04-26
ACC1440,Dashboard,89,2026-04-28
ACC1342,Team_Collab,45,2026-05-02
ACC1076,API_Access,89,2026-04-28
ACC1200,Team_Collab,72,2026-04-07
ACC1247,Team_Collab,95,2026-04-07
ACC1097,Team_Collab,53,2026-04-30
ACC1246,Dashboard,24,2026-04-15
ACC1346,Bulk_Upload,60,2026-04-24
ACC1405,Dashboard,56,2026-04-27
ACC1004,Report_Gen,17,2026-04-09
ACC1023,Bulk_Upload,33,2026-04-22
ACC1073,Bulk_Upload,77,2026-04-18
ACC1358,Dashboard,5,2026-04-22
ACC1398,Team_Collab,10,2026-04-09
ACC1084,API_Access,64,2026-04-30
ACC1017,Bulk_Upload,2,2026-04-12
ACC1027,Report_Gen,80,2026-04-25
ACC1158,Team_Collab,56,2026-04-26
ACC1315,Dashboard,87,2026-04-21
ACC1204,Dashboard,49,2026-04-24
ACC1306,API_Access,50,2026-04-25
ACC1031,API_Access,65,2026-04-07
ACC1060,Dashboard,55,2026-04-06
ACC1316,Report_Gen,59,2026-04-11
ACC1109,API_Access,37,2026-05-05
ACC1247,Report_Gen,7,2026-04-08
ACC1284,API_Access,33,2026-04-26
ACC1048,Bulk_Upload,67,2026-05-05
ACC1412,Team_Collab,100,2026-04-14
ACC1036,Report_Gen,79,2026-04-18
ACC1190,Bulk_Upload,8,2026-05-02
ACC1398,Bulk_Upload,71,2026-04-07
ACC1256,Dashboard,22,2026-04-20
ACC1443,Team_Collab,18,2026-05-03
ACC1266,Dashboard,10,2026-05-03
ACC1309,API_Access,98,2026-05-04
ACC1034,Report_Gen,57,2026-05-02
ACC1203,Report_Gen,78,2026-04-16
ACC1345,Bulk_Upload,20,2026-04-21
ACC1250,Bulk_Upload,24,2026-04-09
ACC1288,API_Access,9,2026-04-28
ACC1109,Report_Gen,74,2026-04-07
ACC1320,Bulk_Upload,39,2026-04-12
ACC1319,Report_Gen,84,2026-04-26
ACC1140,API_Access,13,2026-04-22
ACC1357,Dashboard,45,2026-04-09
ACC1255,Dashboard,4,2026-04-12
ACC1101,Dashboard,34,2026-04-27
ACC1254,Dashboard,66,2026-04-19
ACC1153,Team_Collab,78,2026-04-20
ACC1272,API_Access,57,2026-04-24
ACC1339,Team_Collab,19,2026-04-26
ACC1057,Bulk_Upload,36,2026-04-09
ACC1285,Team_Collab,62,2026-04-09
ACC1366,Team_Collab,51,2026-04-09
ACC1445,Report_Gen,55,2026-04-26
ACC1357,Dashboard,12,2026-04-17
ACC1010,API_Access,16,2026-04-23
ACC1403,API_Access,46,2026-04-15
ACC1315,Report_Gen,80,2026-05-04
ACC1240,Report_Gen,90,2026-04-23
ACC1383,Bulk_Upload,81,2026-05-03
ACC1404,Bulk_Upload,70,2026-04-15
ACC1242,Report_Gen,76,2026-04-15
ACC1339,Dashboard,51,2026-04-21
ACC1490,Dashboard,24,2026-04-20
ACC1103,Team_Collab,8,2026-05-02
ACC1316,API_Access,25,2026-04-12
ACC1163,Bulk_Upload,88,2026-04-08
ACC1329,Report_Gen,84,2026-05-01
ACC1479,API_Access,33,2026-04-07
ACC1282,Report_Gen,81,2026-04-25
ACC1250,Report_Gen,79,2026-04-22
ACC1353,Team_Collab,49,2026-04-26
ACC1314,Team_Collab,50,2026-04-11
ACC1420,Team_Collab,15,2026-04-19
ACC1175,Report_Gen,51,2026-04-21
ACC1322,Dashboard,17,2026-04-16
ACC1012,Team_Collab,69,2026-04-16
ACC1387,API_Access,65,2026-04-18
ACC1451,Bulk_Upload,8,2026-05-01
ACC1309,Bulk_Upload,45,2026-04-28
ACC1269,Bulk_Upload,62,2026-04-23
ACC1072,API_Access,15,2026-05-03
ACC1233,Report_Gen,97,2026-04-11
ACC1008,Team_Collab,44,2026-04-20
ACC1009,Team_Collab,15,2026-04-08
ACC1073,API_Access,18,2026-04-14
ACC1491,Team_Collab,42,2026-04-18
ACC1208,API_Access,41,2026-04-13
ACC1417,Bulk_Upload,76,2026-05-04
ACC1105,API_Access,55,2026-04-16
ACC1111,Report_Gen,50,2026-04-08
ACC1470,Team_Collab,41,2026-04-14
ACC1366,API_Access,82,2026-04-24
ACC1062,Team_Collab,4,2026-04-26
ACC1189,Dashboard,100,2026-04-09
ACC1354,Team_Collab,90,2026-04-15
ACC1294,API_Access,18,2026-04-13
ACC1201,Team_Collab,23,2026-04-20
ACC1002,API_Access,50,2026-04-14
ACC1326,API_Access,45,2026-04-06
ACC1270,API_Access,32,2026-04-17
ACC1062,Bulk_Upload,42,2026-04-06
ACC1471,Report_Gen,42,2026-04-26
ACC1256,Dashboard,7,2026-04-15
ACC1144,Report_Gen,57,2026-04-09
ACC1139,Report_Gen,38,2026-04-13
ACC1331,Team_Collab,66,2026-04-06
ACC1405,Team_Collab,17,2026-04-08
ACC1380,API_Access,59,2026-04-13
ACC1188,Bulk_Upload,65,2026-05-04
ACC1172,API_Access,32,2026-04-16
ACC1211,Dashboard,51,2026-04-30
ACC1125,API_Access,58,2026-04-08
ACC1175,API_Access,92,2026-04-08
ACC1257,API_Access,54,2026-04-06
ACC1476,Team_Collab,6,2026-05-02
ACC1481,Team_Collab,61,2026-05-04
ACC1100,Dashboard,88,2026-05-01
ACC1051,Team_Collab,68,2026-04-30
ACC1101,Bulk_Upload,89,2026-04-18
ACC1265,Team_Collab,95,2026-04-21
ACC1485,API_Access,76,2026-05-04
ACC1291,API_Access,47,2026-04-20
ACC1264,API_Access,29,2026-05-05
ACC1019,Report_Gen,2,2026-04-17
ACC1424,Report_Gen,12,2026-04-28
ACC1180,Report_Gen,39,2026-04-27
ACC1412,Bulk_Upload,80,2026-04-11
ACC1171,Report_Gen,45,2026-04-17
ACC1489,Report_Gen,43,2026-05-03
ACC1278,Report_Gen,56,2026-05-05
ACC1422,Report_Gen,32,2026-04-29
ACC1006,API_Access,100,2026-04-17
ACC1256,API_Access,76,2026-04-20
ACC1006,Team_Collab,96,2026-04-14
ACC1373,API_Access,96,2026-04-14
ACC1240,Team_Collab,76,2026-04-11
ACC1240,Bulk_Upload,45,2026-05-03
ACC1299,API_Access,97,2026-05-04
ACC1029,Report_Gen,85,2026-04-14
ACC1004,Bulk_Upload,81,2026-04-18
ACC1361,API_Access,81,2026-04-15
ACC1473,API_Access,48,2026-04-10
ACC1442,Dashboard,33,2026-05-01
ACC1017,Bulk_Upload,59,2026-04-06
ACC1391,Dashboard,69,2026-04-08
ACC1259,Report_Gen,98,2026-04-26
ACC1009,Bulk_Upload,41,2026-04-15
ACC1212,Dashboard,97,2026-04-18
ACC1190,Bulk_Upload,93,2026-04-16
ACC1096,Dashboard,3,2026-04-21
ACC1196,API_Access,45,2026-04-20
ACC1128,Dashboard,61,2026-04-10
ACC1084,Report_Gen,54,2026-04-20
ACC1016,Bulk_Upload,33,2026-04-25
ACC1032,Report_Gen,22,2026-04-16
ACC1259,Team_Collab,53,2026-05-01
ACC1238,Team_Collab,43,2026-04-30
ACC1333,Bulk_Upload,71,2026-04-24
ACC1186,Report_Gen,7,2026-04-06
ACC1284,Bulk_Upload,30,2026-04-21
ACC1199,Dashboard,66,2026-04-19
ACC1305,API_Access,91,2026-04-21
ACC1330,Team_Collab,56,2026-04-21
ACC1488,Bulk_Upload,18,2026-04-16
ACC1082,Dashboard,76,2026-04-23
ACC1292,API_Access,16,2026-04-25
ACC1482,Team_Collab,37,2026-04-22
ACC1441,Report_Gen,1,2026-04-08
ACC1270,API_Access,17,2026-04-16
ACC1452,Dashboard,25,2026-05-01
ACC1095,Report_Gen,45,2026-04-27
ACC1176,Bulk_Upload,59,2026-04-30
ACC1299,Dashboard,20,2026-04-17
ACC1272,Team_Collab,13,2026-04-15
ACC1060,Report_Gen,89,2026-04-29
ACC1443,Bulk_Upload,57,2026-04-07
ACC1497,Dashboard,24,2026-04-26
ACC1465,API_Access,16,2026-04-11
ACC1413,API_Access,23,2026-04-27
ACC1136,Bulk_Upload,59,2026-04-20
ACC1446,Bulk_Upload,27,2026-04-25
ACC1216,Report_Gen,15,2026-04-29
ACC1004,Team_Collab,23,2026-04-15
ACC1411,Bulk_Upload,19,2026-04-11
ACC1117,API_Access,25,2026-04-22
ACC1406,API_Access,69,2026-04-20
ACC1143,API_Access,42,2026-04-26
ACC1315,Team_Collab,38,2026-04-12
ACC1195,Bulk_Upload,68,2026-05-05
ACC1430,Dashboard,57,2026-04-18
ACC1027,Team_Collab,85,2026-04-30
ACC1167,Report_Gen,72,2026-04-24
ACC1376,Report_Gen,11,2026-05-03
ACC1379,Team_Collab,17,2026-04-14
ACC1348,Dashboard,56,2026-04-08
ACC1214,Bulk_Upload,35,2026-04-24
ACC1305,Team_Collab,34,2026-05-02
ACC1496,Bulk_Upload,9,2026-04-22
ACC1410,Bulk_Upload,65,2026-04-23
ACC1369,Team_Collab,73,2026-05-05
ACC1003,Dashboard,50,2026-04-18
ACC1413,Team_Collab,58,2026-04-14
ACC1221,Report_Gen,89,2026-04-19
ACC1279,Report_Gen,45,2026-04-25
ACC1320,API_Access,48,2026-04-17
ACC1286,Report_Gen,68,2026-04-17
ACC1312,API_Access,60,2026-04-27
ACC1402,API_Access,3,2026-04-11
ACC1294,API_Access,31,2026-04-30
ACC1471,Report_Gen,10,2026-04-18
ACC1097,Team_Collab,72,2026-04-08
ACC1266,Team_Collab,2,2026-04-19
ACC1185,Report_Gen,98,2026-04-29
ACC1392,Bulk_Upload,30,2026-04-11
ACC1395,Bulk_Upload,21,2026-04-09
ACC1481,Report_Gen,96,2026-04-07
ACC1231,Report_Gen,32,2026-04-30
ACC1070,Report_Gen,11,2026-04-16
ACC1307,Team_Collab,95,2026-04-20
ACC1452,Report_Gen,99,2026-04-10
ACC1253,Report_Gen,74,2026-04-19
ACC1153,API_Access,46,2026-05-04
ACC1340,Team_Collab,14,2026-04-19
ACC1481,Dashboard,9,2026-04-27
ACC1242,Dashboard,13,2026-04-21
ACC1257,Team_Collab,25,2026-04-19
ACC1039,Dashboard,62,2026-04-22
ACC1343,Bulk_Upload,40,2026-05-02
ACC1009,Bulk_Upload,10,2026-04-27
ACC1236,Bulk_Upload,85,2026-05-03
ACC1161,API_Access,66,2026-05-01
ACC1272,Bulk_Upload,22,2026-04-16
ACC1383,Report_Gen,46,2026-04-11
ACC1236,Dashboard,57,2026-04-23
ACC1403,API_Access,42,2026-04-25
ACC1373,Dashboard,22,2026-04-16
ACC1111,Report_Gen,38,2026-04-19
ACC1348,Report_Gen,9,2026-04-11
ACC1123,API_Access,88,2026-04-28
ACC1357,Team_Collab,62,2026-04-17
ACC1182,Dashboard,35,2026-04-19
ACC1299,API_Access,38,2026-04-08
ACC1018,Report_Gen,91,2026-04-11
ACC1371,Team_Collab,82,2026-04-24
ACC1169,Team_Collab,71,2026-04-19
ACC1336,Report_Gen,99,2026-04-28
ACC1347,Report_Gen,6,2026-04-14
ACC1124,Report_Gen,66,2026-04-11
ACC1199,Bulk_Upload,85,2026-04-29
ACC1466,Bulk_Upload,25,2026-04-24
ACC1181,Report_Gen,52,2026-05-02
ACC1287,API_Access,68,2026-04-29
ACC1071,API_Access,93,2026-04-27
ACC1422,API_Access,88,2026-04-06
ACC1248,Bulk_Upload,7,2026-04-24
ACC1420,API_Access,82,2026-04-18
ACC1018,Bulk_Upload,61,2026-04-13
ACC1269,Team_Collab,37,2026-05-03
ACC1298,API_Access,54,2026-04-09
ACC1457,Bulk_Upload,78,2026-05-03
ACC1217,Team_Collab,99,2026-05-03
ACC1483,Report_Gen,16,2026-05-05
ACC1091,Team_Collab,62,2026-05-02
ACC1490,API_Access,44,2026-04-07
ACC1306,Report_Gen,38,2026-04-11
ACC1192,API_Access,36,2026-04-24
ACC1390,Report_Gen,21,2026-04-21
ACC1149,Report_Gen,89,2026-05-01
ACC1220,Team_Collab,43,2026-04-24
ACC1315,Dashboard,84,2026-04-09
ACC1125,Dashboard,90,2026-04-09
ACC1061,Bulk_Upload,10,2026-04-17
ACC1488,Dashboard,92,2026-05-05
ACC1242,API_Access,82,2026-04-16
ACC1443,API_Access,27,2026-04-20
ACC1311,Team_Collab,97,2026-04-17
ACC1332,Bulk_Upload,29,2026-04-10
ACC1082,Team_Collab,54,2026-04-14
ACC1170,Dashboard,82,2026-04-17
ACC1344,Report_Gen,39,2026-05-03
ACC1006,Dashboard,76,2026-05-01
ACC1260,Report_Gen,74,2026-04-30
ACC1281,Dashboard,44,2026-04-09
ACC1179,Bulk_Upload,24,2026-04-15
ACC1195,Dashboard,49,2026-04-24
ACC1393,Team_Collab,9,2026-04-10
ACC1042,Report_Gen,58,2026-04-29
ACC1227,Dashboard,66,2026-04-10
ACC1199,Report_Gen,15,2026-04-08
ACC1229,Team_Collab,76,2026-04-14
ACC1138,Team_Collab,60,2026-04-15
ACC1210,Report_Gen,75,2026-05-01
ACC1255,Team_Collab,12,2026-04-29
ACC1104,API_Access,93,2026-04-25
ACC1455,Report_Gen,6,2026-04-25
ACC1177,API_Access,9,2026-05-04
ACC1387,Report_Gen,48,2026-04-11
ACC1050,Report_Gen,22,2026-04-15
ACC1177,Dashboard,41,2026-05-05
ACC1173,Dashboard,89,2026-04-22
ACC1498,API_Access,40,2026-04-19
ACC1158,API_Access,88,2026-04-21
ACC1060,API_Access,31,2026-05-02
ACC1366,Dashboard,15,2026-04-16
ACC1408,API_Access,42,2026-05-02
ACC1129,Bulk_Upload,24,2026-04-16
ACC1334,Team_Collab,69,2026-04-27
ACC1171,Bulk_Upload,46,2026-04-11
ACC1035,Dashboard,87,2026-05-02
ACC1091,Dashboard,19,2026-04-30
ACC1238,Report_Gen,35,2026-04-24
ACC1070,Dashboard,33,2026-04-07
ACC1116,Report_Gen,38,2026-04-15
ACC1347,Report_Gen,43,2026-04-22
ACC1139,Bulk_Upload,24,2026-04-22
ACC1243,Bulk_Upload,52,2026-04-12
ACC1196,Team_Collab,58,2026-05-03
ACC1075,Report_Gen,68,2026-04-12
ACC1474,API_Access,52,2026-04-28
ACC1433,Bulk_Upload,25,2026-04-11
ACC1028,Dashboard,62,2026-04-29
ACC1423,Team_Collab,78,2026-04-12
ACC1368,API_Access,41,2026-04-27
ACC1339,Bulk_Upload,7,2026-05-02
ACC1491,Bulk_Upload,51,2026-04-14
ACC1493,Team_Collab,83,2026-04-10
ACC1397,API_Access,47,2026-04-29
ACC1480,Bulk_Upload,20,2026-04-26
ACC1227,Dashboard,85,2026-04-25
ACC1118,Report_Gen,47,2026-04-22
ACC1320,API_Access,3,2026-04-19
ACC1202,Bulk_Upload,79,2026-04-30
ACC1103,Bulk_Upload,8,2026-04-25
ACC1436,API_Access,100,2026-04-14
ACC1319,API_Access,62,2026-04-12
ACC1114,Team_Collab,8,2026-04-15
ACC1199,API_Access,9,2026-04-17
ACC1155,Bulk_Upload,78,2026-04-11
ACC1005,Report_Gen,90,2026-04-26
ACC1348,Bulk_Upload,8,2026-04-09
ACC1450,Dashboard,33,2026-04-08
ACC1290,Bulk_Upload,100,2026-04-25
ACC1433,Report_Gen,91,2026-04-20
ACC1316,Bulk_Upload,96,2026-05-01
ACC1491,Team_Collab,39,2026-04-30
ACC1353,API_Access,47,2026-04-15
ACC1030,API_Access,56,2026-04-20
ACC1018,Dashboard,8,2026-04-16
ACC1107,Team_Collab,6,2026-04-11
ACC1262,Team_Collab,5,2026-04-11
ACC1209,Report_Gen,56,2026-04-15
ACC1315,Bulk_Upload,25,2026-04-17
ACC1217,Report_Gen,13,2026-04-14
ACC1479,Dashboard,79,2026-04-15
ACC1453,Team_Collab,21,2026-04-19
ACC1070,Team_Collab,14,2026-04-09
ACC1152,Dashboard,62,2026-05-03
ACC1442,Bulk_Upload,25,2026-04-12
ACC1354,Dashboard,26,2026-05-03
ACC1019,Team_Collab,85,2026-04-20
ACC1085,API_Access,39,2026-04-24
ACC1490,Team_Collab,40,2026-04-25
ACC1372,Bulk_Upload,83,2026-04-25
ACC1217,API_Access,19,2026-04-20
ACC1326,Bulk_Upload,15,2026-04-07
ACC1185,Bulk_Upload,37,2026-04-25
ACC1317,Bulk_Upload,62,2026-05-05
ACC1195,API_Access,70,2026-04-28
ACC1356,Bulk_Upload,8,2026-04-08
ACC1140,Team_Collab,1,2026-04-21
ACC1481,Team_Collab,99,2026-04-25
ACC1488,API_Access,9,2026-05-04
ACC1350,Bulk_Upload,21,2026-04-25
ACC1086,Dashboard,36,2026-04-19
ACC1202,Team_Collab,94,2026-04-27
ACC1039,Dashboard,45,2026-04-07
ACC1385,Bulk_Upload,96,2026-04-18
ACC1193,Team_Collab,88,2026-05-03
ACC1274,API_Access,93,2026-04-10
ACC1114,Dashboard,79,2026-04-10
ACC1088,API_Access,1,2026-04-16
ACC1229,API_Access,89,2026-04-24
ACC1427,API_Access,47,2026-04-25
ACC1193,Dashboard,33,2026-04-17
ACC1258,Report_Gen,15,2026-04-24
ACC1437,Bulk_Upload,67,2026-04-12
ACC1399,API_Access,47,2026-05-02
ACC1370,API_Access,19,2026-05-01
ACC1132,Bulk_Upload,63,2026-05-03
ACC1093,Team_Collab,23,2026-04-16
ACC1407,Team_Collab,58,2026-04-19
ACC1360,Team_Collab,51,2026-04-19
ACC1439,API_Access,78,2026-04-16
ACC1137,Report_Gen,1,2026-04-08
ACC1398,API_Access,40,2026-04-24
ACC1042,API_Access,85,2026-04-13
ACC1078,Report_Gen,21,2026-05-02
ACC1040,API_Access,23,2026-05-04
ACC1056,Dashboard,8,2026-04-15
ACC1485,API_Access,44,2026-04-06
ACC1413,Report_Gen,20,2026-04-30
ACC1137,Report_Gen,80,2026-04-25
ACC1235,Bulk_Upload,65,2026-04-27
ACC1285,Bulk_Upload,73,2026-04-09
ACC1084,API_Access,62,2026-04-21
ACC1489,Team_Collab,78,2026-04-07
ACC1473,Report_Gen,18,2026-05-04
ACC1204,API_Access,55,2026-04-16
ACC1131,Report_Gen,71,2026-04-30
ACC1071,Dashboard,31,2026-04-10
ACC1293,Team_Collab,18,2026-04-14
ACC1283,API_Access,22,2026-04-23
ACC1139,Team_Collab,96,2026-04-11
ACC1418,Report_Gen,48,2026-05-02
ACC1039,Report_Gen,46,2026-04-16
ACC1371,Team_Collab,46,2026-04-26
ACC1210,Bulk_Upload,2,2026-04-08
ACC1482,Team_Collab,24,2026-04-27
ACC1343,Team_Collab,76,2026-04-24
ACC1126,Team_Collab,23,2026-05-05
ACC1276,Bulk_Upload,2,2026-04-09
ACC1231,Report_Gen,47,2026-04-25
ACC1225,Bulk_Upload,63,2026-04-18
ACC1163,API_Access,38,2026-04-15
ACC1307,API_Access,81,2026-04-13
ACC1396,Bulk_Upload,97,2026-04-19
ACC1064,Dashboard,79,2026-04-16
ACC1288,Team_Collab,78,2026-04-13
ACC1468,Team_Collab,77,2026-04-13
ACC1234,API_Access,74,2026-05-05
ACC1109,Report_Gen,60,2026-04-09
ACC1123,Dashboard,75,2026-04-15
ACC1342,Team_Collab,26,2026-04-22
ACC1205,API_Access,10,2026-04-08
ACC1161,Dashboard,20,2026-04-19
ACC1047,API_Access,100,2026-04-15
ACC1011,Dashboard,25,2026-04-11
ACC1459,API_Access,59,2026-04-18
ACC1110,Bulk_Upload,6,2026-04-10
ACC1438,Report_Gen,78,2026-04-13
ACC1280,Report_Gen,80,2026-04-06
ACC1342,Dashboard,74,2026-04-14
ACC1007,Report_Gen,36,2026-04-24
ACC1032,API_Access,67,2026-05-01
ACC1197,Report_Gen,32,2026-04-15
ACC1412,Dashboard,68,2026-04-08
ACC1372,Report_Gen,52,2026-04-15
ACC1169,Team_Collab,27,2026-04-27
ACC1379,Dashboard,74,2026-04-09
ACC1079,API_Access,1,2026-04-23
ACC1414,Bulk_Upload,83,2026-05-04
ACC1063,Dashboard,47,2026-04-15
ACC1277,Bulk_Upload,9,2026-05-02
ACC1238,API_Access,22,2026-04-23
ACC1355,Report_Gen,65,2026-04-07
ACC1329,Bulk_Upload,66,2026-04-24
ACC1273,Bulk_Upload,27,2026-04-22
ACC1324,Team_Collab,50,2026-04-29
ACC1460,Dashboard,28,2026-04-22
ACC1464,Dashboard,63,2026-04-09
ACC1225,Bulk_Upload,89,2026-04-19
ACC1110,Bulk_Upload,47,2026-05-04
ACC1248,Report_Gen,23,2026-05-02
ACC1096,Report_Gen,21,2026-05-04
ACC1414,API_Access,63,2026-04-10
ACC1292,Team_Collab,11,2026-04-08
ACC1426,Report_Gen,41,2026-05-04
ACC1391,Bulk_Upload,69,2026-04-27
ACC1389,Bulk_Upload,48,2026-04-09
ACC1070,Report_Gen,67,2026-05-05
ACC1026,Report_Gen,44,2026-04-20
ACC1161,Bulk_Upload,88,2026-04-27
ACC1132,Report_Gen,64,2026-05-01
ACC1107,Bulk_Upload,41,2026-04-28
ACC1238,API_Access,90,2026-04-10
ACC1132,Team_Collab,34,2026-04-07
ACC1127,Report_Gen,20,2026-05-05
ACC1375,Team_Collab,78,2026-04-16
ACC1279,Dashboard,21,2026-04-07
ACC1153,Report_Gen,97,2026-04-26
ACC1120,Report_Gen,77,2026-04-20
ACC1011,Dashboard,71,2026-04-16
ACC1289,Dashboard,97,2026-05-03
ACC1101,Team_Collab,70,2026-04-06
ACC1367,Dashboard,78,2026-04-15
ACC1319,Team_Collab,93,2026-04-18
ACC1466,Bulk_Upload,67,2026-04-17
ACC1081,Team_Collab,26,2026-05-05
ACC1195,Bulk_Upload,78,2026-05-05
ACC1300,Report_Gen,50,2026-04-27
ACC1165,API_Access,80,2026-04-09
ACC1469,Report_Gen,95,2026-05-05
ACC1060,Bulk_Upload,29,2026-04-06
ACC1287,Team_Collab,95,2026-04-25
ACC1093,Report_Gen,62,2026-04-11
ACC1184,Report_Gen,67,2026-04-15
ACC1060,API_Access,35,2026-04-09
ACC1000,Team_Collab,74,2026-05-05
ACC1007,Bulk_Upload,92,2026-04-22
ACC1063,Bulk_Upload,54,2026-04-07
ACC1409,Bulk_Upload,45,2026-04-26
ACC1242,API_Access,98,2026-04-16
ACC1483,Report_Gen,36,2026-04-19
ACC1148,API_Access,41,2026-04-27
ACC1390,Team_Collab,96,2026-04-22
ACC1083,API_Access,74,2026-04-13
ACC1038,Report_Gen,11,2026-04-08
ACC1361,Dashboard,75,2026-04-30
ACC1258,Dashboard,80,2026-04-09
ACC1007,Dashboard,17,2026-05-02
ACC1456,Report_Gen,33,2026-04-11
ACC1155,API_Access,98,2026-04-27
ACC1341,Team_Collab,49,2026-04-24
ACC1373,Report_Gen,78,2026-04-09
ACC1214,Bulk_Upload,18,2026-04-08
ACC1028,API_Access,37,2026-04-08
ACC1106,Dashboard,14,2026-04-07
ACC1254,Team_Collab,97,2026-04-09
ACC1164,Team_Collab,5,2026-04-17
ACC1211,Team_Collab,16,2026-04-12
ACC1062,API_Access,7,2026-04-22
ACC1279,Report_Gen,83,2026-04-14
ACC1015,Report_Gen,100,2026-04-18
ACC1294,Report_Gen,37,2026-04-22
ACC1280,Team_Collab,45,2026-04-24
ACC1114,Bulk_Upload,47,2026-04-24
ACC1371,Dashboard,79,2026-04-06
ACC1110,Bulk_Upload,18,2026-04-27
ACC1084,Team_Collab,45,2026-04-18
ACC1342,Report_Gen,20,2026-05-02
ACC1370,API_Access,75,2026-04-14
ACC1117,Bulk_Upload,51,2026-04-16
ACC1029,Team_Collab,87,2026-04-13
ACC1197,API_Access,66,2026-04-24
ACC1292,Report_Gen,1,2026-05-05
ACC1212,API_Access,37,2026-04-22
ACC1164,Bulk_Upload,83,2026-04-30
ACC1499,Dashboard,84,2026-04-07
ACC1064,Dashboard,54,2026-04-23
ACC1347,Bulk_Upload,1,2026-04-24
ACC1200,API_Access,39,2026-04-15
ACC1018,Bulk_Upload,61,2026-04-06
ACC1216,Dashboard,81,2026-05-04
ACC1287,API_Access,4,2026-04-27
ACC1252,Team_Collab,33,2026-04-27
ACC1024,Team_Collab,37,2026-04-19
ACC1219,Team_Collab,95,2026-05-03
ACC1251,Bulk_Upload,15,2026-04-24
ACC1379,Team_Collab,92,2026-04-12
ACC1369,Report_Gen,28,2026-04-07
ACC1004,Bulk_Upload,80,2026-04-17
ACC1202,Dashboard,13,2026-04-20
ACC1433,Report_Gen,64,2026-05-04
ACC1144,Bulk_Upload,26,2026-05-03
ACC1283,Team_Collab,87,2026-04-06
ACC1254,API_Access,51,2026-05-01
ACC1112,Bulk_Upload,22,2026-05-02
ACC1167,API_Access,48,2026-05-03
ACC1171,Team_Collab,38,2026-04-14
ACC1187,Team_Collab,29,2026-04-21
ACC1030,Report_Gen,95,2026-05-02
ACC1026,Report_Gen,31,2026-04-16
ACC1242,Bulk_Upload,30,2026-05-05
ACC1167,Dashboard,7,2026-04-22
ACC1366,Team_Collab,64,2026-04-23
ACC1083,Report_Gen,17,2026-04-14
ACC1230,API_Access,24,2026-04-27
ACC1437,Team_Collab,60,2026-05-02
ACC1413,Bulk_Upload,28,2026-04-20
ACC1164,Report_Gen,2,2026-04-17
ACC1242,API_Access,52,2026-04-18
ACC1149,API_Access,40,2026-04-14
ACC1333,Bulk_Upload,42,2026-04-19
ACC1054,Team_Collab,93,2026-04-22
ACC1094,Team_Collab,60,2026-04-20
ACC1250,API_Access,55,2026-05-01
ACC1120,Dashboard,37,2026-04-06
ACC1481,Team_Collab,95,2026-05-01
ACC1037,Team_Collab,75,2026-04-13
ACC1318,Team_Collab,54,2026-04-08
ACC1173,Bulk_Upload,66,2026-04-26
ACC1310,Team_Collab,57,2026-04-17
ACC1401,Dashboard,12,2026-04-20
ACC1373,API_Access,73,2026-05-04
ACC1137,Team_Collab,63,2026-04-10
ACC1467,Dashboard,49,2026-04-08
ACC1456,Report_Gen,86,2026-04-09
ACC1454,Dashboard,31,2026-04-23
ACC1011,Report_Gen,79,2026-04-27
ACC1173,API_Access,80,2026-04-15
ACC1255,Report_Gen,18,2026-04-30
ACC1120,Report_Gen,26,2026-04-14
ACC1451,API_Access,59,2026-04-07
ACC1344,Dashboard,23,2026-04-10
ACC1236,API_Access,4,2026-04-27
ACC1424,Dashboard,13,2026-04-07
ACC1103,Bulk_Upload,62,2026-04-21
ACC1006,Team_Collab,45,2026-04-08
ACC1254,Report_Gen,14,2026-04-29
ACC1068,API_Access,73,2026-04-23
ACC1009,Dashboard,68,2026-04-11
ACC1039,Report_Gen,97,2026-04-25
ACC1239,Report_Gen,23,2026-04-21
ACC1163,Team_Collab,29,2026-05-02
ACC1028,Bulk_Upload,48,2026-04-08
ACC1184,Dashboard,44,2026-04-06
ACC1135,API_Access,97,2026-04-26
ACC1220,Dashboard,34,2026-04-16
ACC1278,Team_Collab,43,2026-04-28
ACC1213,Report_Gen,65,2026-05-02
ACC1431,Bulk_Upload,31,2026-05-01
ACC1351,Report_Gen,24,2026-04-06
ACC1495,Dashboard,54,2026-04-17
ACC1020,API_Access,4,2026-04-26
ACC1438,Team_Collab,95,2026-04-25
ACC1340,Team_Collab,3,2026-04-12
ACC1185,Dashboard,53,2026-04-12
ACC1040,Team_Collab,65,2026-04-06
ACC1223,Report_Gen,66,2026-04-28
ACC1265,API_Access,81,2026-05-03
ACC1456,Team_Collab,12,2026-04-15
ACC1041,API_Access,11,2026-04-21
ACC1041,Team_Collab,52,2026-04-08
ACC1223,Dashboard,70,2026-04-28
ACC1111,Dashboard,13,2026-04-21
ACC1056,Bulk_Upload,56,2026-04-25
ACC1217,Bulk_Upload,81,2026-04-10
ACC1013,Bulk_Upload,37,2026-04-19
ACC1297,API_Access,27,2026-04-29
ACC1255,Dashboard,26,2026-05-03
ACC1176,Team_Collab,1,2026-04-16
ACC1029,Team_Collab,57,2026-04-26
ACC1118,Bulk_Upload,16,2026-04-11
ACC1000,Dashboard,29,2026-05-02
ACC1115,API_Access,100,2026-04-10
ACC1200,API_Access,27,2026-04-25
ACC1310,API_Access,48,2026-04-25
ACC1395,Report_Gen,30,2026-04-27
ACC1276,Report_Gen,10,2026-04-14
ACC1151,Bulk_Upload,55,2026-05-02
ACC1287,Dashboard,14,2026-04-12
ACC1097,Dashboard,41,2026-05-02
ACC1194,API_Access,51,2026-04-26
ACC1236,API_Access,56,2026-04-06
ACC1067,Report_Gen,51,2026-04-20
ACC1200,Bulk_Upload,31,2026-04-09
ACC1330,Dashboard,38,2026-04-13
ACC1066,Bulk_Upload,14,2026-04-26
ACC1076,API_Access,34,2026-04-06
ACC1344,API_Access,23,2026-04-20
ACC1224,API_Access,40,2026-05-05
ACC1291,Bulk_Upload,54,2026-04-25
ACC1462,Bulk_Upload,72,2026-04-18
ACC1000,Dashboard,28,2026-04-13
ACC1419,Team_Collab,75,2026-04-26
ACC1275,Dashboard,91,2026-05-02
ACC1023,Dashboard,20,2026-04-11
ACC1188,API_Access,95,2026-05-04
ACC1232,Bulk_Upload,83,2026-04-14
ACC1054,Dashboard,84,2026-04-18
ACC1090,API_Access,73,2026-05-05
ACC1267,API_Access,30,2026-04-08
ACC1271,Bulk_Upload,26,2026-04-26
ACC1116,Dashboard,97,2026-04-19
ACC1146,API_Access,39,2026-04-29
ACC1377,Dashboard,28,2026-04-19
ACC1406,API_Access,18,2026-04-21
ACC1450,Report_Gen,34,2026-05-05
ACC1184,Dashboard,18,2026-04-10
ACC1322,Bulk_Upload,61,2026-04-19
ACC1262,API_Access,84,2026-04-29
ACC1054,API_Access,6,2026-04-07
ACC1019,API_Access,21,2026-04-15
ACC1032,Team_Collab,11,2026-04-07
ACC1154,API_Access,72,2026-04-15
ACC1411,Report_Gen,79,2026-04-10
ACC1162,API_Access,82,2026-04-13
ACC1285,Report_Gen,55,2026-04-22
ACC1498,API_Access,61,2026-04-16
ACC1248,Team_Collab,92,2026-04-20
ACC1469,Report_Gen,65,2026-04-28
ACC1427,Bulk_Upload,34,2026-04-27
ACC1418,Report_Gen,82,2026-04-28
ACC1082,Dashboard,17,2026-04-22
ACC1136,Team_Collab,70,2026-04-06
ACC1174,API_Access,22,2026-04-18
ACC1449,Report_Gen,92,2026-04-22
ACC1356,Dashboard,1,2026-05-05
ACC1010,API_Access,92,2026-04-30
ACC1434,Dashboard,38,2026-05-01
ACC1167,Report_Gen,76,2026-04-10
ACC1410,Dashboard,11,2026-05-03
ACC1249,Dashboard,92,2026-04-25
ACC1440,Report_Gen,83,2026-04-07
ACC1126,Bulk_Upload,62,2026-05-05
ACC1460,Dashboard,40,2026-04-15
ACC1455,Bulk_Upload,36,2026-04-24
ACC1141,Bulk_Upload,75,2026-04-27
ACC1350,API_Access,93,2026-04-18
ACC1358,Bulk_Upload,23,2026-04-29
ACC1128,Report_Gen,84,2026-04-10
ACC1169,API_Access,47,2026-04-14
ACC1264,Team_Collab,9,2026-04-30
ACC1001,API_Access,85,2026-04-10
ACC1177,Dashboard,1,2026-04-28
ACC1310,Bulk_Upload,23,2026-04-10
ACC1016,Report_Gen,26,2026-04-07
ACC1398,Dashboard,64,2026-05-04
ACC1054,Dashboard,19,2026-04-10
ACC1044,Bulk_Upload,27,2026-04-07
ACC1438,Report_Gen,33,2026-05-01
ACC1382,API_Access,23,2026-04-29
ACC1209,Bulk_Upload,12,2026-04-26
ACC1017,API_Access,73,2026-05-03
ACC1497,API_Access,31,2026-04-17
ACC1264,Bulk_Upload,36,2026-04-27
ACC1297,Report_Gen,42,2026-04-21
ACC1165,Report_Gen,39,2026-04-18
ACC1378,Bulk_Upload,25,2026-04-17
ACC1330,API_Access,41,2026-04-08
ACC1472,Report_Gen,5,2026-04-27
ACC1374,API_Access,36,2026-04-08
ACC1374,API_Access,9,2026-04-09
ACC1488,Report_Gen,38,2026-04-14
ACC1207,Report_Gen,9,2026-05-02
ACC1251,Dashboard,82,2026-04-21
ACC1079,Bulk_Upload,27,2026-04-23
ACC1178,Dashboard,70,2026-04-07
ACC1267,Team_Collab,93,2026-04-23
ACC1224,Bulk_Upload,13,2026-04-07
ACC1435,Bulk_Upload,8,2026-04-19
ACC1136,Bulk_Upload,66,2026-04-20
ACC1381,API_Access,8,2026-04-13
ACC1121,API_Access,47,2026-04-22
ACC1321,Bulk_Upload,73,2026-04-17
ACC1228,API_Access,50,2026-04-15
ACC1378,API_Access,53,2026-05-03
ACC1394,Bulk_Upload,36,2026-04-26
ACC1178,Report_Gen,5,2026-04-13
ACC1192,Team_Collab,79,2026-04-12
ACC1275,Team_Collab,26,2026-04-18
ACC1026,Dashboard,38,2026-04-09
ACC1334,Report_Gen,75,2026-04-20
ACC1236,Bulk_Upload,80,2026-04-15
ACC1293,Team_Collab,66,2026-04-27
ACC1297,Report_Gen,29,2026-04-10
ACC1477,Dashboard,76,2026-04-12
ACC1100,API_Access,58,2026-04-20
ACC1279,Team_Collab,5,2026-04-17
ACC1479,Dashboard,21,2026-04-25
ACC1003,API_Access,18,2026-04-15
ACC1285,Team_Collab,24,2026-04-13
ACC1198,API_Access,74,2026-04-12
ACC1271,Bulk_Upload,94,2026-04-10
ACC1086,API_Access,50,2026-04-21
ACC1346,Dashboard,87,2026-04-13
ACC1038,Dashboard,69,2026-05-01
ACC1212,API_Access,98,2026-04-24
ACC1186,API_Access,78,2026-04-12
ACC1349,Report_Gen,54,2026-04-07
ACC1403,API_Access,16,2026-04-15
ACC1340,Bulk_Upload,29,2026-04-20
ACC1051,Dashboard,38,2026-04-23
ACC1424,API_Access,10,2026-04-23
ACC1480,Bulk_Upload,95,2026-04-25
ACC1469,Dashboard,55,2026-04-29
ACC1413,Report_Gen,75,2026-05-03
ACC1166,Dashboard,42,2026-04-20
ACC1017,Report_Gen,20,2026-04-29
ACC1215,Bulk_Upload,26,2026-04-24
ACC1218,Team_Collab,9,2026-04-06
ACC1453,Report_Gen,12,2026-04-09
ACC1305,Report_Gen,94,2026-04-10
ACC1107,Team_Collab,70,2026-04-28
ACC1073,Dashboard,61,2026-04-23
ACC1097,Report_Gen,16,2026-05-03
ACC1212,Dashboard,66,2026-04-29
ACC1304,API_Access,24,2026-04-29
ACC1313,Team_Collab,3,2026-04-29
ACC1010,Dashboard,25,2026-04-08
ACC1184,API_Access,53,2026-05-01
ACC1408,Dashboard,76,2026-04-28
ACC1151,Team_Collab,1,2026-05-04
ACC1241,Report_Gen,67,2026-04-16
ACC1349,Bulk_Upload,18,2026-04-06
ACC1445,Dashboard,70,2026-04-22
ACC1088,Report_Gen,57,2026-04-18
ACC1397,Team_Collab,39,2026-04-26
ACC1292,Team_Collab,69,2026-04-30
ACC1177,Report_Gen,85,2026-04-14
ACC1123,Dashboard,50,2026-05-02
ACC1093,API_Access,80,2026-05-02
ACC1492,Dashboard,54,2026-04-14
ACC1087,Report_Gen,5,2026-04-19
ACC1087,Bulk_Upload,55,2026-04-12
ACC1307,Report_Gen,55,2026-04-19
ACC1308,Bulk_Upload,85,2026-04-25
ACC1372,API_Access,45,2026-04-21
ACC1251,Bulk_Upload,28,2026-04-10
ACC1115,Report_Gen,5,2026-05-05
ACC1013,API_Access,92,2026-04-24
ACC1320,Bulk_Upload,25,2026-04-27
ACC1172,Bulk_Upload,57,2026-04-08
ACC1070,Report_Gen,50,2026-04-10
ACC1343,Team_Collab,10,2026-04-11
ACC1223,Report_Gen,46,2026-04-23
ACC1103,Report_Gen,81,2026-04-13
ACC1184,Dashboard,70,2026-04-24
ACC1173,Bulk_Upload,35,2026-04-06
ACC1076,Dashboard,86,2026-04-14
ACC1165,Report_Gen,65,2026-04-21
ACC1338,Bulk_Upload,61,2026-04-09
ACC1084,Dashboard,42,2026-04-18
ACC1355,Team_Collab,59,2026-04-19
ACC1061,Dashboard,25,2026-04-29
ACC1270,Dashboard,27,2026-04-21
ACC1175,Dashboard,56,2026-04-25
ACC1094,Report_Gen,2,2026-04-13
ACC1488,Bulk_Upload,65,2026-04-22
ACC1114,Report_Gen,19,2026-04-12
ACC1211,Report_Gen,88,2026-04-20
ACC1447,Bulk_Upload,78,2026-04-27
ACC1154,API_Access,3,2026-05-02
ACC1131,Report_Gen,81,2026-04-16
ACC1125,Team_Collab,39,2026-05-01
ACC1132,Dashboard,45,2026-04-14
ACC1383,Report_Gen,90,2026-04-13
ACC1161,Dashboard,10,2026-04-10
ACC1068,Report_Gen,95,2026-04-13
ACC1268,Bulk_Upload,43,2026-04-19
ACC1396,Team_Collab,75,2026-04-19
ACC1297,Report_Gen,16,2026-04-12
ACC1415,Bulk_Upload,46,2026-04-14
ACC1342,Dashboard,100,2026-04-19
ACC1167,Team_Collab,97,2026-04-10
ACC1091,API_Access,54,2026-04-13
ACC1121,Dashboard,14,2026-04-16
ACC1044,Report_Gen,20,2026-04-08
ACC1059,Report_Gen,82,2026-04-27
ACC1274,Report_Gen,3,2026-04-28
ACC1435,Report_Gen,35,2026-04-28
ACC1301,Dashboard,100,2026-04-30
ACC1039,Report_Gen,65,2026-05-02
ACC1006,Dashboard,88,2026-04-24
ACC1124,Team_Collab,76,2026-04-22
ACC1409,Dashboard,69,2026-04-07
ACC1105,Bulk_Upload,24,2026-04-13
ACC1202,Report_Gen,36,2026-04-21
ACC1329,Report_Gen,80,2026-04-14
ACC1097,Team_Collab,36,2026-05-04
ACC1480,Dashboard,47,2026-04-10
ACC1152,Report_Gen,36,2026-04-14
ACC1292,Dashboard,66,2026-04-29
ACC1400,Team_Collab,78,2026-04-27
ACC1366,Dashboard,6,2026-04-09
ACC1461,API_Access,89,2026-04-22
ACC1049,API_Access,46,2026-04-21
ACC1110,Team_Collab,45,2026-04-16
ACC1314,Report_Gen,8,2026-05-04
ACC1475,Dashboard,100,2026-05-02
ACC1264,Team_Collab,2,2026-04-16
ACC1369,Bulk_Upload,74,2026-04-15
ACC1266,Report_Gen,69,2026-04-07
ACC1022,API_Access,76,2026-04-29
ACC1002,Dashboard,77,2026-04-10
ACC1283,API_Access,57,2026-04-08
ACC1473,API_Access,36,2026-04-07
ACC1251,Team_Collab,87,2026-04-14
ACC1262,Dashboard,17,2026-04-06
ACC1152,Bulk_Upload,56,2026-04-06
ACC1152,Dashboard,83,2026-04-10
ACC1391,Report_Gen,59,2026-04-14
ACC1201,Bulk_Upload,65,2026-04-17
ACC1131,Bulk_Upload,50,2026-04-20
ACC1043,Dashboard,82,2026-04-18
ACC1059,Dashboard,45,2026-05-04
ACC1498,Dashboard,5,2026-04-11
ACC1093,Team_Collab,36,2026-04-19
ACC1287,Dashboard,12,2026-04-27
ACC1021,API_Access,78,2026-04-21
ACC1388,API_Access,81,2026-05-02
ACC1341,Bulk_Upload,88,2026-04-14
ACC1317,Team_Collab,33,2026-04-16
ACC1408,Dashboard,94,2026-04-13
ACC1011,Team_Collab,82,2026-04-16
ACC1149,Report_Gen,24,2026-04-07
ACC1171,Report_Gen,30,2026-04-24
ACC1259,Bulk_Upload,39,2026-04-16
ACC1413,API_Access,93,2026-04-29
ACC1359,Dashboard,75,2026-05-04
ACC1027,Bulk_Upload,57,2026-05-02
ACC1193,Report_Gen,49,2026-04-20
ACC1200,Dashboard,19,2026-04-28
ACC1196,Dashboard,50,2026-04-06
ACC1213,API_Access,99,2026-04-14
ACC1341,Team_Collab,100,2026-05-04
ACC1209,Team_Collab,41,2026-04-20
ACC1341,Team_Collab,31,2026-04-20
ACC1117,API_Access,46,2026-04-25
ACC1271,Report_Gen,98,2026-04-07
ACC1046,Report_Gen,17,2026-04-30
ACC1261,API_Access,95,2026-05-05
ACC1249,Dashboard,38,2026-04-27
ACC1471,Team_Collab,15,2026-05-04
ACC1492,Dashboard,79,2026-04-21
ACC1284,Team_Collab,15,2026-04-16
ACC1131,Team_Collab,40,2026-04-13
ACC1134,Report_Gen,77,2026-04-22
ACC1365,API_Access,26,2026-04-19
ACC1013,Team_Collab,61,2026-04-11
ACC1372,API_Access,25,2026-04-28
ACC1416,Bulk_Upload,8,2026-04-07
ACC1096,Team_Collab,47,2026-04-21
ACC1100,Report_Gen,72,2026-04-30
ACC1386,API_Access,17,2026-04-09
ACC1197,Bulk_Upload,63,2026-05-05
ACC1252,API_Access,83,2026-05-04
ACC1305,Bulk_Upload,37,2026-04-30
ACC1146,Team_Collab,91,2026-04-13
ACC1404,Bulk_Upload,81,2026-04-22
ACC1404,Bulk_Upload,59,2026-04-17
ACC1357,Team_Collab,97,2026-05-05
ACC1036,Report_Gen,94,2026-04-16
ACC1092,Report_Gen,13,2026-04-11
ACC1250,Report_Gen,75,2026-04-19
ACC1225,Dashboard,55,2026-04-09
ACC1262,Report_Gen,51,2026-04-22
ACC1485,API_Access,52,2026-04-29
ACC1081,API_Access,34,2026-04-28
ACC1092,Dashboard,49,2026-04-12
ACC1093,Team_Collab,44,2026-04-09
ACC1260,Bulk_Upload,21,2026-04-28
ACC1364,Dashboard,3,2026-04-17
ACC1382,API_Access,50,2026-04-23
ACC1291,Report_Gen,79,2026-05-05
ACC1005,API_Access,66,2026-04-12
ACC1051,Bulk_Upload,7,2026-04-21
ACC1466,API_Access,62,2026-04-30
ACC1286,Bulk_Upload,55,2026-04-07
ACC1404,API_Access,37,2026-04-20
ACC1061,Team_Collab,30,2026-04-16
ACC1284,Team_Collab,57,2026-04-24
ACC1283,Team_Collab,71,2026-04-19
ACC1030,Bulk_Upload,8,2026-04-29
ACC1114,Report_Gen,8,2026-04-15
ACC1009,Report_Gen,30,2026-04-06
ACC1319,API_Access,59,2026-04-19
ACC1354,API_Access,63,2026-05-01
ACC1272,Report_Gen,52,2026-04-19
ACC1255,API_Access,92,2026-04-20
ACC1132,Team_Collab,57,2026-04-14
ACC1018,Bulk_Upload,25,2026-05-03
ACC1039,API_Access,39,2026-05-02
ACC1402,Report_Gen,51,2026-05-04
ACC1245,Bulk_Upload,79,2026-04-19
ACC1235,Dashboard,4,2026-04-26
ACC1427,Team_Collab,46,2026-04-06
ACC1089,Bulk_Upload,95,2026-04-13
ACC1225,Report_Gen,11,2026-04-19
ACC1322,Team_Collab,8,2026-04-18
ACC1260,API_Access,55,2026-04-20
ACC1115,Report_Gen,74,2026-04-21
ACC1003,Team_Collab,9,2026-05-04
ACC1040,Dashboard,74,2026-04-26
ACC1406,Team_Collab,76,2026-04-13
ACC1300,Report_Gen,27,2026-05-05
ACC1150,Report_Gen,6,2026-04-24
ACC1392,Bulk_Upload,89,2026-04-06
ACC1383,API_Access,25,2026-05-05
ACC1300,Report_Gen,81,2026-04-21
ACC1005,Dashboard,7,2026-04-12
ACC1406,API_Access,94,2026-04-09
ACC1021,Team_Collab,94,2026-04-12
ACC1178,Bulk_Upload,73,2026-04-28
ACC1160,Report_Gen,37,2026-04-14
ACC1183,Bulk_Upload,98,2026-04-29
ACC1485,Dashboard,18,2026-04-24
ACC1130,Report_Gen,74,2026-04-07
ACC1498,Team_Collab,53,2026-04-11
ACC1224,Report_Gen,71,2026-04-17
ACC1355,Bulk_Upload,31,2026-05-03
ACC1126,Dashboard,31,2026-04-30
ACC1479,Dashboard,12,2026-05-05
ACC1454,Team_Collab,13,2026-04-07
ACC1181,Dashboard,73,2026-04-08
ACC1101,Report_Gen,15,2026-05-04
ACC1117,API_Access,4,2026-04-20
ACC1462,API_Access,50,2026-05-02
ACC1265,Dashboard,62,2026-04-19
ACC1049,Bulk_Upload,10,2026-04-07
ACC1162,Bulk_Upload,9,2026-04-12
ACC1439,API_Access,35,2026-04-12
ACC1429,Report_Gen,48,2026-04-29
ACC1498,Team_Collab,43,2026-04-28
ACC1094,Bulk_Upload,18,2026-04-08
ACC1313,Bulk_Upload,3,2026-04-27
ACC1369,API_Access,9,2026-04-09
ACC1403,API_Access,29,2026-05-01
ACC1466,Bulk_Upload,33,2026-05-05
ACC1129,API_Access,41,2026-05-05
ACC1447,Bulk_Upload,84,2026-04-26
ACC1117,Dashboard,41,2026-04-09
ACC1347,API_Access,63,2026-04-08
ACC1113,Dashboard,66,2026-04-23
ACC1238,Report_Gen,9,2026-04-21
ACC1484,Report_Gen,16,2026-04-28
ACC1361,Report_Gen,13,2026-04-08
ACC1267,Report_Gen,42,2026-04-22
ACC1187,Bulk_Upload,77,2026-05-02
ACC1393,Team_Collab,37,2026-04-24
ACC1391,API_Access,99,2026-04-29
ACC1085,API_Access,32,2026-04-14
ACC1295,Report_Gen,70,2026-05-03
ACC1237,API_Access,52,2026-04-13
ACC1379,Report_Gen,85,2026-04-09
ACC1280,API_Access,36,2026-04-26
ACC1367,Bulk_Upload,1,2026-04-12
ACC1426,Dashboard,5,2026-04-24
ACC1326,Bulk_Upload,76,2026-04-22
ACC1043,Dashboard,7,2026-05-04
ACC1214,Report_Gen,21,2026-04-20
ACC1356,Team_Collab,53,2026-04-30
ACC1373,Dashboard,74,2026-04-23
ACC1292,Bulk_Upload,96,2026-04-16
ACC1031,Dashboard,30,2026-04-29
ACC1414,Dashboard,69,2026-05-02
ACC1327,Report_Gen,83,2026-04-28
ACC1492,Team_Collab,86,2026-04-23
ACC1246,Report_Gen,1,2026-04-17
ACC1305,API_Access,84,2026-04-20
ACC1071,Bulk_Upload,69,2026-04-11
ACC1434,Dashboard,57,2026-05-01
ACC1080,API_Access,17,2026-04-12
ACC1189,Team_Collab,21,2026-04-09
ACC1420,Report_Gen,51,2026-05-03
ACC1102,Dashboard,5,2026-04-18
ACC1449,Bulk_Upload,26,2026-05-04
ACC1265,Bulk_Upload,54,2026-04-24
ACC1462,Bulk_Upload,97,2026-04-19
ACC1286,Team_Collab,77,2026-04-15
ACC1339,Bulk_Upload,91,2026-04-08
ACC1160,Bulk_Upload,23,2026-04-20
ACC1089,Report_Gen,85,2026-04-13
ACC1196,Team_Collab,80,2026-04-21
ACC1427,API_Access,59,2026-04-27
ACC1147,Bulk_Upload,51,2026-04-27
ACC1413,Team_Collab,88,2026-05-01
ACC1299,API_Access,87,2026-04-12
ACC1354,Bulk_Upload,70,2026-04-16
ACC1233,Bulk_Upload,72,2026-04-22
ACC1494,Bulk_Upload,28,2026-04-11
ACC1392,Team_Collab,18,2026-04-23
ACC1257,API_Access,83,2026-04-21
ACC1041,API_Access,62,2026-05-02
ACC1306,API_Access,13,2026-04-27
ACC1304,Bulk_Upload,27,2026-04-24
ACC1003,Bulk_Upload,40,2026-04-27
ACC1462,Team_Collab,10,2026-04-06
ACC1402,Team_Collab,11,2026-05-05
ACC1321,Bulk_Upload,87,2026-04-26
ACC1401,Report_Gen,99,2026-04-23
ACC1117,Report_Gen,90,2026-04-19
ACC1495,Bulk_Upload,31,2026-04-10
ACC1469,API_Access,33,2026-04-07
ACC1291,API_Access,73,2026-04-26
ACC1408,API_Access,66,2026-05-03
ACC1166,Team_Collab,62,2026-04-20
ACC1270,Report_Gen,39,2026-05-02
ACC1498,Bulk_Upload,68,2026-04-17
ACC1040,Dashboard,58,2026-04-18
ACC1095,API_Access,42,2026-04-20
ACC1372,Dashboard,100,2026-04-07
ACC1298,API_Access,42,2026-04-09
ACC1077,API_Access,98,2026-04-10
ACC1166,API_Access,55,2026-04-14
ACC1264,Team_Collab,13,2026-04-17
ACC1174,Bulk_Upload,38,2026-05-05
ACC1154,Dashboard,4,2026-04-25
ACC1054,API_Access,72,2026-05-03
ACC1416,Bulk_Upload,33,2026-04-22
ACC1130,Bulk_Upload,95,2026-04-17
ACC1082,Report_Gen,8,2026-04-22
ACC1194,Report_Gen,19,2026-04-15
ACC1445,Bulk_Upload,52,2026-04-15
ACC1230,API_Access,72,2026-04-16
ACC1258,Bulk_Upload,17,2026-04-21
ACC1169,Report_Gen,19,2026-04-21
ACC1369,Bulk_Upload,81,2026-04-22
ACC1303,Dashboard,73,2026-04-25
ACC1198,Report_Gen,52,2026-04-20
ACC1407,Report_Gen,81,2026-04-14
ACC1430,API_Access,38,2026-04-16
ACC1266,API_Access,91,2026-04-13
ACC1067,Report_Gen,5,2026-04-30
ACC1189,API_Access,87,2026-04-13
ACC1496,API_Access,95,2026-04-10
ACC1326,Dashboard,88,2026-04-24
ACC1446,API_Access,55,2026-04-16
ACC1032,Bulk_Upload,98,2026-04-19
ACC1418,Report_Gen,20,2026-04-22
ACC1049,Team_Collab,15,2026-04-25
ACC1435,Report_Gen,5,2026-04-06
ACC1490,Team_Collab,62,2026-04-24
ACC1411,Bulk_Upload,6,2026-04-29
ACC1201,Bulk_Upload,19,2026-04-24
ACC1344,Team_Collab,8,2026-04-16
ACC1050,Team_Collab,12,2026-04-22
ACC1057,API_Access,17,2026-04-10
ACC1488,Dashboard,27,2026-04-07
ACC1465,Bulk_Upload,73,2026-04-29
ACC1463,Bulk_Upload,45,2026-04-06
ACC1104,Report_Gen,63,2026-04-08
ACC1492,API_Access,12,2026-05-03
ACC1067,API_Access,24,2026-04-30
ACC1038,Dashboard,44,2026-04-14
ACC1178,Report_Gen,71,2026-05-03
ACC1112,API_Access,58,2026-04-30
ACC1385,Team_Collab,78,2026-04-25
ACC1250,Dashboard,48,2026-05-05
ACC1211,Team_Collab,14,2026-04-25
ACC1450,Team_Collab,61,2026-04-07
ACC1220,Bulk_Upload,99,2026-04-13
ACC1076,API_Access,69,2026-04-20
ACC1419,Bulk_Upload,53,2026-04-19
ACC1470,Report_Gen,67,2026-04-25
ACC1334,API_Access,33,2026-04-08
ACC1136,API_Access,52,2026-04-17
ACC1175,Dashboard,5,2026-04-15
ACC1472,Team_Collab,42,2026-04-30
ACC1102,Report_Gen,47,2026-04-25
ACC1452,Team_Collab,24,2026-04-24
ACC1334,API_Access,83,2026-04-06
ACC1026,Team_Collab,15,2026-04-10
ACC1183,Report_Gen,97,2026-04-25
ACC1487,Report_Gen,24,2026-04-07
ACC1376,Team_Collab,17,2026-04-12
ACC1454,Bulk_Upload,6,2026-04-18
ACC1360,Bulk_Upload,45,2026-05-02
ACC1143,Dashboard,65,2026-04-26
ACC1409,Bulk_Upload,17,2026-04-14
ACC1475,Bulk_Upload,75,2026-04-27
ACC1171,Team_Collab,31,2026-04-20
ACC1494,Report_Gen,81,2026-05-02
ACC1050,Bulk_Upload,38,2026-04-19
ACC1043,Report_Gen,30,2026-04-21
ACC1060,Report_Gen,39,2026-04-07
ACC1322,Report_Gen,70,2026-04-11
ACC1377,Team_Collab,60,2026-04-10
ACC1423,Dashboard,92,2026-04-22
ACC1352,Report_Gen,26,2026-04-18
ACC1327,Team_Collab,48,2026-04-09
ACC1278,Bulk_Upload,57,2026-04-28
ACC1069,Team_Collab,80,2026-04-23
ACC1419,Report_Gen,78,2026-04-15
ACC1225,Report_Gen,21,2026-04-30
ACC1123,Report_Gen,6,2026-04-23
ACC1498,API_Access,27,2026-04-13
ACC1213,Bulk_Upload,11,2026-04-12
ACC1423,Dashboard,58,2026-04-17
ACC1075,Report_Gen,42,2026-04-24
ACC1431,Team_Collab,99,2026-04-16
ACC1079,Report_Gen,87,2026-04-22
ACC1296,Dashboard,1,2026-04-29
ACC1283,Dashboard,94,2026-04-06
ACC1270,Team_Collab,25,2026-04-19
ACC1471,Bulk_Upload,77,2026-04-21
ACC1096,API_Access,3,2026-04-09
ACC1207,Bulk_Upload,30,2026-04-25
ACC1306,Team_Collab,93,2026-04-15
ACC1063,Dashboard,1,2026-04-08
ACC1112,Bulk_Upload,88,2026-04-11
ACC1438,API_Access,19,2026-04-11
ACC1005,Report_Gen,60,2026-04-27
ACC1004,Team_Collab,29,2026-04-22
ACC1004,Report_Gen,53,2026-04-23
ACC1123,Bulk_Upload,58,2026-04-22
ACC1015,Report_Gen,55,2026-04-18
ACC1166,Team_Collab,50,2026-04-18
ACC1213,Bulk_Upload,78,2026-05-05
ACC1067,Report_Gen,89,2026-04-22
ACC1231,Team_Collab,63,2026-04-19
ACC1111,Team_Collab,62,2026-04-18
ACC1048,Dashboard,74,2026-04-15
ACC1393,Dashboard,70,2026-04-11
ACC1152,Bulk_Upload,60,2026-04-09
ACC1494,Report_Gen,76,2026-04-07
ACC1277,Dashboard,56,2026-05-01
ACC1126,Bulk_Upload,55,2026-04-07
ACC1489,Team_Collab,62,2026-05-03
ACC1119,API_Access,73,2026-04-22
ACC1291,Bulk_Upload,58,2026-04-20
ACC1184,Team_Collab,41,2026-04-18
ACC1338,Team_Collab,58,2026-04-28
ACC1455,Bulk_Upload,23,2026-04-28
ACC1337,API_Access,51,2026-04-12
ACC1062,Team_Collab,76,2026-04-08
ACC1238,Report_Gen,21,2026-04-12
ACC1303,Team_Collab,33,2026-04-20
ACC1177,Team_Collab,14,2026-04-20
ACC1306,API_Access,55,2026-04-11
ACC1333,API_Access,52,2026-05-04
ACC1247,Dashboard,59,2026-04-17
ACC1118,Dashboard,48,2026-04-29
ACC1095,Team_Collab,47,2026-05-02
ACC1130,Team_Collab,93,2026-05-03
ACC1406,Report_Gen,1,2026-05-05
ACC1431,Team_Collab,20,2026-04-21
ACC1062,API_Access,51,2026-04-28
ACC1123,Bulk_Upload,66,2026-05-03
ACC1073,Bulk_Upload,67,2026-04-28
ACC1294,Dashboard,9,2026-04-17
ACC1270,Team_Collab,91,2026-05-05
ACC1151,Report_Gen,97,2026-04-25
ACC1152,Report_Gen,59,2026-05-03
ACC1290,Bulk_Upload,32,2026-04-22
ACC1120,API_Access,51,2026-04-27
ACC1358,Dashboard,29,2026-04-06
ACC1485,Report_Gen,91,2026-04-06
ACC1176,API_Access,15,2026-04-06
ACC1192,Team_Collab,57,2026-05-03
ACC1097,Dashboard,99,2026-04-30
ACC1171,Dashboard,27,2026-05-05
ACC1482,Bulk_Upload,49,2026-05-02
ACC1478,Dashboard,35,2026-04-07
ACC1148,Bulk_Upload,14,2026-04-25
ACC1074,Dashboard,87,2026-05-02
ACC1091,Report_Gen,69,2026-04-12
ACC1320,Bulk_Upload,58,2026-05-03
ACC1255,Report_Gen,49,2026-04-26
ACC1495,API_Access,18,2026-04-23
ACC1172,Dashboard,86,2026-04-20
ACC1484,Bulk_Upload,95,2026-04-23
ACC1339,Dashboard,48,2026-04-19
ACC1455,Report_Gen,24,2026-04-11
ACC1013,Team_Collab,94,2026-04-28
ACC1236,Report_Gen,11,2026-04-06
ACC1015,Bulk_Upload,13,2026-04-14
ACC1095,API_Access,1,2026-04-10
ACC1130,Team_Collab,100,2026-04-29
ACC1368,Dashboard,52,2026-04-21
ACC1494,Dashboard,70,2026-04-17
ACC1253,Dashboard,34,2026-05-03
ACC1420,Team_Collab,53,2026-04-20
ACC1187,Report_Gen,59,2026-04-30
ACC1273,Dashboard,63,2026-04-29
ACC1055,Team_Collab,91,2026-05-05
ACC1164,API_Access,78,2026-04-29
ACC1054,Dashboard,26,2026-04-16
ACC1005,Bulk_Upload,70,2026-05-05
ACC1359,Dashboard,60,2026-04-11
ACC1422,Bulk_Upload,35,2026-04-15
ACC1067,API_Access,22,2026-04-20
ACC1209,Bulk_Upload,31,2026-04-27
ACC1026,Dashboard,23,2026-04-07
ACC1288,Dashboard,45,2026-04-18
ACC1179,Report_Gen,81,2026-04-30
ACC1344,Dashboard,34,2026-04-08
ACC1396,API_Access,55,2026-04-12
ACC1041,Dashboard,59,2026-04-06
ACC1294,Report_Gen,11,2026-04-16
ACC1335,Report_Gen,80,2026-04-13
ACC1183,API_Access,96,2026-05-03
ACC1112,Dashboard,24,2026-05-02
ACC1032,API_Access,18,2026-04-22
ACC1155,Dashboard,6,2026-04-06
ACC1157,API_Access,49,2026-05-01
ACC1009,Dashboard,45,2026-04-19
ACC1449,Bulk_Upload,99,2026-04-23
ACC1201,API_Access,21,2026-04-26
ACC1155,API_Access,65,2026-04-28
ACC1294,Team_Collab,49,2026-04-09
ACC1400,API_Access,56,2026-04-07
ACC1482,Report_Gen,30,2026-04-15
ACC1482,Dashboard,24,2026-04-23
ACC1366,API_Access,28,2026-05-02
ACC1378,Team_Collab,24,2026-04-12
ACC1331,Bulk_Upload,30,2026-04-19
ACC1029,Report_Gen,45,2026-04-14
ACC1434,API_Access,39,2026-05-02
ACC1422,Dashboard,9,2026-04-27
ACC1064,Bulk_Upload,22,2026-04-19
ACC1325,API_Access,99,2026-04-18
ACC1188,Report_Gen,22,2026-04-14
ACC1033,API_Access,2,2026-04-21
ACC1374,Report_Gen,6,2026-04-16
ACC1021,API_Access,2,2026-05-05
ACC1210,Bulk_Upload,64,2026-04-09
ACC1233,Bulk_Upload,74,2026-04-24
ACC1491,Dashboard,21,2026-04-10
ACC1210,Bulk_Upload,44,2026-05-05
ACC1091,Report_Gen,14,2026-05-02
ACC1252,Bulk_Upload,49,2026-04-15
ACC1240,Team_Collab,79,2026-05-04
ACC1288,Dashboard,23,2026-04-23
ACC1405,Dashboard,26,2026-04-08
ACC1068,API_Access,31,2026-04-16
ACC1121,Team_Collab,37,2026-04-14
ACC1136,Bulk_Upload,97,2026-04-07
ACC1145,Bulk_Upload,40,2026-05-01
ACC1396,Dashboard,97,2026-04-09
ACC1161,Dashboard,59,2026-05-03
ACC1045,Team_Collab,66,2026-04-30
ACC1132,Team_Collab,91,2026-04-27
ACC1454,Bulk_Upload,68,2026-04-19
ACC1147,Bulk_Upload,86,2026-04-08
ACC1086,Bulk_Upload,53,2026-04-30
ACC1214,Dashboard,32,2026-04-09
ACC1484,Dashboard,11,2026-04-29
ACC1159,Dashboard,77,2026-04-09
ACC1376,API_Access,81,2026-04-08
ACC1082,Team_Collab,11,2026-05-03
ACC1481,Dashboard,65,2026-04-18
ACC1369,Team_Collab,82,2026-04-18
ACC1272,Dashboard,76,2026-04-06
ACC1083,Bulk_Upload,40,2026-04-27
ACC1034,Dashboard,79,2026-04-10
ACC1006,Dashboard,11,2026-04-20
ACC1059,Bulk_Upload,93,2026-04-21
ACC1368,Team_Collab,47,2026-04-10
ACC1114,Dashboard,56,2026-05-05
ACC1232,Bulk_Upload,35,2026-04-27
ACC1340,Dashboard,96,2026-05-03
ACC1261,Report_Gen,89,2026-05-03
ACC1300,Dashboard,1,2026-04-17
ACC1420,Team_Collab,40,2026-05-05
ACC1125,Dashboard,46,2026-04-10
ACC1221,Dashboard,49,2026-05-04
ACC1217,Team_Collab,68,2026-04-14
ACC1222,API_Access,23,2026-04-20
ACC1165,Report_Gen,23,2026-04-16
ACC1364,Dashboard,21,2026-05-01
ACC1291,Dashboard,14,2026-04-19
ACC1075,Report_Gen,2,2026-04-26
ACC1459,Report_Gen,98,2026-04-28
ACC1402,Bulk_Upload,26,2026-04-12
ACC1461,Dashboard,86,2026-04-21
ACC1112,Dashboard,99,2026-04-06
ACC1382,Report_Gen,55,2026-04-20
ACC1152,Team_Collab,32,2026-04-21
ACC1393,Team_Collab,52,2026-04-28
ACC1158,API_Access,92,2026-05-01
ACC1331,Bulk_Upload,36,2026-04-07
ACC1419,Bulk_Upload,91,2026-04-16
ACC1264,Team_Collab,25,2026-04-06
ACC1288,Dashboard,66,2026-04-14
ACC1167,Report_Gen,3,2026-04-17
ACC1413,Bulk_Upload,49,2026-04-19
ACC1251,Bulk_Upload,74,2026-04-12
ACC1117,Team_Collab,77,2026-04-24
ACC1389,Bulk_Upload,68,2026-04-16
ACC1026,Team_Collab,74,2026-04-26
ACC1104,API_Access,42,2026-04-06
ACC1438,Dashboard,3,2026-04-20
ACC1024,Dashboard,29,2026-04-08
ACC1074,Team_Collab,60,2026-04-28
ACC1384,Team_Collab,6,2026-04-30
ACC1083,Report_Gen,56,2026-05-02
ACC1095,Team_Collab,97,2026-04-14
ACC1486,Team_Collab,84,2026-04-20
ACC1381,Team_Collab,85,2026-04-08
ACC1325,Bulk_Upload,78,2026-04-19
ACC1464,Report_Gen,64,2026-04-16
ACC1181,Bulk_Upload,47,2026-04-24
ACC1315,Bulk_Upload,75,2026-04-14
ACC1144,API_Access,81,2026-04-12
ACC1176,Bulk_Upload,95,2026-04-14
ACC1294,Dashboard,20,2026-04-06
ACC1496,Team_Collab,57,2026-05-03
ACC1395,Team_Collab,34,2026-04-09
ACC1312,Bulk_Upload,90,2026-04-27
ACC1008,Team_Collab,74,2026-04-30
ACC1262,Team_Collab,13,2026-04-15
ACC1145,Team_Collab,46,2026-04-29
ACC1338,Team_Collab,40,2026-04-14
ACC1460,Dashboard,97,2026-04-06
ACC1273,Dashboard,78,2026-04-15
ACC1194,Dashboard,47,2026-04-11
ACC1364,Report_Gen,86,2026-04-07
ACC1277,API_Access,94,2026-04-13
ACC1229,API_Access,23,2026-05-01
ACC1210,Team_Collab,80,2026-04-13
ACC1099,Team_Collab,2,2026-04-22
ACC1088,API_Access,70,2026-05-05
ACC1066,Bulk_Upload,45,2026-04-11
ACC1083,API_Access,100,2026-04-26
ACC1463,Dashboard,75,2026-04-17
ACC1351,Dashboard,38,2026-04-09
ACC1071,API_Access,29,2026-04-16
ACC1465,Report_Gen,31,2026-04-08
ACC1440,Bulk_Upload,72,2026-04-30
ACC1365,Bulk_Upload,47,2026-05-04
ACC1412,Dashboard,10,2026-04-09
ACC1008,Bulk_Upload,33,2026-04-26
ACC1240,API_Access,50,2026-04-11
ACC1333,Dashboard,59,2026-05-01
ACC1106,Report_Gen,28,2026-05-04
ACC1088,Report_Gen,36,2026-04-11
ACC1406,Team_Collab,7,2026-04-23
ACC1343,Dashboard,31,2026-05-01
ACC1333,Dashboard,21,2026-04-22
ACC1286,API_Access,95,2026-04-21
ACC1315,API_Access,2,2026-04-26
ACC1051,Bulk_Upload,70,2026-04-14
ACC1241,API_Access,84,2026-04-24
ACC1412,API_Access,73,2026-04-17
ACC1089,API_Access,45,2026-04-17
ACC1486,Bulk_Upload,9,2026-04-10
ACC1390,Bulk_Upload,37,2026-04-18
ACC1180,Team_Collab,14,2026-04-09
ACC1008,Report_Gen,37,2026-04-18
ACC1319,API_Access,48,2026-04-13
ACC1210,Report_Gen,63,2026-04-21
ACC1003,API_Access,10,2026-04-27
ACC1302,Team_Collab,69,2026-04-25
ACC1312,Team_Collab,52,2026-04-16
ACC1361,API_Access,27,2026-04-22
ACC1453,Dashboard,69,2026-04-28
ACC1209,Team_Collab,62,2026-05-01
ACC1256,Team_Collab,31,2026-04-14
ACC1143,Bulk_Upload,4,2026-04-15
ACC1478,Dashboard,57,2026-04-24
ACC1265,Team_Collab,59,2026-04-22
ACC1123,Dashboard,66,2026-04-11
ACC1093,API_Access,83,2026-04-14
ACC1412,Dashboard,13,2026-04-08
ACC1260,Report_Gen,17,2026-04-23
ACC1050,Report_Gen,94,2026-05-03
ACC1124,Report_Gen,31,2026-05-03
ACC1173,Report_Gen,76,2026-04-13
ACC1121,API_Access,93,2026-04-23
ACC1493,Report_Gen,67,2026-04-24
ACC1088,Team_Collab,39,2026-04-19
ACC1362,API_Access,62,2026-04-30
ACC1283,API_Access,4,2026-04-16
ACC1337,Team_Collab,88,2026-04-23
ACC1487,Report_Gen,48,2026-04-19
ACC1371,Report_Gen,10,2026-04-26
ACC1235,Report_Gen,63,2026-05-04
ACC1436,Report_Gen,72,2026-04-19
ACC1003,Team_Collab,48,2026-04-24
ACC1446,Team_Collab,47,2026-04-29
ACC1328,Bulk_Upload,51,2026-04-14
ACC1003,Report_Gen,71,2026-04-10
ACC1325,API_Access,86,2026-04-13
ACC1059,Report_Gen,100,2026-04-30
ACC1077,API_Access,33,2026-04-16
ACC1307,API_Access,31,2026-04-09
ACC1160,Team_Collab,17,2026-04-23
ACC1138,Bulk_Upload,12,2026-04-24
ACC1027,Team_Collab,34,2026-05-03
ACC1181,Bulk_Upload,64,2026-04-17
ACC1419,Bulk_Upload,43,2026-04-08
ACC1339,Dashboard,62,2026-04-09
ACC1054,API_Access,27,2026-05-05
ACC1414,Report_Gen,3,2026-05-04
ACC1051,Bulk_Upload,87,2026-04-08
ACC1470,Report_Gen,62,2026-04-15
ACC1132,Team_Collab,68,2026-04-27
ACC1080,Report_Gen,58,2026-05-05
ACC1230,Dashboard,77,2026-04-16
ACC1213,Bulk_Upload,63,2026-04-24
ACC1443,Bulk_Upload,36,2026-04-27
ACC1441,Bulk_Upload,10,2026-04-06
ACC1473,Bulk_Upload,79,2026-04-06
ACC1086,API_Access,37,2026-04-09
ACC1442,Dashboard,90,2026-05-04
ACC1491,Report_Gen,47,2026-04-28
ACC1494,Report_Gen,11,2026-05-03
ACC1226,Team_Collab,26,2026-04-27
ACC1214,Bulk_Upload,83,2026-05-02
ACC1015,Bulk_Upload,13,2026-05-04
ACC1181,Dashboard,73,2026-04-26
ACC1212,Dashboard,17,2026-05-01
ACC1090,Dashboard,63,2026-05-03
ACC1339,API_Access,25,2026-05-04
ACC1331,Bulk_Upload,11,2026-04-09
ACC1308,Report_Gen,68,2026-04-14
ACC1277,Report_Gen,75,2026-04-09
ACC1474,Report_Gen,85,2026-05-03
ACC1249,Dashboard,8,2026-04-26
ACC1282,API_Access,14,2026-04-12
ACC1418,Dashboard,54,2026-05-03
ACC1353,Dashboard,28,2026-04-18
ACC1375,Bulk_Upload,43,2026-04-18
ACC1251,API_Access,64,2026-04-28
ACC1014,API_Access,83,2026-05-05
ACC1207,Team_Collab,82,2026-04-18
ACC1228,Bulk_Upload,10,2026-04-26
ACC1243,API_Access,63,2026-05-01
ACC1041,Team_Collab,14,2026-04-20
ACC1270,Report_Gen,88,2026-04-16
ACC1432,Bulk_Upload,22,2026-05-01
ACC1035,Report_Gen,96,2026-04-30
ACC1001,Report_Gen,96,2026-04-11
ACC1318,Report_Gen,85,2026-04-18
ACC1213,API_Access,59,2026-04-16
ACC1035,API_Access,21,2026-04-15
ACC1133,API_Access,90,2026-04-13
ACC1197,API_Access,89,2026-04-17
ACC1187,API_Access,38,2026-04-27
ACC1459,Dashboard,74,2026-04-26
ACC1002,Report_Gen,42,2026-04-21
ACC1362,Team_Collab,7,2026-04-27
ACC1053,Bulk_Upload,66,2026-04-07
ACC1032,Team_Collab,40,2026-04-26
ACC1231,Team_Collab,92,2026-04-18
ACC1444,Dashboard,49,2026-05-03
ACC1485,Team_Collab,90,2026-04-22
ACC1286,Team_Collab,80,2026-04-25
ACC1412,Dashboard,76,2026-05-04
ACC1346,Bulk_Upload,95,2026-04-21
ACC1412,API_Access,43,2026-04-15
ACC1093,Team_Collab,2,2026-04-27
ACC1338,API_Access,97,2026-04-29
ACC1038,Team_Collab,5,2026-04-25
ACC1218,Team_Collab,79,2026-04-30
ACC1457,API_Access,38,2026-04-23
ACC1034,API_Access,77,2026-04-09
ACC1471,Dashboard,12,2026-05-04
ACC1272,API_Access,66,2026-04-21
ACC1231,Dashboard,57,2026-04-09
ACC1142,Team_Collab,48,2026-04-21
ACC1229,API_Access,71,2026-05-04
ACC1341,Bulk_Upload,87,2026-04-21
ACC1087,Team_Collab,80,2026-04-09
ACC1231,API_Access,97,2026-04-18
ACC1064,Bulk_Upload,15,2026-04-28
ACC1342,Bulk_Upload,9,2026-04-12
ACC1259,Bulk_Upload,86,2026-04-19
ACC1154,Team_Collab,99,2026-04-25
ACC1111,API_Access,88,2026-04-25
ACC1228,Team_Collab,21,2026-05-02
ACC1285,Bulk_Upload,80,2026-04-16
ACC1348,Report_Gen,68,2026-04-20
ACC1493,Dashboard,41,2026-04-21
ACC1344,Report_Gen,79,2026-04-27
ACC1341,Dashboard,94,2026-05-03
ACC1457,Dashboard,68,2026-04-13
ACC1246,Team_Collab,57,2026-05-01
ACC1376,Bulk_Upload,58,2026-04-30
ACC1254,API_Access,89,2026-04-28
ACC1238,Report_Gen,96,2026-04-09
ACC1066,API_Access,25,2026-04-13
ACC1086,Report_Gen,46,2026-04-11
ACC1470,Bulk_Upload,78,2026-04-23
ACC1493,API_Access,35,2026-04-26
ACC1373,Bulk_Upload,46,2026-04-18
ACC1237,API_Access,64,2026-04-17
ACC1054,Dashboard,96,2026-04-12
ACC1184,API_Access,82,2026-05-03
ACC1198,API_Access,18,2026-04-06
ACC1209,Dashboard,69,2026-05-05
ACC1229,Report_Gen,49,2026-04-15
ACC1280,API_Access,47,2026-04-10
ACC1090,Bulk_Upload,62,2026-04-15
ACC1159,Team_Collab,61,2026-04-09
ACC1300,Team_Collab,19,2026-04-13
ACC1066,Report_Gen,29,2026-04-13
ACC1085,Bulk_Upload,59,2026-05-05
ACC1334,Team_Collab,69,2026-04-30
ACC1134,Dashboard,1,2026-04-17
ACC1488,Bulk_Upload,27,2026-04-14
ACC1338,Bulk_Upload,53,2026-04-24
ACC1129,API_Access,81,2026-04-08
ACC1186,Report_Gen,9,2026-04-14
ACC1328,Report_Gen,59,2026-04-07
ACC1497,API_Access,24,2026-04-16
ACC1228,Team_Collab,99,2026-04-21
ACC1195,Report_Gen,40,2026-04-21
ACC1453,API_Access,61,2026-04-25
ACC1397,Report_Gen,91,2026-04-24
ACC1349,Team_Collab,30,2026-04-16
ACC1163,Team_Collab,19,2026-04-09
ACC1132,Bulk_Upload,93,2026-04-09
ACC1499,Bulk_Upload,7,2026-04-10
ACC1373,Report_Gen,54,2026-04-10
ACC1122,API_Access,72,2026-04-14
ACC1065,API_Access,18,2026-04-07
ACC1428,API_Access,11,2026-04-23
ACC1200,Dashboard,1,2026-04-09
ACC1481,Report_Gen,7,2026-04-23
ACC1446,Report_Gen,94,2026-05-03
ACC1076,Dashboard,95,2026-04-16
ACC1157,Report_Gen,99,2026-05-01
ACC1465,API_Access,82,2026-04-18
ACC1489,Team_Collab,24,2026-04-28
ACC1143,Bulk_Upload,45,2026-04-21
ACC1339,Team_Collab,54,2026-05-02
ACC1469,Bulk_Upload,94,2026-04-08
ACC1064,Report_Gen,74,2026-04-24
ACC1106,Team_Collab,66,2026-04-17
ACC1305,Team_Collab,50,2026-04-18
ACC1272,Report_Gen,3,2026-05-05
ACC1480,Dashboard,48,2026-04-29
ACC1144,Report_Gen,86,2026-04-26
ACC1163,Bulk_Upload,85,2026-04-13
ACC1209,Dashboard,79,2026-04-09
ACC1416,Team_Collab,55,2026-05-02
ACC1369,Report_Gen,26,2026-04-24
ACC1034,Report_Gen,10,2026-04-15
ACC1362,Team_Collab,23,2026-04-06
ACC1258,API_Access,34,2026-05-01
ACC1119,Team_Collab,6,2026-04-25
ACC1027,API_Access,45,2026-04-21
ACC1200,API_Access,70,2026-04-27
ACC1293,Report_Gen,76,2026-05-05
ACC1276,Report_Gen,100,2026-04-18
ACC1394,Team_Collab,68,2026-04-22
ACC1122,Bulk_Upload,42,2026-04-14
ACC1055,API_Access,4,2026-04-15
ACC1063,Bulk_Upload,91,2026-04-14
ACC1141,API_Access,83,2026-04-14
ACC1160,Team_Collab,29,2026-04-18
ACC1425,Bulk_Upload,46,2026-04-13
ACC1428,Dashboard,69,2026-04-17
ACC1146,Dashboard,77,2026-05-04
ACC1086,Dashboard,2,2026-04-22
ACC1224,API_Access,37,2026-04-25
ACC1140,Dashboard,31,2026-04-23
ACC1169,API_Access,85,2026-04-14
ACC1331,Dashboard,80,2026-05-03
ACC1068,API_Access,66,2026-04-11
ACC1212,Report_Gen,16,2026-04-25
ACC1416,API_Access,8,2026-04-18
ACC1363,Report_Gen,56,2026-04-20
ACC1069,Report_Gen,72,2026-04-11
ACC1257,Bulk_Upload,70,2026-04-18
ACC1168,Report_Gen,65,2026-04-09
ACC1391,API_Access,99,2026-04-12
ACC1082,Team_Collab,38,2026-04-06
ACC1031,Team_Collab,46,2026-04-12
ACC1228,API_Access,44,2026-04-08
ACC1357,Dashboard,37,2026-04-13
ACC1150,API_Access,35,2026-04-16
ACC1417,Report_Gen,78,2026-04-20
ACC1028,Dashboard,55,2026-04-16
ACC1021,Team_Collab,63,2026-04-17
ACC1029,API_Access,19,2026-04-17
ACC1122,API_Access,34,2026-05-04
ACC1364,Team_Collab,60,2026-04-14
ACC1173,Dashboard,86,2026-04-29
ACC1326,Report_Gen,22,2026-04-20
ACC1356,Dashboard,69,2026-04-14
ACC1389,Report_Gen,41,2026-05-04
ACC1030,Team_Collab,35,2026-04-18
ACC1014,Dashboard,63,2026-04-21
ACC1355,Bulk_Upload,8,2026-05-05
ACC1166,Bulk_Upload,11,2026-04-09
ACC1027,Bulk_Upload,100,2026-04-20
ACC1338,Report_Gen,62,2026-04-22
ACC1169,Dashboard,72,2026-04-11
ACC1164,Team_Collab,78,2026-04-22
ACC1477,Report_Gen,83,2026-04-15
ACC1214,Bulk_Upload,41,2026-04-08
ACC1406,Report_Gen,1,2026-04-24
ACC1010,Bulk_Upload,91,2026-04-14
ACC1262,Team_Collab,73,2026-05-01
ACC1378,Report_Gen,8,2026-04-17
ACC1309,Team_Collab,8,2026-04-07
ACC1312,API_Access,80,2026-05-02
ACC1026,Dashboard,88,2026-04-07
ACC1304,Dashboard,93,2026-04-13
ACC1065,Report_Gen,35,2026-04-27
ACC1132,API_Access,19,2026-04-10
ACC1030,Bulk_Upload,20,2026-05-04
ACC1055,Dashboard,36,2026-04-21
ACC1218,Team_Collab,71,2026-05-02
ACC1396,Bulk_Upload,74,2026-04-21
ACC1472,Team_Collab,19,2026-04-12
ACC1030,API_Access,51,2026-04-29
ACC1269,Team_Collab,38,2026-05-01
ACC1422,API_Access,9,2026-04-11
ACC1056,Dashboard,37,2026-04-23
ACC1056,Report_Gen,50,2026-04-20
ACC1208,API_Access,99,2026-04-09
ACC1498,Bulk_Upload,53,2026-04-30
ACC1129,Bulk_Upload,35,2026-04-10
ACC1491,API_Access,55,2026-04-11
ACC1274,Report_Gen,39,2026-05-02
ACC1216,Dashboard,8,2026-04-18
ACC1237,Report_Gen,11,2026-05-05
ACC1388,Report_Gen,1,2026-04-26
ACC1117,Dashboard,51,2026-05-03
ACC1179,Bulk_Upload,35,2026-05-02
ACC1395,Bulk_Upload,25,2026-04-17
ACC1176,API_Access,80,2026-04-10
ACC1446,Bulk_Upload,74,2026-04-18
ACC1460,Bulk_Upload,12,2026-04-29
ACC1031,API_Access,15,2026-04-06
ACC1034,Dashboard,70,2026-04-11
ACC1371,Report_Gen,99,2026-05-03
ACC1211,API_Access,80,2026-04-28
ACC1200,Dashboard,92,2026-04-11
ACC1227,API_Access,93,2026-04-20
ACC1454,Dashboard,4,2026-04-14
ACC1449,API_Access,66,2026-05-03
ACC1126,Team_Collab,8,2026-04-25
ACC1109,API_Access,8,2026-04-17
ACC1148,Bulk_Upload,69,2026-04-08
ACC1197,Team_Collab,86,2026-04-17
ACC1347,API_Access,31,2026-04-29
ACC1014,Bulk_Upload,58,2026-04-21
ACC1477,Team_Collab,23,2026-04-10
ACC1185,Dashboard,52,2026-04-13
ACC1471,Dashboard,91,2026-04-08
ACC1007,Dashboard,29,2026-04-20
ACC1165,API_Access,70,2026-04-24
ACC1013,API_Access,99,2026-04-20
ACC1191,Bulk_Upload,69,2026-04-14
ACC1163,API_Access,84,2026-04-10
ACC1410,Team_Collab,77,2026-04-09
ACC1412,Bulk_Upload,59,2026-04-06
ACC1056,Team_Collab,4,2026-05-04
ACC1428,API_Access,11,2026-04-25
ACC1000,Bulk_Upload,34,2026-04-08
ACC1428,API_Access,12,2026-04-16
ACC1265,Dashboard,69,2026-04-27
ACC1046,Team_Collab,65,2026-04-20
ACC1492,Bulk_Upload,20,2026-04-12
ACC1181,API_Access,95,2026-05-03
ACC1226,Report_Gen,38,2026-04-10
ACC1047,Bulk_Upload,55,2026-04-15
ACC1244,Bulk_Upload,96,2026-04-15
ACC1097,Team_Collab,78,2026-04-26
ACC1416,API_Access,43,2026-05-01
ACC1309,Report_Gen,58,2026-04-29
ACC1189,Team_Collab,48,2026-04-26
ACC1230,API_Access,47,2026-04-14
ACC1317,Team_Collab,12,2026-05-05
ACC1432,API_Access,23,2026-04-16
ACC1074,API_Access,97,2026-04-16
ACC1192,Report_Gen,40,2026-04-10
ACC1396,Bulk_Upload,22,2026-04-16
ACC1373,Dashboard,96,2026-04-09
ACC1016,Bulk_Upload,15,2026-04-27
ACC1483,API_Access,79,2026-04-20
ACC1391,Dashboard,56,2026-04-07
ACC1232,Dashboard,1,2026-04-07
ACC1020,Report_Gen,84,2026-05-02
ACC1211,Team_Collab,81,2026-04-14
ACC1203,Bulk_Upload,9,2026-04-20
ACC1476,Bulk_Upload,44,2026-04-28
ACC1118,Bulk_Upload,42,2026-04-09
ACC1119,Report_Gen,66,2026-04-23
ACC1373,Team_Collab,99,2026-04-11
ACC1142,Bulk_Upload,71,2026-04-07
ACC1399,Report_Gen,1,2026-04-23
ACC1453,Bulk_Upload,52,2026-05-02
ACC1416,Team_Collab,51,2026-05-03
ACC1119,Report_Gen,3,2026-04-25
ACC1205,Report_Gen,26,2026-04-09
ACC1150,Bulk_Upload,68,2026-04-20
ACC1086,API_Access,90,2026-04-28
ACC1427,API_Access,48,2026-04-11
ACC1130,Team_Collab,28,2026-04-10
ACC1401,Bulk_Upload,98,2026-04-25
ACC1428,API_Access,58,2026-04-17
ACC1294,Bulk_Upload,64,2026-04-06
ACC1216,Report_Gen,36,2026-04-29
ACC1476,Team_Collab,62,2026-05-01
ACC1249,Dashboard,72,2026-05-02
ACC1409,Bulk_Upload,50,2026-04-14
ACC1018,Bulk_Upload,84,2026-04-19
ACC1096,API_Access,81,2026-04-26
ACC1205,Dashboard,61,2026-04-13
ACC1299,Dashboard,78,2026-04-09
ACC1092,Dashboard,15,2026-05-04
ACC1443,Bulk_Upload,7,2026-04-25
ACC1243,Team_Collab,74,2026-04-17
ACC1450,Dashboard,61,2026-05-01
ACC1307,Dashboard,33,2026-04-17
ACC1256,API_Access,48,2026-04-22
ACC1139,Bulk_Upload,24,2026-04-29
ACC1348,Report_Gen,63,2026-04-14
ACC1002,Bulk_Upload,36,2026-04-15
ACC1118,Dashboard,51,2026-04-11
ACC1039,Team_Collab,52,2026-04-06
ACC1316,Dashboard,74,2026-04-21
ACC1169,API_Access,43,2026-04-20
ACC1362,Bulk_Upload,48,2026-05-01
ACC1366,Dashboard,37,2026-05-02
ACC1153,Bulk_Upload,4,2026-05-03
ACC1348,Dashboard,15,2026-04-14
ACC1427,API_Access,15,2026-04-17
ACC1475,Bulk_Upload,65,2026-04-14
ACC1420,API_Access,20,2026-04-26
ACC1462,Team_Collab,70,2026-04-13
ACC1157,Report_Gen,55,2026-04-18
ACC1092,API_Access,3,2026-05-05
ACC1098,Report_Gen,59,2026-04-27
ACC1354,Team_Collab,61,2026-04-09
ACC1406,Dashboard,39,2026-04-06
ACC1125,Bulk_Upload,54,2026-04-20
ACC1366,API_Access,33,2026-04-08
ACC1449,Dashboard,22,2026-04-26
ACC1015,API_Access,11,2026-04-08
ACC1331,Team_Collab,2,2026-04-17
ACC1146,Report_Gen,39,2026-04-17
ACC1437,Dashboard,24,2026-04-22
ACC1036,Team_Collab,11,2026-05-04
ACC1008,Team_Collab,33,2026-04-13
ACC1026,Report_Gen,21,2026-04-21
ACC1444,Team_Collab,1,2026-04-26
ACC1471,Team_Collab,30,2026-04-29
ACC1005,Report_Gen,1,2026-04-14
ACC1461,Report_Gen,44,2026-05-03
ACC1117,Report_Gen,47,2026-04-26
ACC1204,Report_Gen,44,2026-04-09
ACC1466,Dashboard,92,2026-04-14
ACC1329,Team_Collab,44,2026-04-20
ACC1063,API_Access,42,2026-04-21
ACC1370,Dashboard,75,2026-04-24
ACC1412,Dashboard,100,2026-04-27
ACC1167,Dashboard,38,2026-04-28
ACC1022,API_Access,14,2026-04-17
ACC1271,Report_Gen,61,2026-05-02
ACC1371,Report_Gen,55,2026-04-25
ACC1080,API_Access,50,2026-05-02
ACC1302,Bulk_Upload,10,2026-04-06
ACC1473,Bulk_Upload,39,2026-04-22
ACC1389,Dashboard,90,2026-04-27
ACC1341,API_Access,91,2026-04-14
ACC1445,Team_Collab,79,2026-05-01
ACC1265,Dashboard,37,2026-04-17
ACC1170,Dashboard,37,2026-04-06
ACC1297,API_Access,92,2026-04-21
ACC1295,API_Access,56,2026-04-26
ACC1130,Bulk_Upload,74,2026-04-10
ACC1121,Team_Collab,38,2026-04-12
ACC1366,API_Access,75,2026-04-22
ACC1474,Dashboard,26,2026-04-21
ACC1201,Bulk_Upload,50,2026-04-28
ACC1146,Report_Gen,58,2026-05-03
ACC1429,API_Access,33,2026-05-05
ACC1411,Bulk_Upload,25,2026-04-19
ACC1442,Dashboard,94,2026-05-05
ACC1486,Bulk_Upload,72,2026-04-09
ACC1215,Dashboard,54,2026-04-28
ACC1456,Bulk_Upload,37,2026-04-26
ACC1256,API_Access,36,2026-05-03
ACC1228,Bulk_Upload,26,2026-04-16
ACC1373,Team_Collab,9,2026-05-01
ACC1412,Bulk_Upload,10,2026-04-22
ACC1271,API_Access,69,2026-04-10
ACC1038,Team_Collab,97,2026-04-10
ACC1111,Dashboard,18,2026-04-21
ACC1429,API_Access,19,2026-04-14
ACC1362,Bulk_Upload,61,2026-04-17
ACC1391,Dashboard,43,2026-04-28
ACC1298,Bulk_Upload,72,2026-04-10
ACC1094,Dashboard,65,2026-05-03
ACC1217,Report_Gen,84,2026-04-21
ACC1304,Team_Collab,92,2026-04-10
ACC1474,API_Access,44,2026-05-03
ACC1336,Team_Collab,35,2026-04-24
ACC1364,Bulk_Upload,74,2026-04-21
ACC1065,Report_Gen,54,2026-04-21
ACC1315,Dashboard,91,2026-05-02
ACC1468,Team_Collab,58,2026-04-22
ACC1426,Report_Gen,81,2026-04-30
ACC1229,Dashboard,22,2026-04-29
ACC1289,Dashboard,36,2026-04-23
ACC1409,Dashboard,73,2026-05-05
ACC1235,Bulk_Upload,60,2026-05-05
ACC1374,Bulk_Upload,42,2026-05-05
ACC1460,Bulk_Upload,23,2026-04-16
ACC1242,Team_Collab,98,2026-04-25
ACC1071,API_Access,21,2026-04-30
ACC1233,Team_Collab,60,2026-04-12
ACC1179,Team_Collab,71,2026-04-30
ACC1262,Team_Collab,35,2026-04-14
ACC1372,Dashboard,54,2026-05-01
ACC1498,Report_Gen,76,2026-04-07
ACC1285,Bulk_Upload,52,2026-04-27
ACC1053,Dashboard,82,2026-05-02
ACC1325,Dashboard,62,2026-04-23
ACC1267,Dashboard,77,2026-04-26
ACC1039,Report_Gen,15,2026-04-13
ACC1494,Dashboard,92,2026-04-18
ACC1407,Bulk_Upload,59,2026-04-14
ACC1135,API_Access,60,2026-04-17
ACC1477,Report_Gen,18,2026-04-25
ACC1469,Bulk_Upload,85,2026-04-12
ACC1416,Team_Collab,97,2026-05-02
ACC1312,Dashboard,80,2026-04-22
ACC1057,Team_Collab,64,2026-04-27
ACC1059,Report_Gen,49,2026-04-20
ACC1077,API_Access,31,2026-04-28
ACC1493,API_Access,10,2026-04-20
ACC1491,Bulk_Upload,19,2026-04-06
ACC1023,Bulk_Upload,22,2026-04-24
ACC1097,Report_Gen,41,2026-04-28
ACC1472,API_Access,46,2026-04-21
ACC1285,Report_Gen,50,2026-04-19
ACC1367,Report_Gen,71,2026-05-04
ACC1260,Team_Collab,7,2026-04-25
ACC1413,Report_Gen,69,2026-04-14
ACC1241,Dashboard,36,2026-04-22
ACC1219,Report_Gen,36,2026-05-04
ACC1428,Dashboard,99,2026-04-14
ACC1131,Report_Gen,21,2026-04-23
ACC1111,Dashboard,57,2026-04-20
ACC1170,Bulk_Upload,31,2026-04-17
ACC1296,Team_Collab,30,2026-04-08
ACC1426,Dashboard,63,2026-04-25
ACC1355,Report_Gen,99,2026-04-18
ACC1263,Report_Gen,83,2026-04-20
ACC1208,API_Access,46,2026-05-03
ACC1445,Report_Gen,6,2026-04-26
ACC1340,Bulk_Upload,8,2026-05-04
ACC1180,Report_Gen,72,2026-04-28
ACC1245,Bulk_Upload,17,2026-04-07
ACC1327,Report_Gen,68,2026-04-15
ACC1113,Bulk_Upload,84,2026-04-14
ACC1385,Bulk_Upload,96,2026-04-29
ACC1023,Report_Gen,6,2026-05-03
ACC1040,Report_Gen,6,2026-04-17
ACC1214,API_Access,24,2026-05-05
ACC1186,Report_Gen,21,2026-04-11
ACC1470,Team_Collab,98,2026-04-19
ACC1380,Dashboard,56,2026-04-25
ACC1005,Dashboard,77,2026-04-21
ACC1430,Dashboard,50,2026-04-24
ACC1460,Team_Collab,39,2026-04-16
ACC1172,Dashboard,83,2026-04-16
ACC1318,API_Access,28,2026-05-03
ACC1203,Report_Gen,60,2026-04-27
ACC1208,Report_Gen,97,2026-04-13
ACC1007,Dashboard,83,2026-04-06
ACC1223,API_Access,1,2026-04-30
ACC1309,API_Access,5,2026-04-29
ACC1296,API_Access,16,2026-05-03
ACC1477,API_Access,33,2026-04-24
ACC1479,Dashboard,81,2026-04-16
ACC1175,API_Access,37,2026-04-06
ACC1164,Report_Gen,81,2026-04-25
ACC1297,Team_Collab,34,2026-05-01
ACC1137,Dashboard,14,2026-04-23
ACC1493,Report_Gen,83,2026-04-25
ACC1026,Bulk_Upload,32,2026-04-11
ACC1310,API_Access,88,2026-04-06
ACC1498,Dashboard,99,2026-04-09
ACC1387,Team_Collab,39,2026-04-13
ACC1146,API_Access,29,2026-04-08
ACC1093,Report_Gen,10,2026-05-05
ACC1013,Team_Collab,18,2026-04-06
ACC1394,Dashboard,1,2026-04-17
ACC1136,Report_Gen,47,2026-04-15
ACC1358,Team_Collab,13,2026-04-17
ACC1214,Bulk_Upload,25,2026-04-09
ACC1250,Dashboard,84,2026-04-24
ACC1456,Dashboard,42,2026-04-20
ACC1487,Report_Gen,9,2026-04-21
ACC1230,API_Access,57,2026-05-01
ACC1321,Bulk_Upload,23,2026-04-07
ACC1075,Dashboard,88,2026-04-28
ACC1236,Dashboard,81,2026-04-10
ACC1012,API_Access,54,2026-04-30
ACC1296,API_Access,23,2026-04-06
ACC1226,Dashboard,48,2026-04-27
ACC1470,Bulk_Upload,3,2026-04-10
ACC1246,Bulk_Upload,79,2026-04-30
ACC1487,Report_Gen,77,2026-04-27
ACC1233,Bulk_Upload,11,2026-04-12
ACC1292,Team_Collab,49,2026-04-06
ACC1029,API_Access,99,2026-05-03
ACC1242,API_Access,9,2026-04-25
ACC1148,Bulk_Upload,96,2026-04-25
ACC1177,Report_Gen,45,2026-04-22
ACC1109,API_Access,77,2026-04-10
ACC1107,Report_Gen,87,2026-05-03
ACC1304,Dashboard,67,2026-04-27
ACC1140,Bulk_Upload,19,2026-04-20
ACC1340,Report_Gen,70,2026-04-21
ACC1286,Report_Gen,5,2026-05-04
ACC1392,Report_Gen,25,2026-04-30
ACC1250,Bulk_Upload,76,2026-04-21
ACC1467,Team_Collab,85,2026-04-15
ACC1034,Dashboard,65,2026-04-13
ACC1398,API_Access,61,2026-04-14
ACC1469,Bulk_Upload,12,2026-04-27
ACC1188,Team_Collab,37,2026-04-07
ACC1153,Team_Collab,40,2026-04-30
ACC1255,Team_Collab,11,2026-04-25
ACC1431,Bulk_Upload,80,2026-04-27
ACC1020,Team_Collab,88,2026-04-22
ACC1409,Team_Collab,72,2026-04-09
ACC1304,Dashboard,21,2026-04-16
ACC1039,Team_Collab,73,2026-05-01
ACC1005,API_Access,43,2026-04-27
ACC1356,Report_Gen,62,2026-05-02
ACC1346,Bulk_Upload,23,2026-04-23
ACC1092,API_Access,22,2026-05-03
ACC1455,Dashboard,62,2026-05-02
ACC1111,Report_Gen,70,2026-04-25
ACC1100,Report_Gen,36,2026-05-02
ACC1020,Dashboard,73,2026-05-05
ACC1032,Team_Collab,28,2026-04-15
ACC1129,Bulk_Upload,60,2026-04-27
ACC1240,Bulk_Upload,2,2026-04-24
ACC1050,Bulk_Upload,64,2026-04-11
ACC1387,Bulk_Upload,32,2026-04-26
ACC1157,Team_Collab,40,2026-04-12
ACC1463,Dashboard,73,2026-04-18
ACC1173,Dashboard,15,2026-04-23
ACC1401,Team_Collab,38,2026-05-01
ACC1396,Report_Gen,43,2026-04-15
ACC1086,Team_Collab,79,2026-04-08
ACC1096,Bulk_Upload,33,2026-04-21
ACC1439,API_Access,47,2026-04-20
ACC1247,Bulk_Upload,33,2026-05-04
ACC1239,Report_Gen,34,2026-04-14
ACC1001,Bulk_Upload,69,2026-04-10
ACC1437,Team_Collab,80,2026-04-18
ACC1393,Bulk_Upload,65,2026-04-13
ACC1284,Team_Collab,32,2026-04-08
ACC1428,Team_Collab,25,2026-04-10
ACC1374,Bulk_Upload,28,2026-05-04
ACC1170,Bulk_Upload,15,2026-04-06
ACC1012,Report_Gen,43,2026-04-13
ACC1464,Report_Gen,6,2026-04-17
ACC1334,Team_Collab,11,2026-04-17
ACC1260,API_Access,44,2026-04-20
ACC1347,Bulk_Upload,86,2026-04-30
ACC1054,API_Access,83,2026-04-06
ACC1457,Report_Gen,84,2026-04-13
ACC1324,Report_Gen,3,2026-05-01
ACC1028,Report_Gen,14,2026-04-29
ACC1120,Report_Gen,66,2026-04-11
ACC1150,Bulk_Upload,91,2026-04-07
ACC1129,Team_Collab,100,2026-05-02
ACC1218,Report_Gen,99,2026-04-23
ACC1399,API_Access,68,2026-05-01
ACC1232,API_Access,71,2026-04-20
ACC1083,Report_Gen,26,2026-04-19
ACC1204,Team_Collab,3,2026-04-14
ACC1075,Bulk_Upload,69,2026-05-01
ACC1303,Bulk_Upload,55,2026-04-13
ACC1433,Team_Collab,19,2026-04-17
ACC1296,Report_Gen,84,2026-04-17
ACC1169,Dashboard,29,2026-04-10
ACC1235,Dashboard,95,2026-04-10
ACC1451,Bulk_Upload,65,2026-04-12
ACC1383,Team_Collab,5,2026-04-12
ACC1384,Team_Collab,91,2026-04-11
ACC1160,API_Access,8,2026-04-30
ACC1325,Report_Gen,1,2026-05-05
ACC1146,API_Access,31,2026-04-20
ACC1200,Bulk_Upload,86,2026-04-29
ACC1418,Report_Gen,23,2026-04-26
ACC1142,Bulk_Upload,25,2026-04-16
ACC1483,Report_Gen,22,2026-04-06
ACC1012,Bulk_Upload,86,2026-04-25
ACC1270,API_Access,2,2026-04-09
ACC1122,Dashboard,53,2026-04-25
ACC1064,Bulk_Upload,86,2026-04-10
ACC1192,API_Access,6,2026-05-04
ACC1096,Report_Gen,50,2026-05-01
ACC1056,Dashboard,15,2026-04-14
ACC1488,API_Access,39,2026-04-29
ACC1300,Report_Gen,76,2026-04-06
ACC1446,Report_Gen,41,2026-04-21
ACC1262,Bulk_Upload,54,2026-04-06
ACC1200,API_Access,55,2026-04-12
ACC1314,Bulk_Upload,98,2026-04-29
ACC1161,Team_Collab,22,2026-04-09
ACC1210,Bulk_Upload,6,2026-04-14
ACC1151,API_Access,91,2026-05-05
ACC1254,API_Access,34,2026-04-12
ACC1108,API_Access,45,2026-04-24
ACC1031,Bulk_Upload,55,2026-04-27
ACC1152,Team_Collab,65,2026-05-05
ACC1227,Team_Collab,17,2026-04-25
ACC1213,Dashboard,99,2026-04-10
ACC1333,API_Access,45,2026-04-26
ACC1449,API_Access,72,2026-05-03
ACC1214,Team_Collab,65,2026-04-14
ACC1402,Report_Gen,61,2026-04-24
ACC1021,Dashboard,96,2026-04-14
ACC1071,Report_Gen,45,2026-04-23
ACC1114,Report_Gen,37,2026-04-18
ACC1316,Bulk_Upload,77,2026-05-02
ACC1343,Dashboard,7,2026-04-08
ACC1409,Dashboard,26,2026-04-25
ACC1013,Bulk_Upload,37,2026-05-01
ACC1320,API_Access,1,2026-04-22
ACC1390,Bulk_Upload,68,2026-05-04
ACC1031,Report_Gen,46,2026-04-11
ACC1491,Bulk_Upload,1,2026-05-04
ACC1116,Report_Gen,1,2026-04-10
ACC1137,API_Access,52,2026-04-21
ACC1047,Team_Collab,58,2026-04-26
ACC1007,Report_Gen,91,2026-04-11
ACC1097,Dashboard,21,2026-04-12
ACC1050,Bulk_Upload,14,2026-04-21
ACC1204,Dashboard,91,2026-04-14
ACC1075,API_Access,90,2026-04-09
ACC1480,API_Access,87,2026-05-01
ACC1262,API_Access,20,2026-04-27
ACC1255,Dashboard,45,2026-04-10
ACC1284,Report_Gen,56,2026-04-13
ACC1250,Team_Collab,9,2026-04-16
ACC1186,API_Access,24,2026-04-15
ACC1047,Report_Gen,24,2026-05-04
ACC1252,Bulk_Upload,92,2026-04-30
ACC1020,Dashboard,54,2026-04-28
ACC1199,Team_Collab,17,2026-04-07
ACC1389,API_Access,76,2026-04-27
ACC1194,Report_Gen,14,2026-04-14
ACC1313,Report_Gen,14,2026-04-08
ACC1246,API_Access,52,2026-04-29
ACC1250,Bulk_Upload,70,2026-04-28
ACC1319,Team_Collab,32,2026-04-06
ACC1197,Bulk_Upload,23,2026-04-16
ACC1255,Bulk_Upload,82,2026-04-22
ACC1083,Dashboard,19,2026-04-27
ACC1070,Dashboard,4,2026-04-28
ACC1056,API_Access,85,2026-04-06
ACC1175,Dashboard,4,2026-04-17
ACC1044,API_Access,17,2026-04-24
ACC1317,Bulk_Upload,33,2026-04-16
ACC1370,Dashboard,4,2026-04-09
ACC1483,API_Access,88,2026-04-27
ACC1414,Dashboard,25,2026-04-28
ACC1433,Report_Gen,39,2026-04-26
ACC1291,Bulk_Upload,61,2026-04-10
ACC1242,Dashboard,44,2026-04-27
ACC1479,Team_Collab,33,2026-04-06
ACC1347,Team_Collab,1,2026-04-28
ACC1429,Team_Collab,92,2026-04-07
ACC1190,Dashboard,30,2026-04-15
ACC1282,API_Access,60,2026-04-28
ACC1047,Team_Collab,8,2026-04-17
ACC1289,Dashboard,6,2026-04-19
ACC1148,Report_Gen,27,2026-05-05
ACC1475,Dashboard,75,2026-04-26
ACC1073,Team_Collab,63,2026-05-01
ACC1344,API_Access,50,2026-04-23
ACC1100,Bulk_Upload,59,2026-04-07
ACC1198,Bulk_Upload,23,2026-04-12
ACC1018,API_Access,25,2026-04-23
ACC1146,Bulk_Upload,8,2026-04-25
ACC1169,Bulk_Upload,29,2026-04-29
ACC1000,API_Access,33,2026-04-26
ACC1160,Dashboard,91,2026-04-09
ACC1465,Bulk_Upload,57,2026-04-14
ACC1224,Dashboard,11,2026-05-02
ACC1011,Bulk_Upload,26,2026-04-08
ACC1494,API_Access,83,2026-04-07
ACC1321,API_Access,32,2026-04-22
ACC1367,Report_Gen,85,2026-04-23
ACC1094,API_Access,31,2026-04-28
ACC1174,Dashboard,23,2026-04-23
ACC1255,Report_Gen,17,2026-04-24
ACC1308,Team_Collab,16,2026-04-20
ACC1371,Bulk_Upload,100,2026-04-26
ACC1404,API_Access,14,2026-04-06
ACC1142,Bulk_Upload,81,2026-04-24
ACC1456,Team_Collab,62,2026-04-10
ACC1170,Report_Gen,4,2026-04-16
ACC1008,API_Access,68,2026-05-02
ACC1350,Team_Collab,79,2026-04-23
ACC1477,Dashboard,23,2026-04-18
ACC1351,Dashboard,23,2026-04-23
ACC1079,Report_Gen,74,2026-04-24
ACC1344,API_Access,35,2026-04-21
ACC1087,Bulk_Upload,71,2026-04-12
ACC1400,Team_Collab,85,2026-04-21
ACC1229,API_Access,14,2026-04-16
ACC1494,API_Access,54,2026-04-16
ACC1454,Report_Gen,52,2026-04-15
ACC1066,Dashboard,2,2026-04-26
ACC1364,Dashboard,95,2026-05-02
ACC1150,Dashboard,77,2026-04-22
ACC1282,Team_Collab,60,2026-05-01
ACC1144,Dashboard,82,2026-04-13
ACC1223,Dashboard,99,2026-04-17
ACC1041,API_Access,59,2026-05-03
ACC1155,Dashboard,38,2026-04-26
ACC1418,Report_Gen,79,2026-04-17
ACC1148,Team_Collab,59,2026-05-03
ACC1107,Team_Collab,17,2026-05-02
ACC1140,Team_Collab,84,2026-04-26
ACC1435,Bulk_Upload,49,2026-04-09
ACC1493,Dashboard,15,2026-04-26
ACC1345,Team_Collab,73,2026-04-17
ACC1076,Dashboard,68,2026-04-15
ACC1479,Team_Collab,69,2026-04-25
ACC1499,Report_Gen,13,2026-04-17
ACC1154,Dashboard,21,2026-04-06
ACC1170,Report_Gen,25,2026-04-19
ACC1256,Report_Gen,38,2026-04-18
ACC1112,API_Access,6,2026-04-12
ACC1164,Report_Gen,32,2026-04-19
ACC1138,Dashboard,23,2026-04-29
ACC1401,Report_Gen,99,2026-04-23
ACC1269,Dashboard,72,2026-04-23
ACC1438,Team_Collab,50,2026-04-07
ACC1358,Team_Collab,22,2026-04-23
ACC1425,Dashboard,19,2026-04-25
ACC1116,API_Access,75,2026-05-05
ACC1206,API_Access,46,2026-05-05
ACC1099,Bulk_Upload,63,2026-04-27
ACC1064,Team_Collab,87,2026-04-24
ACC1373,Bulk_Upload,93,2026-04-30
ACC1282,Dashboard,86,2026-04-28
ACC1105,Team_Collab,74,2026-04-20
ACC1257,Dashboard,52,2026-04-10
ACC1095,API_Access,59,2026-04-23
ACC1046,Bulk_Upload,68,2026-04-22
ACC1488,API_Access,21,2026-05-04
ACC1329,API_Access,29,2026-04-11
ACC1491,Bulk_Upload,60,2026-05-05
ACC1489,Team_Collab,21,2026-05-01
ACC1296,Report_Gen,63,2026-05-02
ACC1202,Dashboard,22,2026-04-13
ACC1424,Team_Collab,34,2026-04-25
ACC1333,Dashboard,17,2026-04-24
ACC1381,API_Access,57,2026-04-23
ACC1492,API_Access,39,2026-04-27
ACC1465,API_Access,78,2026-04-20
ACC1033,Team_Collab,93,2026-05-05
ACC1038,Dashboard,93,2026-04-23
ACC1276,API_Access,86,2026-04-29
ACC1311,Team_Collab,45,2026-04-17
ACC1266,Bulk_Upload,84,2026-04-27
ACC1110,API_Access,99,2026-04-30
ACC1123,Team_Collab,56,2026-05-03
ACC1431,Bulk_Upload,49,2026-04-20
ACC1083,Team_Collab,59,2026-04-25
ACC1453,Report_Gen,4,2026-04-20
ACC1201,Team_Collab,83,2026-04-19
ACC1271,Dashboard,52,2026-04-19
ACC1473,Report_Gen,41,2026-04-16
ACC1398,Report_Gen,27,2026-04-17
ACC1457,Team_Collab,50,2026-04-06
ACC1227,Team_Collab,93,2026-04-22
ACC1460,Team_Collab,30,2026-05-04
ACC1494,API_Access,24,2026-04-21
ACC1259,Report_Gen,38,2026-04-12
ACC1064,Team_Collab,10,2026-05-03
ACC1404,Bulk_Upload,63,2026-04-21
ACC1466,API_Access,72,2026-04-23
ACC1241,Report_Gen,14,2026-04-19
ACC1176,Bulk_Upload,90,2026-04-12
ACC1002,API_Access,25,2026-04-13
ACC1125,Team_Collab,92,2026-04-25
ACC1376,Team_Collab,1,2026-04-23
ACC1096,Team_Collab,65,2026-04-15
ACC1119,Bulk_Upload,25,2026-05-02
ACC1305,Dashboard,74,2026-04-28
ACC1282,Team_Collab,7,2026-04-07
ACC1240,Bulk_Upload,9,2026-04-24
ACC1168,API_Access,38,2026-04-29
ACC1407,Bulk_Upload,25,2026-04-06
ACC1195,Team_Collab,5,2026-04-14
ACC1298,Team_Collab,45,2026-04-08
ACC1324,Team_Collab,17,2026-04-23
ACC1177,Bulk_Upload,54,2026-05-01
ACC1403,Bulk_Upload,60,2026-04-06
ACC1427,Bulk_Upload,63,2026-04-08
ACC1249,API_Access,54,2026-04-23
ACC1179,Report_Gen,32,2026-04-21
ACC1414,API_Access,61,2026-04-16
ACC1181,Report_Gen,39,2026-04-09
ACC1058,API_Access,19,2026-04-07
ACC1275,Report_Gen,62,2026-04-19
ACC1421,Dashboard,4,2026-04-25
ACC1184,Bulk_Upload,66,2026-05-05
ACC1352,API_Access,100,2026-04-18
ACC1474,Report_Gen,8,2026-04-21
ACC1331,Team_Collab,13,2026-04-23
ACC1245,Report_Gen,16,2026-04-26
ACC1020,Dashboard,47,2026-04-26
ACC1127,API_Access,59,2026-04-10
ACC1342,Bulk_Upload,7,2026-05-02
ACC1342,Bulk_Upload,8,2026-05-04
ACC1483,Dashboard,39,2026-04-25
ACC1247,Team_Collab,71,2026-04-20
ACC1453,Bulk_Upload,55,2026-05-04
ACC1178,Report_Gen,15,2026-05-01
ACC1422,Dashboard,62,2026-05-05
ACC1383,Bulk_Upload,99,2026-05-04
ACC1071,Bulk_Upload,82,2026-05-02
ACC1193,API_Access,93,2026-05-03
ACC1368,Bulk_Upload,9,2026-04-23
ACC1043,API_Access,87,2026-04-20
ACC1061,Bulk_Upload,59,2026-04-30
ACC1295,API_Access,40,2026-04-20
ACC1271,Bulk_Upload,53,2026-04-20
ACC1234,Team_Collab,45,2026-04-08
ACC1368,Bulk_Upload,69,2026-04-08
ACC1065,Bulk_Upload,10,2026-04-06
ACC1000,Bulk_Upload,69,2026-04-13
ACC1338,Report_Gen,41,2026-04-21
ACC1005,Bulk_Upload,18,2026-04-21
ACC1204,Dashboard,38,2026-04-09
ACC1107,Report_Gen,29,2026-04-25
ACC1247,Report_Gen,82,2026-05-05
ACC1291,Dashboard,38,2026-04-16
ACC1476,Bulk_Upload,92,2026-04-22
ACC1479,Team_Collab,94,2026-04-28
ACC1071,Report_Gen,70,2026-04-10
ACC1197,Bulk_Upload,1,2026-05-05
ACC1192,API_Access,8,2026-04-25
ACC1289,Bulk_Upload,64,2026-04-19
ACC1211,Dashboard,35,2026-04-12
ACC1034,Bulk_Upload,22,2026-04-18
ACC1086,Dashboard,18,2026-04-13
ACC1314,API_Access,65,2026-04-29
ACC1034,Bulk_Upload,76,2026-04-13
ACC1051,API_Access,70,2026-04-09
ACC1227,Bulk_Upload,47,2026-04-16
ACC1336,Bulk_Upload,66,2026-04-07
ACC1325,Bulk_Upload,43,2026-04-20
ACC1241,API_Access,5,2026-04-08
ACC1420,Team_Collab,81,2026-04-20
ACC1089,Report_Gen,88,2026-05-01
ACC1433,Dashboard,46,2026-04-20
ACC1479,API_Access,56,2026-04-14
ACC1414,Team_Collab,3,2026-04-10
ACC1027,Bulk_Upload,51,2026-04-15
ACC1023,API_Access,86,2026-04-15
ACC1316,Dashboard,83,2026-04-30
ACC1259,Dashboard,15,2026-04-10
ACC1474,API_Access,40,2026-04-14
ACC1170,Dashboard,43,2026-04-26
ACC1057,Report_Gen,51,2026-04-15
ACC1013,Dashboard,21,2026-04-08
ACC1308,Dashboard,76,2026-04-13
ACC1343,Team_Collab,100,2026-05-02
ACC1252,Report_Gen,89,2026-04-20
ACC1221,Dashboard,51,2026-04-17
ACC1283,Report_Gen,31,2026-05-01
ACC1041,Bulk_Upload,1,2026-04-20
ACC1163,Dashboard,50,2026-04-23
ACC1227,API_Access,24,2026-04-12
ACC1003,Report_Gen,87,2026-04-19
ACC1218,Dashboard,70,2026-04-08
ACC1268,Bulk_Upload,71,2026-04-21
ACC1363,Report_Gen,15,2026-04-09
ACC1242,API_Access,12,2026-04-19
ACC1443,Team_Collab,62,2026-05-04
ACC1210,Team_Collab,16,2026-04-27
ACC1304,Bulk_Upload,49,2026-04-08
ACC1416,API_Access,97,2026-04-27
ACC1360,Bulk_Upload,7,2026-05-02
ACC1092,API_Access,73,2026-04-18
ACC1206,API_Access,16,2026-04-14
ACC1298,Bulk_Upload,68,2026-04-20
ACC1065,Bulk_Upload,30,2026-04-22
ACC1026,Team_Collab,73,2026-04-14
ACC1218,Report_Gen,62,2026-04-22
ACC1433,Bulk_Upload,57,2026-04-24
ACC1438,Report_Gen,86,2026-05-04
ACC1305,API_Access,99,2026-04-21
ACC1151,Team_Collab,19,2026-05-03
ACC1326,API_Access,96,2026-04-08
ACC1136,Dashboard,81,2026-04-19
ACC1028,Bulk_Upload,100,2026-05-05
ACC1005,Bulk_Upload,59,2026-04-23
ACC1305,Team_Collab,94,2026-04-17
ACC1474,API_Access,29,2026-04-25
ACC1480,Report_Gen,26,2026-04-14
ACC1482,Bulk_Upload,61,2026-05-04
ACC1327,Bulk_Upload,83,2026-04-15
ACC1102,Team_Collab,79,2026-04-10
ACC1151,Team_Collab,83,2026-05-03
ACC1455,Bulk_Upload,75,2026-05-04
ACC1472,Bulk_Upload,68,2026-04-29
ACC1467,API_Access,60,2026-04-23
ACC1496,Report_Gen,80,2026-04-07
ACC1243,Team_Collab,65,2026-04-07
ACC1412,Dashboard,18,2026-04-13
ACC1445,Team_Collab,7,2026-04-09
ACC1462,Dashboard,95,2026-04-20
ACC1369,Bulk_Upload,37,2026-04-08
ACC1325,Dashboard,60,2026-04-19
ACC1418,Report_Gen,90,2026-04-07
ACC1052,Team_Collab,94,2026-04-10
ACC1367,Team_Collab,44,2026-04-16
ACC1189,Team_Collab,49,2026-04-23
ACC1111,Dashboard,40,2026-04-13
ACC1487,Report_Gen,26,2026-04-11
ACC1226,Team_Collab,52,2026-04-08
ACC1206,Report_Gen,95,2026-04-21
ACC1441,Dashboard,9,2026-04-07
ACC1070,Report_Gen,25,2026-04-09
ACC1416,Team_Collab,31,2026-04-09
ACC1260,Bulk_Upload,63,2026-05-04
ACC1410,Team_Collab,26,2026-05-04
ACC1273,Report_Gen,69,2026-04-29
ACC1087,Report_Gen,19,2026-04-28
ACC1147,Bulk_Upload,51,2026-04-07
ACC1483,API_Access,61,2026-04-17
ACC1455,Team_Collab,57,2026-04-28
ACC1237,Team_Collab,98,2026-04-21
ACC1212,API_Access,43,2026-05-05
ACC1332,Team_Collab,47,2026-04-24
ACC1278,API_Access,79,2026-04-26
ACC1191,Report_Gen,80,2026-04-10
ACC1195,API_Access,38,2026-04-25
ACC1054,Team_Collab,28,2026-05-05
ACC1219,Team_Collab,86,2026-04-09
ACC1304,Team_Collab,80,2026-04-12
ACC1436,Team_Collab,10,2026-05-03
ACC1381,Report_Gen,93,2026-04-29
ACC1478,Bulk_Upload,59,2026-04-28
ACC1441,Team_Collab,59,2026-04-13
ACC1269,API_Access,36,2026-04-17
ACC1081,Report_Gen,3,2026-04-07
ACC1061,Bulk_Upload,18,2026-04-26
ACC1447,API_Access,92,2026-04-30
ACC1429,Dashboard,9,2026-04-08
ACC1099,Dashboard,14,2026-04-18
ACC1393,Bulk_Upload,52,2026-04-18
ACC1406,API_Access,79,2026-05-02
ACC1216,Dashboard,47,2026-04-16
ACC1208,Bulk_Upload,48,2026-04-28
ACC1298,API_Access,19,2026-04-15
ACC1246,Bulk_Upload,79,2026-04-24
ACC1227,Team_Collab,47,2026-04-06
ACC1029,Dashboard,11,2026-04-18
ACC1426,Bulk_Upload,15,2026-04-23
ACC1197,Dashboard,97,2026-04-12
ACC1175,API_Access,95,2026-04-21
ACC1146,Team_Collab,41,2026-04-25
ACC1307,Report_Gen,33,2026-04-09
ACC1236,Team_Collab,72,2026-04-17
ACC1303,Team_Collab,33,2026-04-14
ACC1406,Team_Collab,1,2026-04-23
ACC1423,API_Access,66,2026-04-11
ACC1346,Dashboard,86,2026-04-28
ACC1182,Bulk_Upload,60,2026-05-01
ACC1295,Dashboard,23,2026-04-06
ACC1119,API_Access,6,2026-04-06
ACC1461,Report_Gen,72,2026-04-13
ACC1262,API_Access,34,2026-04-28
ACC1307,API_Access,13,2026-04-24
ACC1016,Report_Gen,16,2026-05-05
ACC1408,Dashboard,49,2026-04-22
ACC1113,Bulk_Upload,100,2026-05-02
ACC1365,Bulk_Upload,27,2026-05-01
ACC1027,API_Access,82,2026-04-23
ACC1470,Bulk_Upload,33,2026-04-28
ACC1154,Bulk_Upload,60,2026-04-16
ACC1031,Bulk_Upload,21,2026-04-28
ACC1127,API_Access,57,2026-04-22
ACC1337,Report_Gen,35,2026-04-15
ACC1467,API_Access,56,2026-04-10
ACC1287,Bulk_Upload,56,2026-04-13
ACC1267,Report_Gen,69,2026-04-29
ACC1105,Report_Gen,13,2026-04-30
ACC1452,Report_Gen,15,2026-04-26
ACC1149,Dashboard,54,2026-04-30
ACC1108,Bulk_Upload,73,2026-04-13
ACC1467,Dashboard,73,2026-04-10
ACC1041,Team_Collab,14,2026-04-16
ACC1341,Bulk_Upload,32,2026-04-16
ACC1276,Bulk_Upload,50,2026-04-19
ACC1204,Report_Gen,77,2026-04-13
ACC1305,Team_Collab,91,2026-04-11
ACC1112,Bulk_Upload,72,2026-04-10
ACC1336,API_Access,86,2026-05-03
ACC1158,API_Access,63,2026-05-05
ACC1012,Report_Gen,96,2026-04-20
ACC1318,Report_Gen,60,2026-04-28
ACC1440,Dashboard,48,2026-05-03
ACC1071,API_Access,63,2026-04-11
ACC1177,API_Access,50,2026-04-13
ACC1210,Report_Gen,60,2026-04-12
ACC1094,Team_Collab,76,2026-05-01
ACC1277,Team_Collab,93,2026-04-18
ACC1487,Dashboard,89,2026-04-11
ACC1145,Bulk_Upload,92,2026-04-08
ACC1467,Report_Gen,76,2026-04-23
ACC1359,Bulk_Upload,18,2026-05-03
ACC1209,Team_Collab,71,2026-04-09
ACC1358,Bulk_Upload,75,2026-05-01
ACC1018,Report_Gen,15,2026-04-07
ACC1368,Report_Gen,32,2026-04-24
ACC1074,Bulk_Upload,58,2026-04-26
ACC1049,API_Access,22,2026-04-10
ACC1377,Team_Collab,73,2026-04-11
ACC1438,Team_Collab,65,2026-04-14
ACC1318,Bulk_Upload,77,2026-04-29
ACC1186,Team_Collab,15,2026-04-23
ACC1389,Dashboard,33,2026-04-21
ACC1270,Report_Gen,2,2026-04-23
ACC1289,Team_Collab,34,2026-04-17
ACC1462,Report_Gen,24,2026-04-06
ACC1356,Report_Gen,28,2026-04-27
ACC1337,Report_Gen,66,2026-04-29
ACC1052,Team_Collab,8,2026-05-02
ACC1230,Dashboard,42,2026-04-24
ACC1032,Bulk_Upload,37,2026-04-06
ACC1258,Report_Gen,72,2026-05-01
ACC1090,Team_Collab,59,2026-04-17
ACC1025,Bulk_Upload,32,2026-05-02
ACC1272,Dashboard,58,2026-05-01
ACC1146,Team_Collab,41,2026-04-12
ACC1361,Bulk_Upload,69,2026-04-29
ACC1195,Team_Collab,50,2026-04-14
ACC1447,API_Access,57,2026-04-20
ACC1010,API_Access,98,2026-04-17
ACC1322,Dashboard,8,2026-05-02
ACC1324,Dashboard,34,2026-04-08
ACC1095,Dashboard,74,2026-04-12
ACC1464,Dashboard,89,2026-04-20
ACC1091,Bulk_Upload,51,2026-04-25
ACC1421,API_Access,45,2026-04-29
ACC1315,Bulk_Upload,17,2026-04-08
ACC1485,API_Access,15,2026-04-30
ACC1354,Bulk_Upload,98,2026-04-28
ACC1486,Report_Gen,75,2026-04-22
ACC1222,Report_Gen,17,2026-04-25
ACC1348,Report_Gen,89,2026-04-12
ACC1451,API_Access,48,2026-04-07
ACC1008,API_Access,64,2026-04-16
ACC1066,Bulk_Upload,55,2026-04-18
ACC1171,Report_Gen,41,2026-04-18
ACC1032,Team_Collab,95,2026-05-01
ACC1121,Bulk_Upload,64,2026-04-13
ACC1256,Bulk_Upload,12,2026-04-28
ACC1053,Team_Collab,59,2026-05-04
ACC1053,Bulk_Upload,64,2026-05-05
ACC1395,Team_Collab,58,2026-04-20
ACC1473,Bulk_Upload,12,2026-05-03
ACC1174,Team_Collab,3,2026-05-02
ACC1353,Report_Gen,39,2026-04-27
ACC1447,Dashboard,38,2026-04-12
ACC1093,API_Access,89,2026-04-13
ACC1365,Report_Gen,56,2026-04-17
ACC1395,Bulk_Upload,4,2026-04-21
ACC1001,Bulk_Upload,61,2026-05-01
ACC1272,Bulk_Upload,23,2026-04-15
ACC1303,Team_Collab,7,2026-04-29
ACC1497,Bulk_Upload,10,2026-04-08
ACC1172,Team_Collab,18,2026-04-29
ACC1018,Bulk_Upload,6,2026-04-23
ACC1289,Dashboard,16,2026-05-02
ACC1088,Bulk_Upload,23,2026-04-17
ACC1167,Report_Gen,5,2026-04-06
ACC1278,Bulk_Upload,18,2026-04-09
ACC1156,Bulk_Upload,47,2026-05-03
ACC1351,Report_Gen,60,2026-05-03
ACC1009,Team_Collab,50,2026-04-18
ACC1164,API_Access,54,2026-04-14
ACC1025,Report_Gen,67,2026-04-13
ACC1250,API_Access,30,2026-04-08
ACC1109,API_Access,43,2026-04-28
ACC1400,API_Access,50,2026-04-16
ACC1405,Team_Collab,65,2026-04-08
ACC1298,API_Access,77,2026-04-30
ACC1375,Bulk_Upload,3,2026-04-29
ACC1347,Team_Collab,90,2026-04-09
ACC1184,Team_Collab,93,2026-04-06
ACC1420,API_Access,71,2026-04-18
ACC1353,Dashboard,95,2026-05-01
ACC1182,Team_Collab,81,2026-04-10
ACC1346,Report_Gen,36,2026-04-20
ACC1047,Dashboard,18,2026-04-12
ACC1212,Team_Collab,16,2026-04-20
ACC1314,API_Access,91,2026-04-24
ACC1170,Report_Gen,73,2026-04-14
ACC1318,API_Access,37,2026-04-25
ACC1310,Bulk_Upload,31,2026-04-09
ACC1261,API_Access,36,2026-04-21
ACC1254,Dashboard,79,2026-05-01
ACC1085,Bulk_Upload,16,2026-04-24
ACC1364,Report_Gen,100,2026-04-28
ACC1247,Team_Collab,71,2026-04-08
ACC1133,Team_Collab,86,2026-04-19
ACC1373,Report_Gen,5,2026-04-18
ACC1473,Team_Collab,77,2026-04-18
ACC1000,Report_Gen,68,2026-04-06
ACC1313,Team_Collab,1,2026-04-27
ACC1221,Team_Collab,58,2026-04-11
ACC1350,Report_Gen,87,2026-04-13
ACC1344,Report_Gen,67,2026-04-17
ACC1065,Bulk_Upload,94,2026-04-10
ACC1214,Team_Collab,70,2026-04-08
ACC1202,Dashboard,74,2026-05-02
ACC1178,Dashboard,75,2026-04-14
ACC1238,Dashboard,5,2026-04-09
ACC1417,Bulk_Upload,43,2026-04-22
ACC1365,API_Access,18,2026-05-03
ACC1031,Dashboard,97,2026-04-10
ACC1229,Team_Collab,5,2026-04-29
ACC1138,Report_Gen,100,2026-04-15
ACC1458,Bulk_Upload,60,2026-05-05
ACC1358,Report_Gen,72,2026-04-19
ACC1157,Bulk_Upload,1,2026-04-23
ACC1136,Team_Collab,50,2026-04-28
ACC1198,Bulk_Upload,25,2026-05-05
ACC1009,Team_Collab,96,2026-04-30
ACC1115,Team_Collab,32,2026-04-09
ACC1453,Report_Gen,94,2026-04-17
ACC1265,Bulk_Upload,50,2026-04-11
ACC1007,Report_Gen,63,2026-04-17
ACC1023,API_Access,58,2026-04-06
ACC1283,Team_Collab,63,2026-04-07
ACC1321,Bulk_Upload,58,2026-04-15
ACC1243,Report_Gen,41,2026-04-26
ACC1175,Team_Collab,86,2026-04-22
ACC1103,Bulk_Upload,30,2026-05-02
ACC1183,Bulk_Upload,20,2026-04-25
ACC1298,Bulk_Upload,67,2026-04-20
ACC1496,Report_Gen,73,2026-05-05
ACC1072,API_Access,35,2026-04-15
ACC1219,Team_Collab,12,2026-04-08
ACC1338,Report_Gen,83,2026-04-11
ACC1420,Team_Collab,27,2026-04-19
ACC1248,Team_Collab,93,2026-04-25
ACC1412,Bulk_Upload,35,2026-04-22
ACC1320,API_Access,57,2026-04-25
ACC1113,Report_Gen,1,2026-05-05
ACC1102,Team_Collab,34,2026-04-11
ACC1328,Dashboard,80,2026-04-18
ACC1160,Dashboard,96,2026-04-09
ACC1212,Dashboard,45,2026-04-25
ACC1186,Report_Gen,46,2026-04-19
ACC1204,Team_Collab,55,2026-05-01
ACC1047,Bulk_Upload,56,2026-04-18
ACC1410,Report_Gen,76,2026-05-04
ACC1030,API_Access,17,2026-05-02
ACC1074,API_Access,3,2026-04-10
ACC1374,Dashboard,47,2026-04-14
ACC1234,Team_Collab,58,2026-05-05
ACC1206,Dashboard,34,2026-04-09
ACC1351,Report_Gen,34,2026-04-28
ACC1209,Team_Collab,9,2026-04-29
ACC1283,Bulk_Upload,34,2026-04-20
ACC1035,API_Access,18,2026-04-22
ACC1283,Report_Gen,18,2026-04-26
ACC1077,Team_Collab,52,2026-04-25
ACC1414,Report_Gen,11,2026-04-06
ACC1316,Team_Collab,95,2026-04-12
ACC1260,Report_Gen,78,2026-04-23
ACC1396,Bulk_Upload,25,2026-05-05
ACC1488,Bulk_Upload,15,2026-04-27
ACC1150,Bulk_Upload,59,2026-04-29
ACC1463,Bulk_Upload,35,2026-05-05
ACC1279,API_Access,47,2026-04-16
ACC1447,Bulk_Upload,86,2026-04-27
ACC1020,Bulk_Upload,21,2026-05-01
ACC1154,API_Access,13,2026-04-26
ACC1036,Team_Collab,28,2026-04-18
ACC1001,Dashboard,46,2026-04-08
ACC1327,Bulk_Upload,9,2026-05-03
ACC1160,API_Access,57,2026-04-14
ACC1288,API_Access,2,2026-04-14
ACC1319,Report_Gen,24,2026-04-28
ACC1160,Team_Collab,30,2026-04-19
ACC1408,Bulk_Upload,27,2026-04-13
ACC1215,Team_Collab,47,2026-04-29
ACC1227,Report_Gen,78,2026-05-05
ACC1390,Team_Collab,96,2026-05-02
ACC1487,Dashboard,10,2026-04-06
ACC1092,Dashboard,79,2026-04-26
ACC1069,Team_Collab,61,2026-04-07
ACC1227,Report_Gen,12,2026-04-10
ACC1128,Report_Gen,76,2026-04-20
ACC1474,Report_Gen,42,2026-05-05
ACC1379,Team_Collab,98,2026-04-17
ACC1401,Report_Gen,54,2026-05-03
ACC1173,Report_Gen,95,2026-04-06
ACC1255,Report_Gen,11,2026-04-23
ACC1216,Report_Gen,15,2026-04-10
ACC1449,Bulk_Upload,85,2026-04-17
ACC1262,Bulk_Upload,59,2026-04-19
ACC1012,Report_Gen,35,2026-04-26
ACC1176,Team_Collab,22,2026-05-01
ACC1250,Team_Collab,58,2026-05-02
ACC1257,Team_Collab,59,2026-04-23
ACC1098,Dashboard,40,2026-04-08
ACC1052,Bulk_Upload,82,2026-04-06
ACC1409,Report_Gen,62,2026-04-27
ACC1143,Bulk_Upload,66,2026-04-25
ACC1111,API_Access,77,2026-04-19
ACC1242,API_Access,58,2026-04-24
ACC1075,Team_Collab,44,2026-05-02
ACC1063,Team_Collab,15,2026-05-01
ACC1277,Team_Collab,1,2026-04-24
ACC1326,Team_Collab,75,2026-04-13
ACC1434,Dashboard,69,2026-04-06
ACC1313,Bulk_Upload,16,2026-04-07
ACC1386,Bulk_Upload,12,2026-04-23
ACC1170,Report_Gen,93,2026-04-18
ACC1406,Team_Collab,53,2026-04-07
ACC1377,API_Access,9,2026-05-01
ACC1088,API_Access,68,2026-04-17
ACC1244,Team_Collab,90,2026-04-25
ACC1058,Dashboard,71,2026-04-12
ACC1455,Bulk_Upload,98,2026-04-07
ACC1405,Bulk_Upload,11,2026-04-26
ACC1185,Bulk_Upload,78,2026-04-29
ACC1384,Bulk_Upload,51,2026-04-12
ACC1479,API_Access,73,2026-04-18
ACC1479,Dashboard,44,2026-04-10
ACC1231,Report_Gen,86,2026-04-24
ACC1308,Dashboard,32,2026-04-11
ACC1349,Bulk_Upload,86,2026-05-03
ACC1039,Team_Collab,10,2026-04-28
ACC1267,Bulk_Upload,8,2026-04-24
ACC1093,Report_Gen,38,2026-04-30
ACC1145,API_Access,51,2026-04-13
ACC1326,Bulk_Upload,74,2026-04-08
ACC1424,Report_Gen,28,2026-04-11
ACC1092,Report_Gen,92,2026-04-08
ACC1375,API_Access,12,2026-04-10
ACC1284,Dashboard,95,2026-04-15
ACC1356,Dashboard,19,2026-04-24
ACC1437,Team_Collab,23,2026-04-23
ACC1040,Team_Collab,21,2026-04-30
ACC1447,Team_Collab,64,2026-04-06
ACC1118,Report_Gen,66,2026-04-20
ACC1477,Report_Gen,36,2026-04-15
ACC1091,Bulk_Upload,45,2026-04-17
ACC1449,Dashboard,46,2026-05-03
ACC1416,API_Access,43,2026-04-16
ACC1001,Report_Gen,42,2026-04-22
ACC1399,Bulk_Upload,36,2026-04-30
ACC1250,API_Access,53,2026-04-12
ACC1017,Team_Collab,52,2026-04-19
ACC1271,Dashboard,41,2026-04-28
ACC1006,API_Access,9,2026-04-29
ACC1293,Team_Collab,35,2026-04-14
ACC1209,Team_Collab,64,2026-04-27
ACC1462,Bulk_Upload,99,2026-05-05
ACC1001,API_Access,79,2026-04-09
ACC1283,Dashboard,85,2026-04-26
ACC1143,Team_Collab,7,2026-04-07
ACC1264,Team_Collab,34,2026-04-22
ACC1162,Team_Collab,30,2026-04-10
ACC1467,API_Access,67,2026-04-08
ACC1324,Team_Collab,10,2026-04-26
ACC1120,Team_Collab,11,2026-05-03
ACC1123,Bulk_Upload,29,2026-04-30
ACC1429,Dashboard,41,2026-05-04
ACC1383,Dashboard,95,2026-04-14
ACC1110,Report_Gen,77,2026-04-09
ACC1297,Report_Gen,60,2026-04-22
ACC1465,Bulk_Upload,98,2026-04-18
ACC1285,Report_Gen,18,2026-05-01
ACC1386,Report_Gen,50,2026-05-02
ACC1169,Report_Gen,53,2026-04-13
ACC1259,Team_Collab,21,2026-04-09
ACC1341,Report_Gen,75,2026-04-28
ACC1103,Team_Collab,94,2026-04-12
ACC1034,Bulk_Upload,82,2026-04-09
ACC1416,API_Access,68,2026-04-11
ACC1091,Bulk_Upload,40,2026-04-14
ACC1359,Bulk_Upload,77,2026-04-06
ACC1427,API_Access,1,2026-04-29
ACC1062,Team_Collab,29,2026-04-20
ACC1420,Team_Collab,73,2026-04-06
ACC1114,Dashboard,90,2026-04-18
ACC1057,Report_Gen,34,2026-04-08
ACC1225,API_Access,67,2026-04-21
ACC1210,Report_Gen,14,2026-04-22
ACC1229,Team_Collab,15,2026-05-01
ACC1238,Bulk_Upload,54,2026-04-22
ACC1484,Report_Gen,42,2026-04-18
ACC1217,API_Access,73,2026-05-02
ACC1380,Bulk_Upload,64,2026-04-14
ACC1119,Bulk_Upload,88,2026-04-22
ACC1297,Report_Gen,93,2026-04-21
ACC1054,Team_Collab,37,2026-04-12
ACC1052,Dashboard,33,2026-04-06
ACC1173,Team_Collab,30,2026-04-08
ACC1230,Report_Gen,21,2026-04-12
ACC1067,Team_Collab,64,2026-04-29
ACC1193,Bulk_Upload,36,2026-05-05
ACC1194,Team_Collab,17,2026-05-02
ACC1363,Bulk_Upload,19,2026-05-03
ACC1428,API_Access,13,2026-04-25
ACC1331,Bulk_Upload,55,2026-04-08
ACC1413,Bulk_Upload,15,2026-05-02
ACC1181,Dashboard,99,2026-04-11
ACC1233,Dashboard,22,2026-04-13
ACC1389,Report_Gen,54,2026-04-22
ACC1055,Bulk_Upload,81,2026-04-12
ACC1474,API_Access,85,2026-04-27
ACC1175,Team_Collab,51,2026-04-10
ACC1113,Bulk_Upload,67,2026-04-18
ACC1060,Bulk_Upload,64,2026-04-14
ACC1358,Team_Collab,72,2026-04-14
ACC1097,Dashboard,36,2026-05-02
ACC1309,Report_Gen,12,2026-04-13
ACC1324,Report_Gen,27,2026-04-27
ACC1219,API_Access,86,2026-04-11
ACC1488,API_Access,38,2026-04-06
ACC1249,Bulk_Upload,21,2026-04-07
ACC1327,Bulk_Upload,70,2026-04-09
ACC1086,API_Access,84,2026-04-16
ACC1451,API_Access,12,2026-04-25
ACC1319,Team_Collab,1,2026-04-23
ACC1455,Report_Gen,64,2026-04-09
ACC1106,Team_Collab,15,2026-04-14
ACC1190,Bulk_Upload,96,2026-05-04
ACC1086,Dashboard,9,2026-04-06
ACC1103,Report_Gen,18,2026-04-06
ACC1369,Report_Gen,69,2026-04-30
ACC1097,Team_Collab,47,2026-04-25
ACC1119,Dashboard,65,2026-04-18
ACC1393,Team_Collab,55,2026-05-02
ACC1334,Bulk_Upload,11,2026-04-06
ACC1310,Report_Gen,85,2026-04-16
ACC1073,Bulk_Upload,66,2026-05-02
ACC1403,Dashboard,64,2026-04-23
ACC1130,Dashboard,47,2026-04-15
ACC1121,Report_Gen,3,2026-04-17
ACC1149,Bulk_Upload,43,2026-05-01
ACC1031,Bulk_Upload,23,2026-04-25
ACC1217,API_Access,96,2026-04-19
ACC1349,Bulk_Upload,8,2026-04-26
ACC1131,Report_Gen,94,2026-04-30
ACC1303,Report_Gen,96,2026-04-12
ACC1081,Dashboard,88,2026-04-07
ACC1166,Report_Gen,40,2026-04-09
ACC1411,Report_Gen,34,2026-04-16
ACC1490,Bulk_Upload,58,2026-04-20
ACC1034,Team_Collab,5,2026-04-19
ACC1411,Team_Collab,67,2026-04-21
ACC1447,API_Access,95,2026-05-02
ACC1465,API_Access,19,2026-05-03
ACC1490,Dashboard,42,2026-04-20
ACC1148,Dashboard,40,2026-04-27
ACC1362,API_Access,65,2026-04-14
ACC1421,Team_Collab,55,2026-04-06
ACC1361,Dashboard,33,2026-04-30
ACC1227,Team_Collab,24,2026-04-15
ACC1322,Dashboard,80,2026-04-27
ACC1292,Dashboard,49,2026-04-22
ACC1010,API_Access,92,2026-04-25
ACC1071,Team_Collab,69,2026-04-28
ACC1467,Dashboard,51,2026-04-24
ACC1039,API_Access,33,2026-04-22
ACC1175,API_Access,67,2026-04-30
ACC1011,Dashboard,48,2026-04-08
ACC1350,Team_Collab,30,2026-04-26
ACC1494,Report_Gen,7,2026-04-23
ACC1425,Bulk_Upload,1,2026-04-18
ACC1460,API_Access,39,2026-04-06
ACC1093,Team_Collab,68,2026-04-14
ACC1140,Dashboard,28,2026-04-13
ACC1008,Team_Collab,5,2026-04-17
ACC1463,Team_Collab,59,2026-04-28
ACC1270,Bulk_Upload,36,2026-04-23
ACC1071,Report_Gen,49,2026-04-22
ACC1155,Report_Gen,44,2026-04-23
ACC1294,Report_Gen,88,2026-04-18
ACC1132,Bulk_Upload,74,2026-04-19
ACC1227,Team_Collab,80,2026-04-28
ACC1249,Report_Gen,93,2026-04-26
ACC1482,Dashboard,16,2026-04-14
ACC1490,Bulk_Upload,57,2026-04-17
ACC1151,Team_Collab,27,2026-04-15
ACC1459,Report_Gen,51,2026-04-28
ACC1341,Report_Gen,76,2026-04-10
ACC1421,Bulk_Upload,51,2026-04-07
ACC1158,Team_Collab,65,2026-04-19
ACC1342,Dashboard,43,2026-04-16
ACC1219,Dashboard,93,2026-04-07
ACC1162,Report_Gen,18,2026-04-21
ACC1193,Report_Gen,66,2026-05-01
ACC1314,Dashboard,68,2026-04-27
ACC1034,Report_Gen,98,2026-04-27
ACC1219,Report_Gen,76,2026-04-18
ACC1359,Bulk_Upload,61,2026-04-17
ACC1002,Dashboard,42,2026-04-28
ACC1379,Team_Collab,77,2026-04-14
ACC1466,Report_Gen,30,2026-04-08
ACC1147,Dashboard,76,2026-04-29
ACC1353,Report_Gen,78,2026-05-03
ACC1082,API_Access,99,2026-04-21
ACC1038,Dashboard,38,2026-05-05
ACC1486,Report_Gen,67,2026-04-21
ACC1007,Report_Gen,19,2026-04-18
ACC1376,Bulk_Upload,40,2026-04-16
ACC1216,Report_Gen,61,2026-04-22
ACC1097,API_Access,99,2026-04-07
ACC1064,Team_Collab,86,2026-04-18
ACC1157,Report_Gen,60,2026-04-10
ACC1483,Team_Collab,74,2026-05-01
ACC1407,Dashboard,90,2026-04-14
ACC1462,Report_Gen,54,2026-04-07
ACC1494,Bulk_Upload,61,2026-04-22
ACC1075,API_Access,78,2026-04-26
ACC1165,API_Access,70,2026-04-20
ACC1060,Bulk_Upload,56,2026-04-28
ACC1384,Dashboard,25,2026-04-18
ACC1040,Report_Gen,17,2026-04-12
ACC1079,Dashboard,100,2026-05-05
ACC1416,Team_Collab,19,2026-04-15
ACC1430,Report_Gen,100,2026-04-21
ACC1064,Bulk_Upload,12,2026-04-18
ACC1000,Report_Gen,21,2026-04-26
ACC1363,Dashboard,99,2026-04-30
ACC1229,Dashboard,44,2026-04-27
ACC1148,API_Access,84,2026-04-11
ACC1229,Team_Collab,22,2026-04-17
ACC1452,Bulk_Upload,62,2026-05-04
ACC1415,Team_Collab,22,2026-04-28
ACC1179,Team_Collab,12,2026-04-12
ACC1157,Bulk_Upload,83,2026-04-23
ACC1340,API_Access,47,2026-04-20
ACC1348,Bulk_Upload,10,2026-04-21
ACC1430,Report_Gen,25,2026-04-14
ACC1163,Report_Gen,72,2026-04-12
ACC1489,Bulk_Upload,38,2026-04-11
ACC1498,API_Access,97,2026-04-19
ACC1106,Team_Collab,10,2026-05-04
ACC1060,Team_Collab,67,2026-04-23
ACC1085,Team_Collab,39,2026-05-01
ACC1181,Team_Collab,47,2026-04-14
ACC1442,Report_Gen,52,2026-04-12
ACC1134,Dashboard,90,2026-04-08
ACC1490,Report_Gen,8,2026-04-25
ACC1169,Dashboard,29,2026-04-13
ACC1176,Bulk_Upload,42,2026-04-09
ACC1099,Dashboard,67,2026-04-11
ACC1191,API_Access,4,2026-04-12
ACC1297,Team_Collab,50,2026-04-17
ACC1111,API_Access,34,2026-04-24
ACC1184,Bulk_Upload,74,2026-04-18
ACC1205,Team_Collab,33,2026-04-23
ACC1467,Dashboard,72,2026-05-03
ACC1462,Team_Collab,29,2026-04-11
ACC1150,Team_Collab,32,2026-04-19
ACC1150,Dashboard,19,2026-04-26
ACC1166,Bulk_Upload,72,2026-04-28
ACC1087,Dashboard,16,2026-04-12
ACC1347,API_Access,10,2026-04-08
ACC1341,API_Access,5,2026-04-17
ACC1419,API_Access,95,2026-04-20
ACC1249,API_Access,90,2026-04-17
ACC1008,Report_Gen,81,2026-04-13
ACC1341,Team_Collab,61,2026-04-27
ACC1179,Bulk_Upload,97,2026-04-12
ACC1112,Bulk_Upload,92,2026-04-10
ACC1129,API_Access,44,2026-04-21
ACC1165,Team_Collab,26,2026-04-22
ACC1138,Bulk_Upload,35,2026-04-18
ACC1010,API_Access,31,2026-04-07
ACC1475,Team_Collab,85,2026-04-12
ACC1463,Bulk_Upload,70,2026-04-19
ACC1438,Team_Collab,72,2026-04-18
ACC1359,API_Access,93,2026-04-23
ACC1377,Bulk_Upload,52,2026-04-07
ACC1103,Dashboard,42,2026-04-28
ACC1181,API_Access,100,2026-04-13
ACC1342,Bulk_Upload,77,2026-04-29
ACC1439,Report_Gen,30,2026-04-11
ACC1457,Report_Gen,49,2026-05-01
ACC1071,Bulk_Upload,15,2026-04-09
ACC1194,Bulk_Upload,62,2026-04-08
ACC1201,Dashboard,73,2026-04-07
ACC1162,Team_Collab,79,2026-04-28
ACC1482,API_Access,67,2026-04-30
ACC1373,Team_Collab,52,2026-04-18
ACC1405,Report_Gen,33,2026-04-25
ACC1367,API_Access,5,2026-05-03
ACC1144,Report_Gen,82,2026-04-14
ACC1036,Dashboard,48,2026-04-13
ACC1115,API_Access,90,2026-04-11
ACC1117,API_Access,88,2026-04-09
ACC1028,API_Access,63,2026-05-02
ACC1039,Bulk_Upload,84,2026-05-04
ACC1419,API_Access,54,2026-04-26
ACC1390,Team_Collab,89,2026-04-22
ACC1008,Report_Gen,46,2026-04-09
ACC1076,Dashboard,87,2026-05-03
ACC1235,Bulk_Upload,22,2026-04-21
ACC1203,Bulk_Upload,83,2026-04-14
ACC1451,Report_Gen,59,2026-04-28
ACC1087,Team_Collab,67,2026-05-03
ACC1066,Bulk_Upload,60,2026-04-06
ACC1308,Bulk_Upload,94,2026-04-17
ACC1343,Report_Gen,7,2026-04-15
ACC1494,Report_Gen,84,2026-05-02
ACC1035,API_Access,48,2026-04-10
ACC1120,Report_Gen,19,2026-04-29
ACC1305,Team_Collab,76,2026-04-18
ACC1160,Bulk_Upload,1,2026-04-16
ACC1370,Report_Gen,34,2026-04-29
ACC1106,API_Access,25,2026-04-19
ACC1227,API_Access,79,2026-04-12
ACC1059,Report_Gen,46,2026-04-18
ACC1087,Team_Collab,85,2026-04-24
ACC1087,Bulk_Upload,40,2026-04-30
ACC1470,Bulk_Upload,89,2026-04-12
ACC1431,Bulk_Upload,89,2026-04-18
ACC1233,Report_Gen,91,2026-04-07
ACC1005,Team_Collab,50,2026-04-21
ACC1138,Team_Collab,78,2026-04-23
ACC1009,Bulk_Upload,81,2026-05-03
ACC1100,Dashboard,59,2026-04-21
ACC1345,API_Access,100,2026-05-01
ACC1243,Report_Gen,75,2026-04-22
ACC1310,Dashboard,21,2026-04-30
ACC1203,Report_Gen,63,2026-05-05
ACC1447,Team_Collab,39,2026-04-27
ACC1074,API_Access,18,2026-04-12
ACC1005,Bulk_Upload,92,2026-04-11
ACC1429,Report_Gen,31,2026-05-02
ACC1069,Report_Gen,86,2026-04-14
ACC1446,Team_Collab,88,2026-04-18
ACC1042,Dashboard,81,2026-05-04
ACC1106,Bulk_Upload,12,2026-04-22
ACC1022,Team_Collab,32,2026-04-15
ACC1087,Report_Gen,37,2026-04-23
ACC1370,Team_Collab,67,2026-04-14
ACC1014,Team_Collab,36,2026-05-02
ACC1455,Dashboard,1,2026-04-29
ACC1427,Bulk_Upload,50,2026-04-10
ACC1237,Bulk_Upload,25,2026-04-22
ACC1200,Bulk_Upload,74,2026-04-13
ACC1155,Bulk_Upload,11,2026-04-16
ACC1111,Report_Gen,38,2026-04-24
ACC1426,Team_Collab,76,2026-04-22
ACC1416,Report_Gen,20,2026-04-11
ACC1294,Team_Collab,40,2026-04-19
ACC1150,Report_Gen,85,2026-04-24
ACC1091,Bulk_Upload,30,2026-04-26
ACC1289,Team_Collab,61,2026-04-27
ACC1106,Report_Gen,87,2026-04-16
ACC1242,API_Access,68,2026-04-14
ACC1408,Dashboard,17,2026-04-19
ACC1005,API_Access,94,2026-05-02
ACC1388,Dashboard,30,2026-05-04
ACC1464,API_Access,26,2026-04-12
ACC1428,Bulk_Upload,80,2026-04-12
ACC1357,Bulk_Upload,69,2026-04-16
ACC1228,Team_Collab,85,2026-04-19
ACC1170,Dashboard,4,2026-04-09
ACC1020,Bulk_Upload,40,2026-04-07
ACC1290,Dashboard,2,2026-04-12
ACC1225,Dashboard,9,2026-04-22
ACC1297,Bulk_Upload,19,2026-04-18
ACC1073,Team_Collab,48,2026-05-02
ACC1432,Dashboard,79,2026-04-23
ACC1356,Report_Gen,14,2026-04-30
ACC1184,Dashboard,13,2026-04-23
ACC1000,Bulk_Upload,88,2026-04-14
ACC1287,Report_Gen,26,2026-04-14
ACC1397,Team_Collab,11,2026-04-20
ACC1380,Report_Gen,43,2026-04-21
ACC1278,Report_Gen,39,2026-05-05
ACC1212,API_Access,68,2026-04-20
ACC1402,API_Access,8,2026-04-06
ACC1444,Team_Collab,81,2026-04-17
ACC1434,API_Access,51,2026-04-19
ACC1186,Report_Gen,65,2026-04-14
ACC1269,Team_Collab,7,2026-04-19
ACC1164,Bulk_Upload,15,2026-05-04
ACC1104,API_Access,32,2026-04-15
ACC1198,API_Access,75,2026-04-19
ACC1134,Dashboard,78,2026-04-07
ACC1325,Dashboard,61,2026-05-01
ACC1342,Team_Collab,4,2026-04-13
ACC1431,Team_Collab,100,2026-05-04
ACC1137,Bulk_Upload,84,2026-04-24
ACC1080,Bulk_Upload,63,2026-04-09
ACC1031,Bulk_Upload,78,2026-04-24
ACC1054,Report_Gen,18,2026-04-19
ACC1274,Report_Gen,53,2026-04-07
ACC1225,API_Access,21,2026-04-14
ACC1014,API_Access,94,2026-05-04
ACC1443,API_Access,89,2026-04-09
ACC1185,Bulk_Upload,67,2026-04-28
ACC1282,Dashboard,95,2026-04-12
ACC1048,Bulk_Upload,96,2026-04-07
ACC1205,Report_Gen,77,2026-04-21
ACC1444,Team_Collab,6,2026-04-19
ACC1268,Dashboard,1,2026-04-19
ACC1104,Team_Collab,3,2026-05-05
ACC1010,API_Access,78,2026-04-25
ACC1331,Team_Collab,63,2026-04-11
ACC1443,API_Access,38,2026-04-23
ACC1218,API_Access,66,2026-05-03
ACC1336,Report_Gen,83,2026-04-15
ACC1337,Report_Gen,10,2026-05-03
ACC1049,Bulk_Upload,6,2026-05-05
ACC1397,Dashboard,62,2026-04-30
ACC1111,Team_Collab,98,2026-04-09
ACC1405,Team_Collab,45,2026-05-05
ACC1497,Report_Gen,88,2026-04-23
ACC1022,Bulk_Upload,54,2026-05-03
ACC1253,Dashboard,51,2026-04-20
ACC1108,Dashboard,84,2026-04-20
ACC1017,Team_Collab,32,2026-04-23
ACC1440,Dashboard,77,2026-04-08
ACC1034,Team_Collab,52,2026-04-26
ACC1369,Team_Collab,43,2026-04-14
ACC1117,API_Access,79,2026-04-27
ACC1460,Team_Collab,45,2026-04-28
ACC1494,API_Access,10,2026-04-17
ACC1025,Team_Collab,77,2026-04-23
ACC1134,Team_Collab,60,2026-05-05
ACC1304,Report_Gen,58,2026-04-20
ACC1141,Bulk_Upload,56,2026-04-14
ACC1118,API_Access,66,2026-04-21
ACC1010,Dashboard,29,2026-04-24
ACC1001,Team_Collab,61,2026-04-13
ACC1015,API_Access,14,2026-04-20
ACC1211,API_Access,11,2026-04-15
ACC1006,Bulk_Upload,8,2026-04-09
ACC1421,Team_Collab,97,2026-04-19
ACC1296,Bulk_Upload,95,2026-04-08
ACC1178,Report_Gen,51,2026-04-28
ACC1168,Bulk_Upload,12,2026-04-29
ACC1323,Bulk_Upload,32,2026-04-12
ACC1493,API_Access,28,2026-04-25
ACC1422,API_Access,39,2026-04-12
ACC1043,Dashboard,97,2026-04-07
ACC1304,API_Access,15,2026-04-14
ACC1319,Report_Gen,49,2026-04-16
ACC1102,API_Access,48,2026-04-13
ACC1459,Team_Collab,47,2026-04-27
ACC1390,Team_Collab,34,2026-04-07
ACC1478,API_Access,11,2026-04-09
ACC1388,Team_Collab,63,2026-04-28
ACC1412,Team_Collab,96,2026-05-04
ACC1418,Team_Collab,17,2026-04-11
ACC1052,API_Access,93,2026-04-17
ACC1120,API_Access,37,2026-04-10
ACC1049,Bulk_Upload,67,2026-04-28
ACC1100,Dashboard,24,2026-04-24
ACC1373,Dashboard,34,2026-04-24
ACC1014,Report_Gen,21,2026-04-21
ACC1065,Report_Gen,14,2026-04-17
ACC1033,Bulk_Upload,54,2026-05-03
ACC1453,Bulk_Upload,88,2026-04-27
ACC1047,API_Access,81,2026-04-27
ACC1140,API_Access,10,2026-04-26
ACC1101,API_Access,32,2026-04-13
ACC1210,API_Access,75,2026-04-21
ACC1343,Report_Gen,60,2026-04-17
ACC1188,Report_Gen,26,2026-04-18
ACC1272,Dashboard,60,2026-04-15
ACC1166,Team_Collab,87,2026-04-06
ACC1272,Report_Gen,48,2026-04-07
ACC1397,Dashboard,58,2026-04-08
ACC1116,Bulk_Upload,34,2026-04-16
ACC1321,API_Access,84,2026-04-23
ACC1329,Team_Collab,89,2026-04-25
ACC1084,Dashboard,57,2026-05-05
ACC1124,Bulk_Upload,74,2026-04-24
ACC1094,Bulk_Upload,2,2026-04-14
ACC1485,Report_Gen,3,2026-04-28
ACC1378,Dashboard,82,2026-04-30
ACC1398,Dashboard,97,2026-05-03
ACC1158,Report_Gen,92,2026-04-25
ACC1359,Report_Gen,31,2026-04-30
ACC1235,API_Access,48,2026-05-05
ACC1006,Bulk_Upload,100,2026-04-08
ACC1067,Bulk_Upload,99,2026-04-15
ACC1418,Bulk_Upload,6,2026-05-01
ACC1114,Team_Collab,58,2026-04-24
ACC1024,Dashboard,10,2026-04-18
ACC1026,Report_Gen,77,2026-05-03
ACC1003,API_Access,46,2026-04-09
ACC1314,Dashboard,9,2026-04-07
ACC1480,Report_Gen,62,2026-04-12
ACC1447,Report_Gen,16,2026-04-08
ACC1288,Team_Collab,75,2026-04-24
ACC1338,Bulk_Upload,60,2026-04-17
ACC1299,Dashboard,3,2026-04-29
ACC1288,Team_Collab,27,2026-05-03
ACC1460,Bulk_Upload,85,2026-04-08
ACC1159,Bulk_Upload,62,2026-04-28
ACC1293,API_Access,78,2026-04-06
ACC1145,Bulk_Upload,3,2026-05-03
ACC1038,Report_Gen,75,2026-04-12
ACC1388,API_Access,82,2026-04-10
ACC1285,Dashboard,58,2026-04-26
ACC1320,Bulk_Upload,92,2026-04-17
ACC1212,Dashboard,45,2026-04-27
ACC1310,API_Access,71,2026-04-10
ACC1294,Team_Collab,90,2026-04-23
ACC1021,Dashboard,85,2026-04-14
ACC1446,API_Access,90,2026-04-26
ACC1260,Dashboard,79,2026-04-30
ACC1332,API_Access,1,2026-04-29
ACC1200,Dashboard,81,2026-04-18
ACC1206,API_Access,7,2026-05-03
ACC1421,Bulk_Upload,62,2026-04-24
ACC1108,Bulk_Upload,7,2026-04-24
ACC1186,Dashboard,76,2026-04-13
ACC1030,Team_Collab,83,2026-04-21
ACC1106,Team_Collab,80,2026-04-10
ACC1133,Team_Collab,63,2026-04-27
ACC1037,API_Access,1,2026-05-02
ACC1102,API_Access,72,2026-04-30
ACC1427,Dashboard,77,2026-04-19
ACC1157,API_Access,18,2026-04-10
ACC1393,Bulk_Upload,15,2026-05-04
ACC1324,Team_Collab,78,2026-04-11
ACC1113,API_Access,37,2026-04-08
ACC1054,Team_Collab,24,2026-04-23
ACC1171,Team_Collab,11,2026-04-28
ACC1095,API_Access,56,2026-04-11
ACC1010,Team_Collab,28,2026-05-04
ACC1289,Bulk_Upload,29,2026-04-09
ACC1283,API_Access,80,2026-04-06
ACC1074,Report_Gen,100,2026-04-13
ACC1189,Report_Gen,23,2026-05-05
ACC1025,Dashboard,3,2026-04-15
ACC1095,API_Access,77,2026-04-29
ACC1310,Report_Gen,62,2026-04-24
ACC1332,Dashboard,37,2026-04-21
ACC1337,API_Access,38,2026-05-01
ACC1219,Dashboard,84,2026-04-14
ACC1281,Dashboard,14,2026-04-10
ACC1474,API_Access,83,2026-04-23
ACC1301,API_Access,62,2026-04-14
ACC1200,API_Access,84,2026-04-07
ACC1100,Report_Gen,80,2026-04-10
ACC1140,Bulk_Upload,54,2026-04-15
ACC1229,Team_Collab,89,2026-04-21
ACC1123,Report_Gen,2,2026-04-25
ACC1388,Dashboard,92,2026-04-15
ACC1099,API_Access,45,2026-04-18
ACC1440,Bulk_Upload,26,2026-04-15
ACC1174,Team_Collab,95,2026-04-12
ACC1346,API_Access,68,2026-05-04
ACC1318,Report_Gen,46,2026-05-03
ACC1027,API_Access,5,2026-04-14
ACC1036,Dashboard,39,2026-04-23
ACC1386,Bulk_Upload,36,2026-05-03
ACC1386,Report_Gen,3,2026-04-07
ACC1490,Bulk_Upload,14,2026-04-26
ACC1104,Bulk_Upload,81,2026-04-09
ACC1288,API_Access,56,2026-04-27
ACC1417,Dashboard,4,2026-04-17
ACC1439,API_Access,90,2026-04-19
ACC1054,Team_Collab,92,2026-04-07
ACC1135,API_Access,27,2026-05-01
ACC1202,Bulk_Upload,74,2026-04-21
ACC1458,API_Access,42,2026-04-13
ACC1125,API_Access,59,2026-04-07
ACC1044,Bulk_Upload,69,2026-04-15
ACC1383,Team_Collab,40,2026-05-03
ACC1428,Report_Gen,6,2026-04-14
ACC1305,Team_Collab,2,2026-04-25
ACC1449,API_Access,14,2026-04-26
ACC1329,Bulk_Upload,11,2026-04-06
ACC1293,Team_Collab,36,2026-04-08
ACC1058,Team_Collab,39,2026-04-06
ACC1493,Bulk_Upload,54,2026-05-03
ACC1072,Team_Collab,33,2026-04-12
ACC1094,Team_Collab,37,2026-04-08
ACC1327,Team_Collab,86,2026-04-08
ACC1040,Dashboard,74,2026-04-09
ACC1434,Bulk_Upload,22,2026-04-06
ACC1399,Report_Gen,61,2026-04-13
ACC1412,Bulk_Upload,65,2026-04-19
ACC1217,Team_Collab,26,2026-04-14
ACC1221,Bulk_Upload,44,2026-04-30
ACC1401,Report_Gen,45,2026-05-01
ACC1365,Team_Collab,100,2026-04-29
ACC1360,Report_Gen,8,2026-04-16
ACC1255,API_Access,66,2026-04-30
ACC1155,API_Access,2,2026-04-15
ACC1045,API_Access,90,2026-04-25
ACC1277,Bulk_Upload,86,2026-05-05
ACC1159,API_Access,85,2026-04-16
ACC1410,Dashboard,26,2026-04-15
ACC1136,API_Access,21,2026-04-20
ACC1302,Report_Gen,83,2026-04-13
ACC1128,Bulk_Upload,26,2026-04-21
ACC1439,Report_Gen,88,2026-04-09
ACC1014,Bulk_Upload,35,2026-04-24
ACC1239,Dashboard,49,2026-05-03
ACC1045,Dashboard,76,2026-04-09
ACC1125,Dashboard,54,2026-04-07
ACC1237,API_Access,51,2026-04-14
ACC1284,Report_Gen,16,2026-04-25
ACC1044,Team_Collab,45,2026-04-30
ACC1001,Report_Gen,2,2026-04-24
ACC1221,Bulk_Upload,78,2026-05-03
ACC1066,Report_Gen,69,2026-04-24
ACC1043,API_Access,25,2026-04-09
ACC1113,Team_Collab,16,2026-04-17
ACC1290,Report_Gen,29,2026-04-19
ACC1429,Team_Collab,76,2026-04-28
ACC1299,Bulk_Upload,96,2026-04-24
ACC1163,Report_Gen,50,2026-05-03
ACC1060,Dashboard,16,2026-04-28
ACC1475,Bulk_Upload,21,2026-04-27
ACC1107,Report_Gen,60,2026-04-21
ACC1244,Bulk_Upload,28,2026-04-28
ACC1101,Dashboard,99,2026-04-17
ACC1024,Dashboard,98,2026-05-01
ACC1317,Bulk_Upload,83,2026-04-29
ACC1372,Report_Gen,53,2026-04-26
ACC1097,API_Access,46,2026-04-08
ACC1055,Report_Gen,18,2026-04-26
ACC1175,Report_Gen,12,2026-04-24
ACC1080,Bulk_Upload,91,2026-05-04
ACC1456,API_Access,95,2026-04-12
ACC1082,Dashboard,16,2026-04-28
ACC1249,Bulk_Upload,3,2026-04-25
ACC1043,Report_Gen,51,2026-04-10
ACC1423,API_Access,25,2026-04-06
ACC1449,Dashboard,16,2026-04-18
ACC1077,Report_Gen,15,2026-04-07
ACC1338,Dashboard,88,2026-04-20
ACC1188,Report_Gen,30,2026-04-07
ACC1398,Report_Gen,64,2026-04-17
ACC1272,Report_Gen,25,2026-04-23
ACC1168,API_Access,82,2026-04-14
ACC1119,Team_Collab,42,2026-04-22
ACC1161,Team_Collab,48,2026-04-15
ACC1050,API_Access,48,2026-04-26
ACC1046,Bulk_Upload,40,2026-04-25
ACC1423,Report_Gen,61,2026-05-02
ACC1377,Report_Gen,65,2026-04-20
ACC1092,Bulk_Upload,5,2026-04-06
ACC1145,Report_Gen,20,2026-04-27
ACC1019,Dashboard,30,2026-04-06
ACC1374,Dashboard,48,2026-04-11
ACC1360,Report_Gen,25,2026-04-13
ACC1495,Team_Collab,85,2026-04-10
ACC1357,Dashboard,74,2026-04-17
ACC1321,Dashboard,76,2026-04-12
ACC1249,API_Access,24,2026-04-30
ACC1326,API_Access,63,2026-04-08
ACC1217,API_Access,65,2026-04-13
ACC1410,Report_Gen,76,2026-04-29
ACC1067,Team_Collab,36,2026-04-14
ACC1440,Team_Collab,55,2026-04-12
ACC1095,API_Access,44,2026-04-06
ACC1205,API_Access,67,2026-04-23
ACC1122,Team_Collab,49,2026-04-23
ACC1479,API_Access,92,2026-04-10
ACC1057,API_Access,44,2026-04-30
ACC1339,Report_Gen,29,2026-05-02
ACC1190,Team_Collab,23,2026-04-23
ACC1300,Dashboard,48,2026-04-18
ACC1042,Report_Gen,17,2026-04-16
ACC1127,Dashboard,73,2026-04-07
ACC1029,Report_Gen,74,2026-04-08
ACC1447,Report_Gen,2,2026-04-20
ACC1488,Dashboard,47,2026-05-04
ACC1262,API_Access,10,2026-04-20
ACC1460,Bulk_Upload,44,2026-04-19
ACC1371,Report_Gen,68,2026-05-01
ACC1402,Team_Collab,70,2026-04-23
ACC1440,Dashboard,93,2026-04-07
ACC1411,API_Access,9,2026-04-29
ACC1297,API_Access,78,2026-04-17
ACC1049,Dashboard,8,2026-04-13
ACC1148,Bulk_Upload,56,2026-05-01
ACC1015,Report_Gen,16,2026-04-22
ACC1396,Bulk_Upload,82,2026-04-28
ACC1471,Bulk_Upload,85,2026-04-25
ACC1212,Report_Gen,63,2026-04-17
ACC1141,Report_Gen,98,2026-04-28
ACC1489,Bulk_Upload,18,2026-04-13
ACC1381,Dashboard,95,2026-05-04
ACC1184,API_Access,81,2026-04-08
ACC1383,Bulk_Upload,34,2026-04-29
ACC1402,Bulk_Upload,62,2026-04-24
ACC1217,Report_Gen,73,2026-04-29
ACC1010,Bulk_Upload,16,2026-04-12
ACC1329,Dashboard,79,2026-05-05
ACC1481,Dashboard,69,2026-04-11
ACC1252,Report_Gen,40,2026-04-18
ACC1073,Report_Gen,86,2026-04-26
ACC1231,Dashboard,71,2026-04-15
ACC1111,Bulk_Upload,42,2026-04-24
ACC1274,API_Access,16,2026-04-07
ACC1237,Team_Collab,30,2026-04-14
ACC1364,Bulk_Upload,82,2026-04-14
ACC1192,Report_Gen,44,2026-04-19
ACC1419,Dashboard,84,2026-04-18
ACC1112,Dashboard,4,2026-04-17
ACC1056,Team_Collab,93,2026-04-14
ACC1095,Team_Collab,67,2026-04-18
ACC1385,Report_Gen,46,2026-05-02
ACC1063,Report_Gen,11,2026-05-04
ACC1015,Bulk_Upload,6,2026-04-25
ACC1291,API_Access,34,2026-04-18
ACC1221,Report_Gen,8,2026-04-14
ACC1170,Report_Gen,73,2026-04-29
ACC1161,Bulk_Upload,38,2026-04-17
ACC1420,Team_Collab,65,2026-04-18
ACC1340,API_Access,61,2026-04-18
ACC1442,Team_Collab,76,2026-05-03
ACC1213,Team_Collab,2,2026-04-14
ACC1190,Dashboard,99,2026-04-23
ACC1310,Team_Collab,32,2026-04-12
ACC1351,Report_Gen,49,2026-04-17
ACC1439,Bulk_Upload,97,2026-04-10
ACC1077,API_Access,51,2026-04-26
ACC1438,Team_Collab,75,2026-04-28
ACC1328,API_Access,4,2026-04-24
ACC1486,API_Access,95,2026-04-19
ACC1398,Report_Gen,15,2026-04-27
ACC1226,Bulk_Upload,81,2026-05-02
ACC1038,Report_Gen,13,2026-04-20
ACC1425,API_Access,4,2026-05-02
ACC1103,Bulk_Upload,58,2026-04-10
ACC1110,API_Access,56,2026-05-05
ACC1300,Dashboard,69,2026-04-07
ACC1452,Team_Collab,53,2026-04-07
ACC1044,Report_Gen,4,2026-04-24
ACC1257,Report_Gen,55,2026-04-21
ACC1153,API_Access,2,2026-05-05
ACC1244,Report_Gen,47,2026-04-21
ACC1268,Report_Gen,77,2026-04-14
ACC1007,Team_Collab,15,2026-04-28
ACC1383,Report_Gen,91,2026-04-12
ACC1151,Report_Gen,3,2026-05-04
ACC1069,Report_Gen,13,2026-04-20
ACC1496,API_Access,1,2026-04-15
ACC1429,Report_Gen,75,2026-04-24
ACC1036,Dashboard,71,2026-04-20
ACC1045,Report_Gen,43,2026-04-15
ACC1316,Report_Gen,21,2026-04-25
ACC1167,Team_Collab,50,2026-04-22
ACC1334,Dashboard,13,2026-04-16
ACC1255,Dashboard,24,2026-04-12
ACC1068,API_Access,29,2026-04-06
ACC1178,Bulk_Upload,38,2026-04-26
ACC1050,Team_Collab,24,2026-04-20
ACC1151,Team_Collab,50,2026-04-09
ACC1404,Report_Gen,90,2026-04-16
ACC1416,Dashboard,11,2026-04-15
ACC1459,Report_Gen,58,2026-04-12
ACC1086,Bulk_Upload,25,2026-04-18
ACC1499,API_Access,19,2026-04-21
ACC1357,Report_Gen,73,2026-04-08
ACC1096,Report_Gen,39,2026-04-23
ACC1403,Team_Collab,23,2026-04-22
ACC1335,API_Access,62,2026-04-09
ACC1060,Dashboard,38,2026-04-25
ACC1405,Report_Gen,35,2026-04-24
ACC1394,Team_Collab,76,2026-04-17
ACC1026,Bulk_Upload,94,2026-05-02
ACC1222,Report_Gen,21,2026-04-07
ACC1438,API_Access,43,2026-04-08
ACC1489,Report_Gen,19,2026-04-20
ACC1051,Report_Gen,43,2026-04-18
ACC1350,Dashboard,31,2026-04-13
ACC1427,Dashboard,67,2026-04-26
ACC1350,Dashboard,49,2026-05-02
ACC1386,Report_Gen,74,2026-04-28
ACC1251,Report_Gen,40,2026-04-24
ACC1438,Report_Gen,23,2026-04-18
ACC1458,Bulk_Upload,41,2026-05-01
ACC1016,API_Access,69,2026-04-07
ACC1157,Team_Collab,29,2026-04-23
ACC1331,API_Access,95,2026-04-19
ACC1251,API_Access,38,2026-04-28
ACC1243,API_Access,67,2026-04-09
ACC1174,Team_Collab,19,2026-05-02
ACC1142,Team_Collab,45,2026-04-21
ACC1088,Bulk_Upload,55,2026-05-02
ACC1155,Dashboard,23,2026-04-25
ACC1396,Report_Gen,54,2026-04-06
ACC1491,Report_Gen,47,2026-04-14
ACC1497,Report_Gen,94,2026-04-06
ACC1471,Bulk_Upload,67,2026-04-19
ACC1047,Dashboard,3,2026-04-23
ACC1122,API_Access,86,2026-04-27
ACC1244,Dashboard,79,2026-04-07
ACC1373,Dashboard,45,2026-05-03
ACC1369,Report_Gen,77,2026-04-20
ACC1265,Report_Gen,40,2026-04-24
ACC1287,Dashboard,71,2026-04-21
ACC1305,Report_Gen,45,2026-05-04
ACC1220,Dashboard,91,2026-04-09
ACC1252,Dashboard,11,2026-04-16
ACC1039,Bulk_Upload,70,2026-04-22
ACC1352,API_Access,90,2026-04-29
ACC1181,API_Access,86,2026-05-04
ACC1438,API_Access,64,2026-04-21
ACC1157,API_Access,76,2026-04-06
ACC1106,Bulk_Upload,41,2026-04-07
ACC1085,Bulk_Upload,38,2026-04-29
ACC1227,Dashboard,23,2026-04-06
ACC1097,API_Access,12,2026-04-16
ACC1380,API_Access,78,2026-04-19
ACC1322,Bulk_Upload,66,2026-04-20
ACC1216,Bulk_Upload,19,2026-04-08
ACC1262,API_Access,32,2026-04-23
ACC1415,API_Access,27,2026-04-09
ACC1086,Dashboard,50,2026-04-22
ACC1405,Dashboard,43,2026-05-02
ACC1134,Team_Collab,41,2026-05-04
ACC1052,API_Access,92,2026-04-07
ACC1101,Report_Gen,76,2026-04-26
ACC1029,Report_Gen,24,2026-04-13
ACC1267,Report_Gen,65,2026-05-01
ACC1384,Report_Gen,10,2026-04-20
ACC1492,Report_Gen,30,2026-04-07
ACC1002,Bulk_Upload,73,2026-04-24
ACC1088,Bulk_Upload,56,2026-04-29
ACC1074,Dashboard,84,2026-04-21
ACC1408,Bulk_Upload,10,2026-05-02
ACC1058,Dashboard,28,2026-05-05
ACC1195,API_Access,19,2026-04-19
ACC1385,API_Access,28,2026-04-18
ACC1265,API_Access,32,2026-04-18
ACC1198,Bulk_Upload,45,2026-04-22
ACC1205,Report_Gen,39,2026-04-28
ACC1220,Team_Collab,80,2026-04-24
ACC1107,API_Access,82,2026-04-14
ACC1423,Team_Collab,43,2026-04-17
ACC1457,Team_Collab,28,2026-04-18
ACC1400,Report_Gen,93,2026-04-23
ACC1306,Bulk_Upload,3,2026-04-14
ACC1394,Dashboard,66,2026-04-14
ACC1082,Report_Gen,97,2026-04-16
ACC1292,Report_Gen,87,2026-04-23
ACC1092,Report_Gen,96,2026-05-04
ACC1402,Bulk_Upload,4,2026-04-28
ACC1369,Team_Collab,55,2026-04-14
ACC1486,API_Access,44,2026-04-13
ACC1226,Report_Gen,6,2026-05-04
ACC1158,Report_Gen,60,2026-05-03
ACC1440,API_Access,30,2026-05-03
ACC1426,Team_Collab,24,2026-04-24
ACC1076,Dashboard,78,2026-04-17
ACC1401,Team_Collab,84,2026-04-18
ACC1166,API_Access,100,2026-04-15
ACC1279,Team_Collab,65,2026-04-09
ACC1379,Report_Gen,45,2026-04-26
ACC1388,Team_Collab,99,2026-04-20
ACC1010,Dashboard,2,2026-04-14
ACC1285,Team_Collab,4,2026-04-29
ACC1362,Bulk_Upload,84,2026-04-17
ACC1182,Report_Gen,26,2026-04-30
ACC1331,Team_Collab,81,2026-04-14
ACC1101,Dashboard,61,2026-05-03
ACC1464,Team_Collab,68,2026-04-11
ACC1487,Bulk_Upload,41,2026-04-19
ACC1044,API_Access,39,2026-04-15
ACC1433,API_Access,78,2026-04-21
ACC1372,Bulk_Upload,81,2026-04-30
ACC1003,Report_Gen,34,2026-04-11
ACC1095,Bulk_Upload,9,2026-05-03
ACC1425,API_Access,74,2026-05-03
ACC1477,Bulk_Upload,46,2026-04-28
ACC1257,Team_Collab,31,2026-04-09
ACC1107,Bulk_Upload,28,2026-05-01
ACC1246,Bulk_Upload,97,2026-04-16
ACC1138,Dashboard,29,2026-05-03
ACC1388,Report_Gen,62,2026-04-20
ACC1055,Bulk_Upload,72,2026-04-13
ACC1393,Team_Collab,3,2026-05-01
ACC1005,Report_Gen,8,2026-04-19
ACC1438,Bulk_Upload,24,2026-04-07
ACC1387,Bulk_Upload,86,2026-04-27
ACC1111,API_Access,62,2026-04-16
ACC1285,Team_Collab,40,2026-05-04
ACC1077,API_Access,63,2026-04-30
ACC1064,Team_Collab,92,2026-04-06
ACC1401,Report_Gen,83,2026-04-28
ACC1061,Team_Collab,43,2026-04-07
ACC1089,Report_Gen,1,2026-04-10
ACC1074,API_Access,30,2026-04-15
ACC1428,API_Access,68,2026-04-22
ACC1363,Dashboard,59,2026-04-30
ACC1008,API_Access,46,2026-04-12
ACC1081,API_Access,33,2026-05-03
ACC1428,Team_Collab,1,2026-04-12
ACC1273,Bulk_Upload,38,2026-04-10
ACC1103,Report_Gen,47,2026-04-30
ACC1453,API_Access,27,2026-04-30
ACC1421,Team_Collab,33,2026-05-04
ACC1233,Dashboard,95,2026-04-25
ACC1493,Team_Collab,100,2026-04-08
ACC1042,Dashboard,1,2026-04-19
ACC1100,API_Access,3,2026-04-20
ACC1167,Bulk_Upload,3,2026-04-14
ACC1442,Report_Gen,76,2026-04-20
ACC1034,Bulk_Upload,24,2026-04-12
ACC1191,Bulk_Upload,42,2026-04-24
ACC1463,Bulk_Upload,26,2026-04-15
ACC1356,Dashboard,59,2026-04-19
ACC1486,API_Access,58,2026-04-06
ACC1103,Dashboard,54,2026-04-21
ACC1394,Bulk_Upload,9,2026-05-02
ACC1318,Report_Gen,23,2026-05-05
ACC1306,Report_Gen,18,2026-04-25
ACC1171,Bulk_Upload,69,2026-04-27
ACC1167,API_Access,20,2026-04-23
ACC1325,Dashboard,72,2026-04-20
ACC1272,Team_Collab,76,2026-05-01
ACC1158,Team_Collab,63,2026-05-01
ACC1397,Team_Collab,85,2026-04-30
ACC1197,Report_Gen,92,2026-04-25
ACC1375,Report_Gen,99,2026-04-21
ACC1296,Report_Gen,35,2026-04-09
ACC1129,Bulk_Upload,23,2026-04-18
ACC1156,API_Access,33,2026-04-15
ACC1340,Report_Gen,46,2026-04-22
ACC1357,Team_Collab,52,2026-04-27
ACC1172,Report_Gen,58,2026-04-06
ACC1251,Report_Gen,61,2026-04-29
ACC1096,API_Access,37,2026-04-16
ACC1205,Team_Collab,56,2026-04-15
ACC1082,Report_Gen,36,2026-04-23
ACC1001,Bulk_Upload,81,2026-04-24
ACC1348,API_Access,70,2026-04-29
ACC1056,Bulk_Upload,48,2026-04-29
ACC1497,Report_Gen,1,2026-04-28
ACC1368,Bulk_Upload,45,2026-04-12
ACC1242,Team_Collab,88,2026-04-18
ACC1186,Team_Collab,21,2026-04-14
ACC1216,Bulk_Upload,28,2026-04-26
ACC1095,Report_Gen,32,2026-04-18
ACC1464,Team_Collab,80,2026-05-03
ACC1459,API_Access,95,2026-04-20
ACC1151,Team_Collab,39,2026-04-11
ACC1038,API_Access,61,2026-04-22
ACC1105,Report_Gen,22,2026-04-26
ACC1002,Bulk_Upload,11,2026-04-30
ACC1062,Dashboard,92,2026-04-12
ACC1114,Bulk_Upload,84,2026-04-08
ACC1405,API_Access,91,2026-04-14
ACC1312,Bulk_Upload,95,2026-04-06
ACC1242,API_Access,86,2026-04-16
ACC1490,Team_Collab,87,2026-04-10
ACC1406,Team_Collab,97,2026-04-25
ACC1073,Bulk_Upload,17,2026-04-06
ACC1303,Bulk_Upload,30,2026-04-07
ACC1421,Bulk_Upload,66,2026-04-20
ACC1227,Team_Collab,32,2026-04-12
ACC1299,Report_Gen,19,2026-04-06
ACC1179,Dashboard,50,2026-04-10
ACC1005,Dashboard,2,2026-04-30
ACC1197,Bulk_Upload,14,2026-04-15
ACC1404,API_Access,78,2026-04-25
ACC1002,Team_Collab,62,2026-04-09
ACC1110,Dashboard,60,2026-05-05
ACC1148,Report_Gen,82,2026-05-02
ACC1416,Dashboard,67,2026-04-06
ACC1413,API_Access,16,2026-05-01
ACC1386,Dashboard,71,2026-04-17
ACC1000,Dashboard,16,2026-04-21
ACC1448,Dashboard,34,2026-05-01
ACC1091,Dashboard,28,2026-04-13
ACC1469,Dashboard,28,2026-04-16
ACC1087,Team_Collab,60,2026-04-13
ACC1304,Dashboard,86,2026-04-24
ACC1424,Dashboard,5,2026-05-04
ACC1265,Dashboard,68,2026-04-18
ACC1223,Team_Collab,11,2026-05-04
ACC1204,Dashboard,49,2026-04-21
ACC1066,Bulk_Upload,73,2026-04-25
ACC1250,Dashboard,45,2026-04-14
ACC1469,Team_Collab,4,2026-05-03
ACC1360,Dashboard,13,2026-04-06
ACC1361,Bulk_Upload,87,2026-04-06
ACC1422,Dashboard,14,2026-04-08
ACC1488,Team_Collab,43,2026-04-17
ACC1350,API_Access,87,2026-04-06
ACC1018,Dashboard,37,2026-04-26
ACC1150,Team_Collab,87,2026-05-03
ACC1184,Bulk_Upload,98,2026-05-01
ACC1471,Team_Collab,61,2026-04-13
ACC1376,Report_Gen,31,2026-04-29
ACC1473,Report_Gen,40,2026-04-22
ACC1091,API_Access,24,2026-05-05
ACC1391,Team_Collab,65,2026-04-22
ACC1313,Dashboard,28,2026-04-21
ACC1123,API_Access,11,2026-04-20
ACC1091,Dashboard,56,2026-04-30
ACC1067,Dashboard,58,2026-04-19
ACC1381,Dashboard,98,2026-04-30
ACC1304,API_Access,9,2026-04-20
ACC1446,Team_Collab,75,2026-05-03
ACC1328,Bulk_Upload,83,2026-04-18
ACC1263,Report_Gen,5,2026-04-06
ACC1270,Team_Collab,18,2026-05-05
ACC1122,Team_Collab,55,2026-04-28
ACC1077,Dashboard,35,2026-04-26
ACC1314,API_Access,20,2026-04-25
ACC1346,Team_Collab,33,2026-04-12
ACC1193,Team_Collab,88,2026-04-16
ACC1208,Bulk_Upload,17,2026-04-08
ACC1297,API_Access,68,2026-04-28
ACC1198,Bulk_Upload,58,2026-04-13
ACC1269,Report_Gen,70,2026-05-02
ACC1183,Report_Gen,60,2026-04-23
ACC1123,Report_Gen,75,2026-05-05
ACC1491,API_Access,48,2026-05-02
ACC1105,Dashboard,33,2026-04-24
ACC1009,Team_Collab,29,2026-04-19
ACC1107,Report_Gen,79,2026-04-09
ACC1297,Report_Gen,73,2026-05-05
ACC1395,Dashboard,36,2026-05-02
ACC1430,Dashboard,1,2026-04-11
ACC1204,Dashboard,55,2026-04-18
ACC1432,Dashboard,87,2026-04-17
ACC1020,API_Access,51,2026-04-16
ACC1137,Bulk_Upload,45,2026-04-25
ACC1111,Report_Gen,79,2026-04-10
ACC1158,API_Access,16,2026-04-13
ACC1364,Dashboard,1,2026-04-09
ACC1269,API_Access,40,2026-04-28
ACC1398,Bulk_Upload,3,2026-04-30
ACC1080,Report_Gen,5,2026-04-23
ACC1110,API_Access,8,2026-05-03
ACC1059,Report_Gen,85,2026-04-30
ACC1195,API_Access,89,2026-05-01
ACC1419,Report_Gen,15,2026-04-22
ACC1216,Dashboard,86,2026-04-18
ACC1371,API_Access,51,2026-05-01
ACC1340,Bulk_Upload,2,2026-04-29
ACC1020,Dashboard,77,2026-04-19
ACC1345,Bulk_Upload,4,2026-04-24
ACC1030,Dashboard,9,2026-05-05
ACC1292,Report_Gen,50,2026-04-14
ACC1245,Bulk_Upload,39,2026-04-23
ACC1016,Dashboard,36,2026-04-28
ACC1383,Dashboard,64,2026-04-13
ACC1250,Bulk_Upload,26,2026-04-15
ACC1467,Team_Collab,36,2026-04-22
ACC1339,Team_Collab,52,2026-04-08
ACC1290,Report_Gen,15,2026-04-20
ACC1333,Team_Collab,10,2026-04-26
ACC1067,Team_Collab,94,2026-04-24
ACC1335,Dashboard,32,2026-04-18
ACC1265,Team_Collab,85,2026-04-07
ACC1143,Dashboard,25,2026-04-26
ACC1178,Dashboard,55,2026-04-28
ACC1012,API_Access,84,2026-04-08
ACC1322,API_Access,15,2026-04-11
ACC1204,Report_Gen,3,2026-04-13
ACC1069,Report_Gen,58,2026-04-12
ACC1431,Team_Collab,40,2026-04-09
ACC1248,Team_Collab,61,2026-04-30
ACC1209,Dashboard,53,2026-04-21
ACC1439,API_Access,39,2026-04-19
ACC1024,Report_Gen,26,2026-05-05
ACC1106,Team_Collab,59,2026-04-22
ACC1118,Report_Gen,81,2026-05-05
ACC1492,API_Access,91,2026-04-17
ACC1291,Team_Collab,81,2026-05-04
ACC1208,Report_Gen,16,2026-04-20
ACC1242,Bulk_Upload,31,2026-05-05
ACC1199,Report_Gen,2,2026-04-24
ACC1376,API_Access,15,2026-04-23
ACC1265,Bulk_Upload,29,2026-05-05
ACC1121,Team_Collab,58,2026-04-07
ACC1224,Report_Gen,20,2026-04-25
ACC1228,Report_Gen,45,2026-04-14
ACC1053,Report_Gen,31,2026-04-30
ACC1381,Report_Gen,94,2026-05-01
ACC1063,Dashboard,3,2026-04-25
ACC1345,Team_Collab,31,2026-05-04
ACC1423,Bulk_Upload,96,2026-04-13
ACC1264,Bulk_Upload,20,2026-04-27
ACC1290,Dashboard,56,2026-04-10
ACC1361,Dashboard,58,2026-04-25
ACC1469,API_Access,70,2026-04-23
ACC1274,Dashboard,19,2026-04-20
ACC1042,Team_Collab,39,2026-04-07
ACC1385,Team_Collab,44,2026-04-20
ACC1368,Dashboard,35,2026-04-12
ACC1473,Bulk_Upload,96,2026-04-24
ACC1068,Team_Collab,29,2026-04-13
ACC1122,API_Access,9,2026-04-24
ACC1457,API_Access,74,2026-05-04
ACC1361,Bulk_Upload,44,2026-04-29
ACC1106,Bulk_Upload,96,2026-04-07
ACC1002,Report_Gen,2,2026-04-15
ACC1023,API_Access,36,2026-04-06
ACC1313,Dashboard,16,2026-05-03
ACC1472,API_Access,49,2026-04-25
ACC1021,Dashboard,20,2026-04-29
ACC1162,API_Access,86,2026-04-06
ACC1074,Dashboard,76,2026-04-09
ACC1186,Dashboard,90,2026-04-10
ACC1048,Team_Collab,39,2026-04-07
ACC1279,Report_Gen,89,2026-04-18
ACC1006,Team_Collab,8,2026-04-16
ACC1239,Dashboard,2,2026-04-14
ACC1406,Report_Gen,72,2026-05-01
ACC1107,Bulk_Upload,28,2026-04-20
ACC1053,API_Access,58,2026-04-23
ACC1116,Bulk_Upload,48,2026-04-25
ACC1062,Dashboard,35,2026-04-29
ACC1020,Report_Gen,51,2026-04-15
ACC1273,Dashboard,46,2026-04-07
ACC1146,Bulk_Upload,100,2026-04-24
ACC1224,Report_Gen,40,2026-04-06
ACC1344,Dashboard,42,2026-05-01
ACC1228,Team_Collab,66,2026-05-04
ACC1067,Dashboard,10,2026-04-19
ACC1236,Dashboard,34,2026-04-09
ACC1493,Team_Collab,88,2026-04-23
ACC1177,Team_Collab,64,2026-04-15
ACC1475,Report_Gen,32,2026-04-20
ACC1039,Team_Collab,8,2026-04-26
ACC1014,API_Access,26,2026-04-23
ACC1355,Bulk_Upload,23,2026-04-24
ACC1061,Bulk_Upload,93,2026-04-16
ACC1177,Dashboard,43,2026-04-24
ACC1097,Report_Gen,36,2026-04-19
ACC1298,Dashboard,84,2026-04-08
ACC1269,Report_Gen,64,2026-04-07
ACC1008,Dashboard,83,2026-04-15
ACC1175,Dashboard,39,2026-05-05
ACC1051,Dashboard,14,2026-05-05
ACC1365,Team_Collab,43,2026-05-02
ACC1116,Dashboard,36,2026-04-12
ACC1178,Team_Collab,47,2026-04-30
ACC1382,Team_Collab,23,2026-04-28
ACC1206,Team_Collab,60,2026-05-04
ACC1411,Team_Collab,37,2026-04-09
ACC1297,API_Access,6,2026-04-17
ACC1282,Team_Collab,85,2026-05-02
ACC1302,Bulk_Upload,89,2026-04-27
ACC1271,Team_Collab,39,2026-04-12
ACC1327,Team_Collab,17,2026-04-11
ACC1488,API_Access,32,2026-05-04
ACC1003,API_Access,90,2026-04-28
ACC1041,Bulk_Upload,77,2026-04-13
ACC1312,Team_Collab,2,2026-04-19
ACC1460,Dashboard,63,2026-04-26
ACC1004,Report_Gen,46,2026-04-06
ACC1465,Bulk_Upload,81,2026-04-17
ACC1148,Dashboard,80,2026-04-16
ACC1088,Bulk_Upload,10,2026-04-25
ACC1143,API_Access,30,2026-04-30
ACC1468,API_Access,70,2026-04-13
ACC1114,API_Access,3,2026-04-24
ACC1078,Team_Collab,95,2026-04-25
ACC1332,Dashboard,86,2026-04-13
ACC1367,Bulk_Upload,17,2026-04-20
ACC1218,Team_Collab,41,2026-04-28
ACC1182,API_Access,30,2026-04-18
ACC1097,API_Access,41,2026-05-04
ACC1191,Report_Gen,94,2026-04-07
ACC1347,Dashboard,92,2026-05-03
ACC1219,Dashboard,15,2026-04-19
ACC1406,Dashboard,77,2026-04-09
ACC1018,API_Access,52,2026-04-16
ACC1090,Bulk_Upload,32,2026-04-11
ACC1068,Bulk_Upload,29,2026-04-23
ACC1377,Report_Gen,49,2026-04-11
ACC1488,Bulk_Upload,37,2026-04-07
ACC1298,API_Access,22,2026-04-22
ACC1363,Dashboard,71,2026-05-01
ACC1100,Team_Collab,91,2026-04-27
ACC1201,Dashboard,12,2026-04-23
ACC1468,API_Access,28,2026-04-25
ACC1420,Bulk_Upload,56,2026-04-30
ACC1107,API_Access,27,2026-04-22
ACC1293,Report_Gen,83,2026-04-20
ACC1242,Team_Collab,75,2026-04-12
ACC1242,API_Access,15,2026-04-11
ACC1358,Report_Gen,61,2026-05-03
ACC1475,Team_Collab,99,2026-04-08
ACC1058,Bulk_Upload,51,2026-04-09
ACC1153,API_Access,11,2026-04-13
ACC1381,Team_Collab,28,2026-04-17
ACC1000,API_Access,45,2026-04-07
ACC1228,Team_Collab,88,2026-04-09
ACC1415,Bulk_Upload,55,2026-04-11
ACC1416,API_Access,46,2026-04-13
ACC1302,API_Access,43,2026-04-30
ACC1468,Bulk_Upload,85,2026-04-24
ACC1442,Dashboard,56,2026-04-28
ACC1450,Report_Gen,20,2026-04-25
ACC1494,Report_Gen,57,2026-04-08
ACC1212,Team_Collab,92,2026-04-07
ACC1076,Bulk_Upload,76,2026-04-17
ACC1167,Report_Gen,73,2026-04-30
ACC1311,Bulk_Upload,79,2026-04-11
ACC1188,Report_Gen,64,2026-04-29
ACC1168,API_Access,53,2026-04-29
ACC1256,Bulk_Upload,93,2026-04-20
ACC1113,Team_Collab,33,2026-04-10
ACC1073,API_Access,89,2026-04-28
ACC1238,Report_Gen,68,2026-05-05
ACC1451,Bulk_Upload,4,2026-04-21
ACC1311,Bulk_Upload,10,2026-04-19
ACC1308,Dashboard,1,2026-04-25
ACC1049,API_Access,19,2026-04-16
ACC1366,Dashboard,33,2026-04-29
ACC1202,Bulk_Upload,29,2026-04-30
ACC1300,Report_Gen,41,2026-04-27
ACC1164,API_Access,16,2026-04-14
ACC1247,Dashboard,5,2026-04-16
ACC1271,Dashboard,36,2026-04-16
ACC1469,Team_Collab,16,2026-04-13
ACC1405,Dashboard,95,2026-04-28
ACC1094,API_Access,44,2026-04-07
ACC1443,Bulk_Upload,3,2026-04-22
ACC1195,Bulk_Upload,13,2026-04-21
ACC1489,Report_Gen,62,2026-04-08
ACC1337,Report_Gen,24,2026-04-18
ACC1441,Team_Collab,41,2026-04-08
ACC1426,Report_Gen,27,2026-04-13
ACC1290,Dashboard,55,2026-04-19
ACC1329,Bulk_Upload,68,2026-04-30
ACC1216,API_Access,10,2026-04-06
ACC1437,Report_Gen,84,2026-04-08
ACC1096,API_Access,97,2026-04-07
ACC1307,API_Access,71,2026-04-21
ACC1426,API_Access,60,2026-04-13
ACC1063,Dashboard,81,2026-04-16
ACC1380,Bulk_Upload,19,2026-04-25
ACC1425,Dashboard,27,2026-04-10
ACC1352,API_Access,31,2026-05-01
ACC1114,Team_Collab,70,2026-04-29
ACC1381,Bulk_Upload,89,2026-04-22
ACC1228,Report_Gen,2,2026-04-25
ACC1495,API_Access,25,2026-04-22
ACC1257,Bulk_Upload,20,2026-05-05
ACC1252,Team_Collab,93,2026-04-22
ACC1181,API_Access,83,2026-04-24
ACC1087,Dashboard,74,2026-04-06
ACC1215,Dashboard,24,2026-04-15
ACC1179,Report_Gen,56,2026-04-20
ACC1121,Report_Gen,36,2026-04-13
ACC1476,API_Access,26,2026-04-21
ACC1361,Team_Collab,14,2026-04-10
ACC1439,Team_Collab,36,2026-04-09
ACC1212,Team_Collab,98,2026-04-30
ACC1231,Bulk_Upload,41,2026-04-19
ACC1344,Team_Collab,4,2026-04-21
ACC1322,Bulk_Upload,89,2026-05-01
ACC1281,Bulk_Upload,52,2026-04-11
ACC1092,Team_Collab,79,2026-04-25
ACC1319,Dashboard,22,2026-04-30
ACC1161,Bulk_Upload,59,2026-04-25
ACC1387,Team_Collab,42,2026-04-26
ACC1064,API_Access,41,2026-05-01
ACC1196,Report_Gen,70,2026-05-01
ACC1125,Team_Collab,26,2026-04-06
ACC1017,API_Access,28,2026-04-20
ACC1194,Team_Collab,37,2026-04-20
ACC1103,Dashboard,7,2026-05-01
ACC1358,Report_Gen,95,2026-04-29
ACC1121,Dashboard,55,2026-04-24
ACC1177,Report_Gen,90,2026-04-25
ACC1039,Report_Gen,19,2026-05-05
ACC1083,API_Access,5,2026-04-27
ACC1496,Report_Gen,74,2026-04-24
ACC1060,Team_Collab,68,2026-05-05
ACC1158,API_Access,84,2026-04-18
ACC1422,Dashboard,19,2026-05-01
ACC1446,Report_Gen,14,2026-04-26
ACC1118,Bulk_Upload,29,2026-04-19
ACC1291,Bulk_Upload,71,2026-04-22
ACC1486,Team_Collab,11,2026-04-22
ACC1354,Bulk_Upload,2,2026-04-15
ACC1050,Team_Collab,82,2026-04-06
ACC1039,Dashboard,51,2026-04-28
ACC1002,API_Access,92,2026-04-11
ACC1026,API_Access,74,2026-04-15
ACC1141,Bulk_Upload,100,2026-05-01
ACC1379,Dashboard,56,2026-04-16
ACC1250,API_Access,23,2026-04-16
ACC1092,API_Access,22,2026-04-27
ACC1197,Team_Collab,35,2026-04-10
ACC1051,API_Access,28,2026-04-25
ACC1145,Bulk_Upload,9,2026-04-11
ACC1394,Team_Collab,71,2026-05-01
ACC1192,Report_Gen,74,2026-04-26
ACC1008,Report_Gen,80,2026-04-23
ACC1140,Dashboard,79,2026-05-03
ACC1088,API_Access,40,2026-05-05
ACC1178,Bulk_Upload,96,2026-04-12
ACC1414,Team_Collab,88,2026-05-02
ACC1379,API_Access,24,2026-04-22
ACC1244,Report_Gen,86,2026-04-22
ACC1133,Dashboard,2,2026-04-13
ACC1367,Team_Collab,92,2026-05-03
ACC1105,Report_Gen,14,2026-05-04
ACC1266,API_Access,22,2026-04-20
ACC1140,Bulk_Upload,55,2026-05-04
ACC1300,Report_Gen,25,2026-05-04
ACC1236,Bulk_Upload,1,2026-04-18
ACC1461,Team_Collab,100,2026-04-21
ACC1439,Report_Gen,16,2026-04-21
ACC1077,API_Access,99,2026-04-10
ACC1481,Report_Gen,69,2026-04-17
ACC1060,Team_Collab,51,2026-04-16
ACC1146,Team_Collab,17,2026-04-07
ACC1053,Team_Collab,4,2026-04-23
ACC1367,Bulk_Upload,7,2026-04-29
ACC1082,Dashboard,30,2026-04-29
ACC1197,Bulk_Upload,48,2026-04-08
ACC1364,Bulk_Upload,57,2026-04-23
ACC1246,Dashboard,12,2026-04-10
ACC1420,Dashboard,26,2026-04-15
ACC1143,Dashboard,7,2026-04-25
ACC1297,Report_Gen,47,2026-05-04
ACC1236,Team_Collab,30,2026-04-09
ACC1434,Team_Collab,45,2026-04-12
ACC1235,Bulk_Upload,87,2026-04-26
ACC1316,Dashboard,55,2026-04-26
ACC1429,Team_Collab,9,2026-05-03
ACC1198,API_Access,72,2026-04-18
ACC1116,Team_Collab,83,2026-04-30
ACC1220,Team_Collab,24,2026-04-14
ACC1054,Dashboard,74,2026-04-15
ACC1249,API_Access,34,2026-04-19
ACC1136,API_Access,50,2026-04-24
ACC1318,API_Access,7,2026-04-23
ACC1178,Report_Gen,7,2026-04-06
ACC1221,Dashboard,52,2026-05-05
ACC1032,Bulk_Upload,25,2026-04-30
ACC1230,Report_Gen,56,2026-04-30
ACC1421,API_Access,90,2026-04-06
ACC1075,Report_Gen,3,2026-05-01
ACC1087,Dashboard,13,2026-04-29
ACC1489,Team_Collab,78,2026-04-06
ACC1451,API_Access,6,2026-04-13
ACC1400,Team_Collab,69,2026-04-30
ACC1132,API_Access,44,2026-05-01
ACC1003,Team_Collab,39,2026-04-13
ACC1175,API_Access,10,2026-05-03
ACC1491,API_Access,17,2026-04-11
ACC1499,Bulk_Upload,85,2026-04-20
ACC1479,Dashboard,57,2026-04-07
ACC1137,API_Access,1,2026-04-20
ACC1316,Team_Collab,58,2026-04-16
ACC1301,Report_Gen,96,2026-05-04
ACC1325,Report_Gen,77,2026-04-30
ACC1104,Team_Collab,5,2026-05-03
ACC1183,Dashboard,96,2026-04-14
ACC1284,Report_Gen,20,2026-04-13
ACC1331,Dashboard,45,2026-04-21
ACC1087,Report_Gen,95,2026-04-06
ACC1290,Report_Gen,70,2026-04-27
ACC1235,Report_Gen,34,2026-04-08
ACC1314,API_Access,87,2026-04-28
ACC1462,Bulk_Upload,93,2026-05-04
ACC1013,Bulk_Upload,14,2026-04-21
ACC1072,Report_Gen,86,2026-04-13
ACC1452,API_Access,53,2026-04-26
ACC1431,Dashboard,22,2026-04-13
ACC1338,Bulk_Upload,99,2026-04-25
ACC1251,Dashboard,74,2026-04-06
ACC1004,Team_Collab,39,2026-04-09
ACC1051,API_Access,24,2026-04-28
ACC1388,Team_Collab,18,2026-04-11
ACC1042,Bulk_Upload,7,2026-04-28
ACC1311,Bulk_Upload,63,2026-04-22
ACC1007,Bulk_Upload,83,2026-04-21
ACC1490,API_Access,14,2026-04-25
ACC1144,API_Access,44,2026-04-14
ACC1160,Report_Gen,34,2026-04-27
ACC1306,Report_Gen,20,2026-04-26
ACC1281,Report_Gen,66,2026-04-12
ACC1193,Report_Gen,89,2026-04-22
ACC1136,Report_Gen,50,2026-05-01
ACC1176,Dashboard,35,2026-04-17
ACC1077,API_Access,4,2026-04-17
ACC1075,Bulk_Upload,64,2026-04-20
ACC1337,Team_Collab,22,2026-04-07
ACC1192,Bulk_Upload,2,2026-04-11
ACC1268,Bulk_Upload,44,2026-05-01
ACC1436,Report_Gen,83,2026-04-07
ACC1345,API_Access,10,2026-04-07
ACC1464,Report_Gen,83,2026-05-03
ACC1034,API_Access,71,2026-04-20
ACC1192,Dashboard,46,2026-04-15
ACC1231,Team_Collab,56,2026-04-18
ACC1423,Report_Gen,55,2026-05-03
ACC1170,Bulk_Upload,48,2026-04-16
ACC1007,Dashboard,17,2026-04-22
ACC1285,Team_Collab,66,2026-05-01
ACC1465,Dashboard,33,2026-04-10
ACC1142,Team_Collab,45,2026-04-25
ACC1214,Team_Collab,50,2026-04-25
ACC1018,Bulk_Upload,67,2026-04-12
ACC1292,Dashboard,77,2026-04-29
ACC1230,Dashboard,2,2026-04-18
ACC1216,Report_Gen,90,2026-04-23
ACC1077,Dashboard,7,2026-04-24
ACC1290,Report_Gen,65,2026-04-13
ACC1165,Report_Gen,12,2026-04-14
ACC1434,Report_Gen,92,2026-04-29
ACC1231,Bulk_Upload,76,2026-04-20
ACC1267,Bulk_Upload,18,2026-04-10
ACC1385,Team_Collab,84,2026-05-03
ACC1224,API_Access,29,2026-04-14
ACC1315,Dashboard,34,2026-04-09
ACC1257,Dashboard,31,2026-04-27
ACC1492,Report_Gen,89,2026-04-22
ACC1180,Team_Collab,87,2026-05-05
ACC1449,Dashboard,65,2026-04-14
ACC1243,API_Access,38,2026-04-29
ACC1317,Report_Gen,42,2026-04-19
ACC1046,Dashboard,26,2026-04-24
ACC1157,Dashboard,76,2026-04-27
ACC1372,Team_Collab,23,2026-04-17
ACC1407,Report_Gen,22,2026-04-13
ACC1363,Dashboard,39,2026-04-07
ACC1230,API_Access,24,2026-05-03
ACC1394,Bulk_Upload,90,2026-04-28
ACC1396,API_Access,44,2026-04-19
ACC1064,Team_Collab,31,2026-04-24
ACC1333,API_Access,67,2026-04-28
ACC1265,Report_Gen,85,2026-04-27
ACC1018,Report_Gen,88,2026-04-20
ACC1226,Team_Collab,93,2026-04-19
ACC1001,Dashboard,34,2026-04-14
ACC1402,Dashboard,78,2026-05-02
ACC1109,Team_Collab,99,2026-05-04
ACC1384,API_Access,14,2026-04-29
ACC1179,Dashboard,2,2026-05-05
ACC1125,Dashboard,29,2026-04-27
ACC1449,API_Access,25,2026-04-06
ACC1137,Dashboard,3,2026-05-03
ACC1346,Dashboard,75,2026-04-17
ACC1009,API_Access,100,2026-04-08
ACC1348,Report_Gen,65,2026-04-16
ACC1092,Bulk_Upload,75,2026-05-05
ACC1271,Report_Gen,90,2026-04-06
ACC1043,Report_Gen,78,2026-04-07
ACC1417,Report_Gen,14,2026-04-10
ACC1026,Team_Collab,29,2026-04-30
ACC1398,Team_Collab,59,2026-04-24
ACC1368,API_Access,45,2026-04-26
ACC1445,Report_Gen,4,2026-04-27
ACC1199,API_Access,31,2026-04-12
ACC1027,Report_Gen,8,2026-05-01
ACC1254,Bulk_Upload,71,2026-05-04
ACC1136,Team_Collab,74,2026-04-12
ACC1110,Dashboard,24,2026-04-22
ACC1266,API_Access,2,2026-05-01
ACC1068,Team_Collab,12,2026-04-14
ACC1148,API_Access,6,2026-04-27
ACC1312,Dashboard,89,2026-04-26
ACC1381,Team_Collab,47,2026-04-09
ACC1317,Bulk_Upload,21,2026-04-10
ACC1475,Team_Collab,24,2026-04-29
ACC1309,Bulk_Upload,85,2026-05-04
ACC1381,API_Access,4,2026-04-22
ACC1391,Bulk_Upload,68,2026-04-20
ACC1278,Team_Collab,2,2026-05-01
ACC1136,Team_Collab,88,2026-04-30
ACC1304,Bulk_Upload,6,2026-04-15
ACC1208,Report_Gen,5,2026-04-08
ACC1394,Team_Collab,78,2026-04-20
ACC1047,Dashboard,69,2026-04-12
ACC1045,API_Access,26,2026-05-01
ACC1089,API_Access,71,2026-04-09
ACC1200,Report_Gen,9,2026-04-21
ACC1089,Team_Collab,70,2026-05-01
ACC1057,Report_Gen,100,2026-04-06
ACC1381,Dashboard,9,2026-04-08
ACC1275,Report_Gen,89,2026-04-25
ACC1033,API_Access,63,2026-05-02
ACC1307,Report_Gen,51,2026-04-20
ACC1326,Team_Collab,69,2026-04-26
ACC1365,API_Access,94,2026-05-05
ACC1176,Report_Gen,12,2026-04-17
ACC1187,Team_Collab,6,2026-04-22
ACC1179,Team_Collab,18,2026-04-17
ACC1389,Report_Gen,4,2026-04-30
ACC1155,Report_Gen,62,2026-04-11
ACC1405,Team_Collab,78,2026-04-15
ACC1107,Bulk_Upload,95,2026-04-19
ACC1402,Team_Collab,10,2026-04-19
ACC1341,Bulk_Upload,43,2026-04-27
ACC1383,Team_Collab,51,2026-04-13
ACC1413,Report_Gen,25,2026-04-17
ACC1471,API_Access,94,2026-04-27
ACC1026,Dashboard,78,2026-04-12
ACC1249,API_Access,51,2026-04-27
ACC1097,Bulk_Upload,45,2026-05-02
ACC1358,Bulk_Upload,48,2026-04-13
ACC1006,Report_Gen,63,2026-05-04
ACC1210,API_Access,15,2026-04-19
ACC1267,Bulk_Upload,41,2026-04-11
ACC1172,API_Access,48,2026-04-08
ACC1087,API_Access,67,2026-04-15
ACC1159,Report_Gen,38,2026-04-25
ACC1200,API_Access,75,2026-05-05
ACC1470,Bulk_Upload,85,2026-04-28
ACC1253,Team_Collab,85,2026-04-19
ACC1260,Report_Gen,31,2026-05-03
ACC1261,Bulk_Upload,100,2026-04-28
ACC1336,Report_Gen,10,2026-04-20
ACC1487,Team_Collab,80,2026-05-05
ACC1453,API_Access,67,2026-04-07
ACC1359,Team_Collab,31,2026-04-22
ACC1184,Team_Collab,61,2026-05-03
ACC1124,Team_Collab,51,2026-04-21
ACC1128,Bulk_Upload,22,2026-04-12
ACC1296,API_Access,99,2026-04-26
ACC1002,API_Access,87,2026-04-07
ACC1457,Report_Gen,22,2026-04-13
ACC1010,Team_Collab,70,2026-04-14
ACC1097,Report_Gen,4,2026-04-28
ACC1317,Report_Gen,53,2026-05-05
ACC1084,Dashboard,1,2026-04-17
ACC1384,Bulk_Upload,10,2026-04-15
ACC1226,API_Access,51,2026-05-04
ACC1106,Team_Collab,35,2026-04-15
ACC1289,Dashboard,46,2026-04-14
ACC1282,API_Access,14,2026-04-14
ACC1155,Dashboard,73,2026-04-27
ACC1242,Bulk_Upload,57,2026-04-08
ACC1117,Dashboard,19,2026-04-07
ACC1375,Team_Collab,44,2026-04-16
ACC1239,Report_Gen,63,2026-05-01
ACC1492,Report_Gen,29,2026-04-27
ACC1023,API_Access,87,2026-05-01
ACC1179,Report_Gen,64,2026-04-28
ACC1228,Bulk_Upload,84,2026-04-10
ACC1276,Team_Collab,10,2026-05-05
ACC1298,Dashboard,86,2026-04-27
ACC1007,Report_Gen,83,2026-04-17
ACC1322,API_Access,42,2026-04-18
ACC1290,Team_Collab,70,2026-05-02
ACC1306,Bulk_Upload,68,2026-04-24
ACC1466,Bulk_Upload,35,2026-04-18
ACC1044,Report_Gen,21,2026-04-25
ACC1272,Bulk_Upload,64,2026-04-13
ACC1152,Team_Collab,48,2026-04-28
ACC1007,API_Access,48,2026-05-05
ACC1179,API_Access,66,2026-04-12
ACC1378,Bulk_Upload,97,2026-04-18
ACC1182,Report_Gen,14,2026-04-22
ACC1455,Dashboard,100,2026-05-01
ACC1489,Dashboard,96,2026-04-08
ACC1205,Bulk_Upload,90,2026-04-30
ACC1048,Dashboard,81,2026-04-28
ACC1108,Report_Gen,30,2026-04-26
ACC1039,Bulk_Upload,41,2026-04-11
ACC1210,Bulk_Upload,13,2026-04-13
ACC1372,Dashboard,68,2026-05-03
ACC1123,Report_Gen,47,2026-04-27
ACC1340,Team_Collab,24,2026-04-29
ACC1483,Report_Gen,39,2026-04-18
ACC1361,Team_Collab,96,2026-04-10
ACC1486,API_Access,75,2026-04-12
ACC1370,Bulk_Upload,92,2026-04-17
ACC1304,Dashboard,3,2026-04-29
ACC1097,Report_Gen,73,2026-04-19
ACC1083,Bulk_Upload,72,2026-04-24
ACC1497,Dashboard,15,2026-04-29
ACC1442,Team_Collab,82,2026-04-14
ACC1089,Report_Gen,71,2026-04-14
ACC1492,API_Access,48,2026-04-29
ACC1349,API_Access,57,2026-04-07
ACC1086,Dashboard,2,2026-04-10
ACC1499,Team_Collab,49,2026-04-29
ACC1351,Bulk_Upload,70,2026-04-24
ACC1399,API_Access,5,2026-04-22
ACC1149,Dashboard,78,2026-04-11
ACC1040,Dashboard,52,2026-04-13
ACC1060,Report_Gen,93,2026-04-29
ACC1200,Bulk_Upload,77,2026-04-07
ACC1364,Dashboard,72,2026-04-11
ACC1474,Report_Gen,82,2026-04-15
ACC1047,Bulk_Upload,3,2026-04-09
ACC1379,Bulk_Upload,8,2026-04-17
ACC1281,API_Access,42,2026-04-06
ACC1339,Team_Collab,58,2026-04-13
ACC1033,API_Access,70,2026-05-03
ACC1226,Report_Gen,70,2026-04-27
ACC1089,Team_Collab,46,2026-04-28
ACC1475,Bulk_Upload,24,2026-04-26
ACC1184,Team_Collab,34,2026-04-14
ACC1440,Report_Gen,66,2026-04-29
ACC1409,Bulk_Upload,60,2026-05-02
ACC1379,Team_Collab,32,2026-04-20
ACC1435,Report_Gen,55,2026-04-13
ACC1451,Team_Collab,69,2026-05-01
ACC1496,Report_Gen,51,2026-04-07
ACC1418,API_Access,49,2026-05-04
ACC1264,Bulk_Upload,100,2026-05-05
ACC1167,Bulk_Upload,67,2026-04-28
ACC1447,Team_Collab,23,2026-05-04
ACC1449,Dashboard,68,2026-04-23
ACC1339,Dashboard,86,2026-04-09
ACC1210,Report_Gen,75,2026-05-05
ACC1411,Bulk_Upload,13,2026-04-14
ACC1394,Team_Collab,94,2026-04-10
ACC1156,Dashboard,87,2026-04-24
ACC1343,Report_Gen,29,2026-04-18
ACC1301,Team_Collab,35,2026-04-08
ACC1253,Report_Gen,49,2026-04-11
ACC1119,Report_Gen,84,2026-04-12
ACC1232,Dashboard,26,2026-04-13
ACC1076,Report_Gen,53,2026-05-05
ACC1345,API_Access,71,2026-04-07
ACC1099,Bulk_Upload,22,2026-05-01
ACC1395,API_Access,20,2026-04-25
ACC1318,Team_Collab,77,2026-04-13
ACC1096,Dashboard,34,2026-05-01
ACC1376,API_Access,76,2026-04-12
ACC1056,Dashboard,79,2026-04-12
ACC1265,Team_Collab,28,2026-04-08
ACC1307,Bulk_Upload,27,2026-04-20
ACC1074,Team_Collab,55,2026-04-06
ACC1302,API_Access,85,2026-04-23
ACC1425,API_Access,12,2026-04-28
ACC1264,Dashboard,4,2026-04-07
ACC1321,Dashboard,45,2026-04-29
ACC1423,Report_Gen,25,2026-04-30
ACC1423,API_Access,43,2026-04-06
ACC1013,Dashboard,83,2026-04-14
ACC1341,API_Access,2,2026-04-12
ACC1354,Team_Collab,100,2026-04-30
ACC1468,Dashboard,13,2026-05-03
ACC1220,Dashboard,35,2026-04-09
ACC1354,API_Access,72,2026-04-16
ACC1137,API_Access,44,2026-04-21
ACC1458,Team_Collab,63,2026-04-23
ACC1262,API_Access,11,2026-04-15
ACC1446,API_Access,78,2026-04-07
ACC1199,Report_Gen,15,2026-04-27
ACC1330,Team_Collab,41,2026-04-15
ACC1496,Bulk_Upload,82,2026-04-07
ACC1456,Team_Collab,5,2026-04-28
ACC1226,Team_Collab,65,2026-04-28
ACC1206,Dashboard,27,2026-04-20
ACC1076,Dashboard,27,2026-04-27
ACC1020,Team_Collab,31,2026-04-21
ACC1423,Dashboard,48,2026-04-06
ACC1052,Bulk_Upload,62,2026-04-20
ACC1009,Dashboard,77,2026-04-27
ACC1373,Report_Gen,25,2026-05-05
ACC1291,Report_Gen,13,2026-04-16
ACC1230,Team_Collab,98,2026-04-13
ACC1240,Team_Collab,52,2026-04-10
ACC1102,Bulk_Upload,63,2026-04-08
ACC1174,Team_Collab,96,2026-04-11
ACC1277,Report_Gen,68,2026-05-04
ACC1191,Dashboard,19,2026-05-03
ACC1228,Bulk_Upload,39,2026-04-27
ACC1155,Team_Collab,9,2026-04-24
ACC1146,Report_Gen,59,2026-04-17
ACC1288,API_Access,30,2026-04-29
ACC1344,Bulk_Upload,10,2026-05-01
ACC1477,Dashboard,14,2026-04-12
ACC1392,Bulk_Upload,96,2026-04-26
ACC1434,Dashboard,17,2026-04-18
ACC1105,Team_Collab,68,2026-05-03
ACC1440,Team_Collab,60,2026-05-02
ACC1083,API_Access,89,2026-05-03
ACC1429,Dashboard,90,2026-04-20
ACC1037,API_Access,59,2026-04-28
ACC1398,Report_Gen,57,2026-04-22
ACC1013,API_Access,95,2026-04-22
ACC1335,Team_Collab,54,2026-04-17
ACC1195,API_Access,30,2026-04-15
ACC1447,Bulk_Upload,76,2026-04-27
ACC1141,Report_Gen,66,2026-04-14
ACC1074,Dashboard,30,2026-04-15
ACC1484,Dashboard,64,2026-04-26
ACC1306,Team_Collab,50,2026-04-14
ACC1176,Bulk_Upload,89,2026-04-27
ACC1028,Report_Gen,33,2026-04-25
ACC1090,Report_Gen,19,2026-04-09
ACC1021,Team_Collab,21,2026-04-09
ACC1137,Team_Collab,28,2026-04-22
ACC1230,Report_Gen,39,2026-05-05
ACC1246,Bulk_Upload,26,2026-04-20
ACC1094,Team_Collab,79,2026-04-20
ACC1246,Team_Collab,75,2026-05-02
ACC1489,Team_Collab,72,2026-05-04
ACC1373,Dashboard,19,2026-04-10
ACC1053,Team_Collab,44,2026-04-18
ACC1341,API_Access,20,2026-04-20
ACC1145,Bulk_Upload,25,2026-04-14
ACC1499,Dashboard,42,2026-04-24
ACC1314,API_Access,14,2026-04-13
ACC1325,Bulk_Upload,77,2026-04-29
ACC1070,API_Access,9,2026-04-18
ACC1444,Bulk_Upload,92,2026-04-20
ACC1038,Dashboard,25,2026-04-19
ACC1118,API_Access,18,2026-04-12
ACC1211,Dashboard,35,2026-04-29
ACC1302,Bulk_Upload,94,2026-05-05
ACC1300,Bulk_Upload,91,2026-04-08
ACC1038,Bulk_Upload,23,2026-04-29
ACC1396,API_Access,12,2026-04-29
ACC1032,Bulk_Upload,23,2026-04-21
ACC1166,API_Access,76,2026-05-01
ACC1405,API_Access,30,2026-04-09
ACC1190,API_Access,83,2026-04-11
ACC1216,Bulk_Upload,14,2026-04-13
ACC1401,Dashboard,87,2026-05-01
ACC1346,Report_Gen,38,2026-04-16
ACC1134,API_Access,51,2026-04-13
ACC1462,Report_Gen,77,2026-04-10
ACC1320,Dashboard,39,2026-04-23
ACC1289,Report_Gen,50,2026-04-16
ACC1148,Report_Gen,9,2026-04-22
ACC1004,Bulk_Upload,71,2026-05-04
ACC1240,Dashboard,10,2026-04-23
ACC1075,Dashboard,45,2026-05-05
ACC1035,Dashboard,17,2026-04-15
ACC1405,Bulk_Upload,7,2026-04-09
ACC1112,Team_Collab,42,2026-04-17
ACC1447,Team_Collab,54,2026-04-18
ACC1095,Bulk_Upload,25,2026-04-12
ACC1426,API_Access,22,2026-04-27
ACC1199,Report_Gen,79,2026-04-10
ACC1188,Report_Gen,50,2026-04-16
ACC1147,Bulk_Upload,32,2026-04-14
ACC1270,Report_Gen,82,2026-04-13
ACC1255,Team_Collab,53,2026-04-15
ACC1007,Report_Gen,57,2026-05-03
ACC1428,Dashboard,6,2026-05-03
ACC1308,Dashboard,10,2026-04-15
ACC1162,Dashboard,17,2026-04-28
ACC1470,Dashboard,87,2026-04-29
ACC1445,Bulk_Upload,88,2026-04-06
ACC1374,Dashboard,29,2026-04-06
ACC1188,Dashboard,16,2026-04-25
ACC1254,Dashboard,32,2026-04-17
ACC1184,Bulk_Upload,91,2026-04-14
ACC1068,Report_Gen,41,2026-04-14
ACC1326,Team_Collab,29,2026-04-15
ACC1482,Team_Collab,23,2026-04-30
ACC1194,Report_Gen,44,2026-05-04
ACC1024,Bulk_Upload,58,2026-05-05
ACC1186,Report_Gen,31,2026-04-30
ACC1438,Dashboard,38,2026-04-30
ACC1145,Report_Gen,90,2026-04-28
ACC1188,Bulk_Upload,3,2026-04-21
ACC1151,Dashboard,82,2026-05-03
ACC1345,Team_Collab,63,2026-04-08
ACC1229,Dashboard,91,2026-04-26
ACC1236,Bulk_Upload,12,2026-04-18
ACC1051,Dashboard,52,2026-04-28
ACC1009,Bulk_Upload,60,2026-04-26
ACC1327,Dashboard,5,2026-04-25
ACC1352,Dashboard,44,2026-04-09
ACC1451,Team_Collab,62,2026-04-14
ACC1397,Report_Gen,34,2026-04-16
ACC1256,Dashboard,30,2026-05-01
ACC1377,API_Access,76,2026-04-08
ACC1450,Team_Collab,41,2026-04-09
ACC1158,Bulk_Upload,6,2026-04-14
ACC1021,Report_Gen,9,2026-04-21
ACC1215,Dashboard,80,2026-04-12
ACC1322,Report_Gen,69,2026-04-21
ACC1368,API_Access,24,2026-04-22
ACC1375,Team_Collab,17,2026-04-30
ACC1137,Dashboard,51,2026-04-10
ACC1127,API_Access,71,2026-04-19
ACC1053,API_Access,2,2026-04-22
ACC1473,API_Access,45,2026-04-08
ACC1365,Team_Collab,9,2026-04-30
ACC1410,Report_Gen,24,2026-04-06
ACC1430,API_Access,55,2026-04-24
ACC1062,Report_Gen,33,2026-04-24
ACC1004,API_Access,35,2026-05-05
ACC1103,Bulk_Upload,33,2026-04-29
ACC1258,Report_Gen,20,2026-04-24
ACC1225,API_Access,18,2026-04-06
ACC1333,Bulk_Upload,79,2026-05-05
ACC1012,Bulk_Upload,34,2026-04-29
ACC1433,Team_Collab,83,2026-04-09
ACC1200,Bulk_Upload,71,2026-05-03
ACC1411,Report_Gen,57,2026-04-20
ACC1145,Dashboard,21,2026-05-03
ACC1388,Bulk_Upload,15,2026-04-24
ACC1175,Bulk_Upload,68,2026-04-29
ACC1065,Report_Gen,85,2026-05-02
ACC1397,API_Access,32,2026-05-03
ACC1202,Report_Gen,87,2026-05-01
ACC1479,Team_Collab,80,2026-05-02
ACC1112,API_Access,1,2026-05-02
ACC1121,Team_Collab,8,2026-04-24
ACC1400,Bulk_Upload,68,2026-04-25
ACC1266,Team_Collab,50,2026-04-06
ACC1079,Dashboard,100,2026-04-23
ACC1028,Bulk_Upload,73,2026-04-07
ACC1478,Report_Gen,68,2026-04-25
ACC1264,Team_Collab,57,2026-05-01
ACC1446,API_Access,72,2026-04-12
ACC1211,Report_Gen,96,2026-04-06
ACC1359,Report_Gen,98,2026-04-29
ACC1460,Team_Collab,85,2026-04-23
ACC1342,API_Access,79,2026-04-07
ACC1073,Team_Collab,19,2026-04-18
ACC1433,Bulk_Upload,95,2026-04-18
ACC1359,Report_Gen,33,2026-04-25
ACC1144,Dashboard,56,2026-04-10
ACC1288,Dashboard,79,2026-04-13
ACC1174,Bulk_Upload,61,2026-04-13
ACC1176,Dashboard,63,2026-04-20
ACC1125,Team_Collab,92,2026-04-08
ACC1006,Dashboard,92,2026-04-11
ACC1304,Dashboard,70,2026-04-28
ACC1249,API_Access,38,2026-04-10
ACC1178,Dashboard,4,2026-04-12
ACC1184,API_Access,60,2026-04-28
ACC1469,Team_Collab,45,2026-04-18
ACC1164,Team_Collab,88,2026-04-29
ACC1314,API_Access,68,2026-04-10
ACC1266,Bulk_Upload,18,2026-04-12
ACC1333,API_Access,89,2026-04-25
ACC1428,Report_Gen,67,2026-04-18
ACC1355,Team_Collab,72,2026-04-13
ACC1040,API_Access,34,2026-04-16
ACC1095,Team_Collab,46,2026-04-22
ACC1254,Bulk_Upload,82,2026-04-21
ACC1464,Team_Collab,83,2026-04-17
ACC1496,Bulk_Upload,62,2026-04-19
ACC1004,Report_Gen,100,2026-04-08
ACC1422,API_Access,66,2026-04-10
ACC1150,API_Access,28,2026-04-08
ACC1197,API_Access,83,2026-04-11
ACC1204,Bulk_Upload,67,2026-04-27
ACC1002,Team_Collab,31,2026-04-23
ACC1464,Team_Collab,17,2026-04-17
ACC1014,Team_Collab,73,2026-04-06
ACC1401,Team_Collab,96,2026-04-14
ACC1020,API_Access,22,2026-04-26
ACC1172,Bulk_Upload,13,2026-04-20
ACC1426,API_Access,56,2026-04-11
ACC1453,Bulk_Upload,76,2026-04-24
ACC1090,Bulk_Upload,48,2026-04-23
ACC1052,API_Access,36,2026-05-02
ACC1420,Dashboard,87,2026-04-10
ACC1002,Dashboard,11,2026-04-21
ACC1067,Report_Gen,63,2026-05-03
ACC1141,Bulk_Upload,17,2026-04-28
ACC1100,Bulk_Upload,80,2026-04-12
ACC1048,Team_Collab,70,2026-04-30
ACC1179,Bulk_Upload,17,2026-04-12
ACC1115,Report_Gen,21,2026-04-15
ACC1426,Bulk_Upload,29,2026-04-10
ACC1053,Dashboard,33,2026-04-10
ACC1123,Dashboard,73,2026-04-06
ACC1066,Team_Collab,42,2026-04-07
ACC1459,Report_Gen,30,2026-05-02
ACC1273,API_Access,43,2026-04-19
ACC1067,API_Access,16,2026-04-23
ACC1413,API_Access,47,2026-04-10
ACC1181,Report_Gen,35,2026-04-13
ACC1327,Dashboard,69,2026-04-22
ACC1243,Dashboard,39,2026-05-01
ACC1178,Dashboard,4,2026-04-16
ACC1223,Team_Collab,60,2026-04-22
ACC1110,Bulk_Upload,59,2026-04-13
ACC1445,Team_Collab,7,2026-05-02
ACC1172,API_Access,62,2026-04-25
ACC1433,API_Access,81,2026-04-06
ACC1105,Report_Gen,19,2026-04-07
ACC1430,Dashboard,7,2026-04-25
ACC1366,Report_Gen,100,2026-04-08
ACC1391,Team_Collab,13,2026-04-19
ACC1342,Bulk_Upload,70,2026-04-07
ACC1329,Team_Collab,68,2026-04-06
ACC1338,Bulk_Upload,42,2026-04-19
ACC1437,Report_Gen,93,2026-05-04
ACC1011,Report_Gen,54,2026-05-02
ACC1315,Dashboard,21,2026-04-06
ACC1366,Report_Gen,7,2026-05-02
ACC1061,API_Access,43,2026-04-25
ACC1013,Dashboard,77,2026-04-11
ACC1421,Team_Collab,59,2026-04-25
ACC1138,Bulk_Upload,44,2026-04-28
ACC1256,API_Access,18,2026-04-09
ACC1243,Bulk_Upload,3,2026-04-16
ACC1330,Dashboard,22,2026-04-23
ACC1286,Bulk_Upload,39,2026-04-11
ACC1397,Dashboard,42,2026-05-04
ACC1205,Report_Gen,90,2026-04-19
ACC1387,Team_Collab,81,2026-04-24
ACC1129,Team_Collab,54,2026-04-10
ACC1379,Dashboard,55,2026-04-09
ACC1268,Report_Gen,22,2026-04-28
ACC1418,Dashboard,84,2026-04-09
ACC1275,API_Access,42,2026-04-25
ACC1176,Dashboard,28,2026-04-26
ACC1355,API_Access,93,2026-04-26
ACC1236,Dashboard,54,2026-04-29
ACC1128,Dashboard,54,2026-04-30
ACC1231,Dashboard,4,2026-05-01
ACC1253,Bulk_Upload,89,2026-05-04
ACC1360,Team_Collab,17,2026-04-15
ACC1241,API_Access,56,2026-04-26
ACC1317,Report_Gen,91,2026-04-09
ACC1472,Report_Gen,91,2026-04-30
ACC1066,Bulk_Upload,85,2026-04-22
ACC1368,Bulk_Upload,89,2026-04-27
ACC1400,Dashboard,32,2026-04-16
ACC1255,API_Access,57,2026-04-13
ACC1325,Team_Collab,69,2026-04-19
ACC1261,API_Access,35,2026-04-23
ACC1220,Report_Gen,39,2026-04-15
ACC1180,Dashboard,72,2026-04-09
ACC1105,API_Access,57,2026-04-20
ACC1120,API_Access,65,2026-05-01
ACC1127,Report_Gen,31,2026-04-08
ACC1416,Report_Gen,18,2026-04-27
ACC1039,Report_Gen,45,2026-04-17
ACC1093,Report_Gen,99,2026-04-28
ACC1275,Team_Collab,55,2026-04-25
ACC1222,Report_Gen,84,2026-04-14
ACC1046,API_Access,91,2026-04-11
ACC1008,Report_Gen,35,2026-04-22
ACC1373,API_Access,47,2026-05-05
ACC1043,Report_Gen,49,2026-04-15
ACC1440,Report_Gen,91,2026-04-28
ACC1180,Team_Collab,87,2026-05-05
ACC1234,Bulk_Upload,36,2026-04-20
ACC1314,Dashboard,94,2026-05-02
ACC1118,API_Access,86,2026-05-05
ACC1437,Team_Collab,83,2026-04-27
ACC1290,Bulk_Upload,60,2026-05-03
ACC1339,Bulk_Upload,57,2026-05-02
ACC1149,Report_Gen,57,2026-04-13
ACC1478,Bulk_Upload,70,2026-04-24
ACC1370,Dashboard,55,2026-04-29
ACC1166,Bulk_Upload,75,2026-04-10
ACC1054,API_Access,1,2026-04-07
ACC1190,Team_Collab,7,2026-04-22
ACC1209,Bulk_Upload,95,2026-05-03
ACC1038,API_Access,79,2026-05-02
ACC1065,Team_Collab,49,2026-04-11
ACC1402,Report_Gen,71,2026-04-07
ACC1226,Team_Collab,11,2026-04-25
ACC1431,Team_Collab,77,2026-04-18
ACC1205,Bulk_Upload,44,2026-04-19
ACC1036,Team_Collab,57,2026-05-01
ACC1242,API_Access,20,2026-05-04
ACC1089,API_Access,23,2026-04-12
ACC1088,Team_Collab,17,2026-05-05
ACC1373,Dashboard,47,2026-04-12
ACC1422,Team_Collab,12,2026-04-25
ACC1182,Dashboard,6,2026-04-06
ACC1039,API_Access,26,2026-04-25
ACC1145,Dashboard,35,2026-04-07
ACC1163,Bulk_Upload,70,2026-04-29
ACC1066,API_Access,48,2026-04-15
ACC1360,Bulk_Upload,49,2026-05-02
ACC1189,API_Access,72,2026-04-27
ACC1360,Dashboard,69,2026-04-29
ACC1219,Dashboard,31,2026-04-19
ACC1047,Team_Collab,16,2026-04-15
ACC1065,Dashboard,38,2026-04-30
ACC1399,Dashboard,75,2026-04-24
ACC1256,Team_Collab,7,2026-04-24
ACC1226,API_Access,80,2026-04-17
ACC1029,Team_Collab,54,2026-04-08
ACC1119,Bulk_Upload,97,2026-04-11
ACC1175,Team_Collab,31,2026-04-24
ACC1026,Dashboard,36,2026-04-25
ACC1108,Team_Collab,15,2026-04-10
ACC1255,API_Access,63,2026-05-05
ACC1189,Bulk_Upload,30,2026-04-24
ACC1221,API_Access,54,2026-04-20
ACC1057,Team_Collab,77,2026-05-05
ACC1485,Team_Collab,48,2026-04-11
ACC1070,Bulk_Upload,95,2026-05-05
ACC1148,Bulk_Upload,95,2026-04-22
ACC1029,API_Access,93,2026-04-25
ACC1019,Dashboard,26,2026-05-03
ACC1244,API_Access,17,2026-04-12
ACC1112,Team_Collab,23,2026-04-08
ACC1391,Team_Collab,90,2026-04-14
ACC1070,Dashboard,75,2026-05-03
ACC1119,Report_Gen,62,2026-05-04
ACC1188,Team_Collab,9,2026-05-03
ACC1216,Report_Gen,46,2026-04-14
ACC1406,Dashboard,23,2026-05-05
ACC1002,Report_Gen,83,2026-04-12
ACC1319,Report_Gen,66,2026-04-15
ACC1225,Dashboard,3,2026-04-15
ACC1028,Dashboard,36,2026-04-10
ACC1146,Report_Gen,73,2026-04-26
ACC1317,Bulk_Upload,5,2026-04-26
ACC1224,API_Access,56,2026-04-20
ACC1363,Bulk_Upload,97,2026-04-29
ACC1391,API_Access,87,2026-04-11
ACC1343,Team_Collab,67,2026-04-28
ACC1101,API_Access,68,2026-04-29
ACC1435,Bulk_Upload,77,2026-05-05
ACC1067,Dashboard,92,2026-04-20
ACC1459,Team_Collab,5,2026-05-01
ACC1383,Bulk_Upload,8,2026-05-02
ACC1354,Bulk_Upload,4,2026-04-12
ACC1173,Bulk_Upload,25,2026-04-07
ACC1092,Dashboard,83,2026-04-27
ACC1084,Report_Gen,36,2026-04-09
ACC1004,Bulk_Upload,65,2026-04-16
ACC1379,Bulk_Upload,73,2026-04-21
ACC1146,Team_Collab,17,2026-04-17
ACC1121,Report_Gen,39,2026-04-11
ACC1042,Report_Gen,24,2026-04-18
ACC1440,Team_Collab,96,2026-04-28
ACC1369,Report_Gen,25,2026-04-14
ACC1436,Team_Collab,79,2026-04-12
ACC1098,API_Access,58,2026-04-26
ACC1144,Dashboard,73,2026-04-08
ACC1255,Bulk_Upload,71,2026-04-20
ACC1175,Bulk_Upload,56,2026-05-02
ACC1128,Team_Collab,38,2026-04-12
ACC1480,API_Access,29,2026-05-03
ACC1449,Team_Collab,63,2026-05-02
ACC1062,Report_Gen,94,2026-04-09
ACC1288,Bulk_Upload,70,2026-04-29
ACC1103,Dashboard,55,2026-04-13
ACC1171,Dashboard,13,2026-04-20
ACC1375,Bulk_Upload,40,2026-04-16
ACC1191,API_Access,91,2026-04-26
ACC1498,API_Access,9,2026-05-02
ACC1264,API_Access,85,2026-04-25
ACC1326,Team_Collab,55,2026-04-08
ACC1092,Bulk_Upload,79,2026-05-03
ACC1284,API_Access,56,2026-04-21
ACC1260,API_Access,52,2026-04-27
ACC1351,Report_Gen,32,2026-04-06
ACC1033,API_Access,56,2026-04-18
ACC1067,API_Access,4,2026-04-12
ACC1321,Bulk_Upload,65,2026-05-01
ACC1390,Team_Collab,70,2026-04-08
ACC1257,Report_Gen,5,2026-04-09
ACC1092,Bulk_Upload,46,2026-04-14
ACC1261,API_Access,82,2026-04-09
ACC1355,Dashboard,84,2026-04-10
ACC1089,API_Access,27,2026-05-01
ACC1324,Dashboard,93,2026-04-23
ACC1461,API_Access,49,2026-04-11
ACC1461,Report_Gen,20,2026-04-23
ACC1422,Report_Gen,75,2026-04-25
ACC1360,Dashboard,47,2026-04-07
ACC1239,API_Access,63,2026-04-27
ACC1326,Report_Gen,56,2026-04-11
ACC1300,Bulk_Upload,13,2026-04-30
ACC1380,Bulk_Upload,26,2026-04-16
ACC1041,Dashboard,47,2026-04-07
ACC1221,Dashboard,59,2026-05-03
ACC1206,Bulk_Upload,57,2026-04-15
ACC1028,Team_Collab,44,2026-04-19
ACC1488,Dashboard,55,2026-05-04
ACC1001,API_Access,37,2026-05-01
ACC1372,Bulk_Upload,99,2026-04-06
ACC1494,API_Access,73,2026-04-09
ACC1162,Report_Gen,25,2026-05-01
ACC1362,Dashboard,24,2026-04-18
ACC1149,Team_Collab,92,2026-05-01
ACC1214,Team_Collab,90,2026-04-16
ACC1233,Team_Collab,50,2026-04-29
ACC1091,Report_Gen,31,2026-04-08
ACC1063,API_Access,74,2026-04-24
ACC1301,Team_Collab,34,2026-04-23
ACC1067,Report_Gen,97,2026-04-25
ACC1020,Bulk_Upload,85,2026-04-27
ACC1381,Team_Collab,61,2026-04-26
ACC1172,Dashboard,45,2026-04-13
ACC1236,Report_Gen,84,2026-04-11
ACC1482,Dashboard,13,2026-05-03
ACC1241,Report_Gen,97,2026-04-14
ACC1348,Team_Collab,37,2026-04-15
ACC1259,Bulk_Upload,31,2026-04-21
ACC1237,Team_Collab,36,2026-04-12
ACC1290,Team_Collab,25,2026-04-06
ACC1055,API_Access,61,2026-05-05
ACC1498,Bulk_Upload,14,2026-04-08
ACC1083,Bulk_Upload,37,2026-04-06
ACC1113,Team_Collab,54,2026-04-30
ACC1320,Dashboard,47,2026-04-13
ACC1482,Dashboard,52,2026-04-19
ACC1443,Bulk_Upload,83,2026-04-13
ACC1056,Team_Collab,1,2026-05-05
ACC1387,API_Access,50,2026-04-24
ACC1029,API_Access,8,2026-04-11
ACC1497,Report_Gen,76,2026-04-28
ACC1301,Bulk_Upload,86,2026-05-05
ACC1076,Report_Gen,11,2026-04-30
ACC1139,Team_Collab,38,2026-04-18
ACC1395,Dashboard,30,2026-04-17
ACC1397,API_Access,48,2026-04-12
ACC1094,API_Access,83,2026-04-06
ACC1260,API_Access,64,2026-04-11
ACC1415,Bulk_Upload,78,2026-05-03
ACC1098,Report_Gen,92,2026-05-04
ACC1370,Team_Collab,83,2026-04-27
ACC1479,Dashboard,76,2026-05-04
ACC1096,Team_Collab,22,2026-04-06
ACC1212,API_Access,92,2026-04-20
ACC1122,Dashboard,98,2026-05-03
ACC1219,Report_Gen,13,2026-04-15
ACC1101,Report_Gen,88,2026-04-06
ACC1256,Dashboard,13,2026-05-05
ACC1234,API_Access,70,2026-04-29
ACC1426,Bulk_Upload,49,2026-04-30
ACC1063,Dashboard,31,2026-05-05
ACC1226,Team_Collab,29,2026-04-27
ACC1420,Team_Collab,26,2026-04-18
ACC1144,Report_Gen,38,2026-04-10
ACC1393,Bulk_Upload,27,2026-04-06
ACC1116,Dashboard,85,2026-04-14
ACC1441,Bulk_Upload,10,2026-04-23
ACC1201,API_Access,5,2026-05-04
ACC1288,Bulk_Upload,83,2026-04-08
ACC1088,API_Access,9,2026-04-13
ACC1228,API_Access,89,2026-05-05
ACC1174,Report_Gen,38,2026-04-13
ACC1261,Bulk_Upload,82,2026-04-18
ACC1012,Report_Gen,66,2026-04-09
ACC1415,Report_Gen,35,2026-04-16
ACC1371,Dashboard,37,2026-04-15
ACC1351,API_Access,83,2026-04-20
ACC1197,Report_Gen,85,2026-04-28
ACC1439,Dashboard,86,2026-04-16
ACC1235,Bulk_Upload,97,2026-05-03
ACC1084,Team_Collab,25,2026-05-01
ACC1466,Dashboard,98,2026-04-07
ACC1041,Dashboard,89,2026-04-12
ACC1340,Report_Gen,1,2026-04-13
ACC1100,API_Access,12,2026-04-16
ACC1065,API_Access,88,2026-04-09
ACC1306,Team_Collab,4,2026-04-29
ACC1178,API_Access,22,2026-04-30
ACC1089,Team_Collab,10,2026-04-24
ACC1472,Report_Gen,23,2026-05-04
ACC1216,Team_Collab,73,2026-04-14
ACC1277,API_Access,78,2026-04-24
ACC1428,Dashboard,95,2026-04-21
ACC1010,Bulk_Upload,18,2026-04-15
ACC1354,Team_Collab,94,2026-04-25
ACC1458,Report_Gen,19,2026-04-28
ACC1146,API_Access,41,2026-04-16
ACC1098,Team_Collab,18,2026-04-25
ACC1080,Dashboard,29,2026-04-26
ACC1262,API_Access,15,2026-04-20
ACC1342,Bulk_Upload,82,2026-05-03
ACC1255,Dashboard,13,2026-04-18
ACC1188,Dashboard,92,2026-04-07
ACC1326,Bulk_Upload,29,2026-05-04
ACC1388,Report_Gen,27,2026-05-01
ACC1051,Report_Gen,19,2026-04-23
ACC1398,API_Access,29,2026-04-19
ACC1157,Bulk_Upload,4,2026-04-15
ACC1403,Bulk_Upload,2,2026-04-24
ACC1240,Dashboard,51,2026-04-24
ACC1177,Report_Gen,33,2026-04-12
ACC1449,Team_Collab,12,2026-04-15
ACC1413,Bulk_Upload,28,2026-04-28
ACC1482,Bulk_Upload,73,2026-04-18
ACC1185,Bulk_Upload,62,2026-04-06
ACC1019,Team_Collab,66,2026-04-18
ACC1412,API_Access,25,2026-04-20
ACC1329,Report_Gen,2,2026-04-24
ACC1342,Bulk_Upload,29,2026-04-08
ACC1118,API_Access,82,2026-04-24
ACC1494,API_Access,91,2026-04-08
ACC1493,Dashboard,5,2026-04-21
ACC1423,Report_Gen,95,2026-04-09
ACC1429,Dashboard,39,2026-05-02
ACC1414,API_Access,27,2026-04-26
ACC1058,API_Access,42,2026-04-29
ACC1328,Team_Collab,31,2026-04-18
ACC1154,Bulk_Upload,17,2026-04-19
ACC1294,Report_Gen,39,2026-05-04
ACC1178,Bulk_Upload,12,2026-04-10
ACC1128,API_Access,84,2026-04-07
ACC1337,Team_Collab,69,2026-04-26
ACC1139,API_Access,73,2026-04-19
ACC1453,Bulk_Upload,32,2026-04-14
ACC1140,Report_Gen,61,2026-04-09
ACC1478,Dashboard,87,2026-04-19
ACC1056,Report_Gen,46,2026-04-22
ACC1024,Dashboard,16,2026-04-14
ACC1488,Report_Gen,30,2026-04-14
ACC1371,Dashboard,97,2026-04-06
ACC1335,Bulk_Upload,90,2026-04-07
ACC1421,Team_Collab,87,2026-04-28
ACC1193,API_Access,3,2026-04-23
ACC1265,Bulk_Upload,50,2026-04-16
ACC1217,Report_Gen,77,2026-05-02
ACC1140,API_Access,31,2026-04-27
ACC1211,Dashboard,32,2026-04-07
ACC1480,Report_Gen,76,2026-05-03
ACC1273,Bulk_Upload,49,2026-04-24
ACC1304,Dashboard,73,2026-04-12
ACC1022,Dashboard,16,2026-04-27
ACC1444,Dashboard,3,2026-04-23
ACC1267,Team_Collab,29,2026-04-25
ACC1392,Team_Collab,10,2026-04-30
ACC1327,Report_Gen,99,2026-04-23
ACC1265,Report_Gen,39,2026-04-25
ACC1443,API_Access,97,2026-04-17
ACC1271,Team_Collab,50,2026-04-19
ACC1096,Dashboard,8,2026-04-21
ACC1152,Bulk_Upload,2,2026-04-10
ACC1198,Team_Collab,95,2026-04-21
ACC1317,Bulk_Upload,24,2026-04-26
ACC1204,Report_Gen,34,2026-04-13
ACC1079,API_Access,95,2026-04-13
ACC1212,API_Access,95,2026-04-14
ACC1495,Team_Collab,75,2026-05-02
ACC1073,API_Access,68,2026-04-13
ACC1190,Report_Gen,79,2026-04-29
ACC1299,Team_Collab,9,2026-04-24
ACC1447,Bulk_Upload,77,2026-04-29
ACC1119,Report_Gen,67,2026-04-06
ACC1365,Dashboard,34,2026-05-02
ACC1404,Bulk_Upload,39,2026-04-13
ACC1074,Bulk_Upload,10,2026-04-19
ACC1123,API_Access,72,2026-04-26
ACC1488,Bulk_Upload,68,2026-04-30
ACC1166,Report_Gen,46,2026-04-07
ACC1332,Team_Collab,55,2026-04-29
ACC1203,Bulk_Upload,7,2026-04-14
ACC1426,Team_Collab,6,2026-04-28
ACC1050,Team_Collab,64,2026-04-30
ACC1397,Report_Gen,12,2026-04-16
ACC1042,Bulk_Upload,91,2026-05-02
ACC1084,API_Access,33,2026-04-17
ACC1055,API_Access,34,2026-04-10
ACC1339,Dashboard,74,2026-04-20
ACC1211,Dashboard,49,2026-04-15
ACC1196,Report_Gen,72,2026-04-09
ACC1001,Report_Gen,18,2026-05-02
ACC1111,API_Access,4,2026-04-21
ACC1252,Dashboard,74,2026-04-06
ACC1071,Team_Collab,59,2026-04-23
ACC1062,API_Access,41,2026-04-29
ACC1448,Report_Gen,75,2026-04-12
ACC1386,Dashboard,10,2026-04-19
ACC1496,Bulk_Upload,36,2026-04-12
ACC1197,Dashboard,48,2026-05-02
ACC1352,Bulk_Upload,24,2026-04-12
ACC1385,Dashboard,22,2026-04-19
ACC1122,Team_Collab,32,2026-04-07
ACC1487,Report_Gen,100,2026-04-23
ACC1307,Report_Gen,69,2026-04-23
ACC1379,Report_Gen,65,2026-04-14
ACC1289,API_Access,17,2026-04-20
ACC1063,Report_Gen,9,2026-04-11
ACC1434,Bulk_Upload,52,2026-04-29
ACC1362,API_Access,23,2026-04-30
ACC1216,Team_Collab,26,2026-04-18
ACC1248,Dashboard,54,2026-05-05
ACC1146,Report_Gen,30,2026-04-15
ACC1180,Report_Gen,24,2026-04-26
ACC1491,Report_Gen,34,2026-04-17
ACC1205,Bulk_Upload,58,2026-04-20
ACC1371,Dashboard,89,2026-04-26
ACC1314,Bulk_Upload,72,2026-04-29
ACC1396,Dashboard,31,2026-04-30
ACC1122,Team_Collab,53,2026-05-03
ACC1223,Report_Gen,41,2026-05-03
ACC1166,API_Access,53,2026-04-13
ACC1432,API_Access,99,2026-04-19
ACC1072,Bulk_Upload,54,2026-04-21
ACC1378,Team_Collab,19,2026-04-07
ACC1007,API_Access,61,2026-05-01
ACC1390,Dashboard,32,2026-04-09
ACC1492,Report_Gen,9,2026-04-28
ACC1168,API_Access,22,2026-04-19
ACC1084,Team_Collab,90,2026-04-12
ACC1154,API_Access,45,2026-04-25
ACC1387,Report_Gen,26,2026-04-15
ACC1223,Report_Gen,57,2026-04-07
ACC1280,Report_Gen,33,2026-04-21
ACC1372,Report_Gen,39,2026-05-01
ACC1178,Dashboard,17,2026-05-03
ACC1462,API_Access,96,2026-04-26
ACC1453,API_Access,46,2026-04-23
ACC1121,API_Access,33,2026-04-29
ACC1295,Report_Gen,62,2026-04-12
ACC1238,Team_Collab,11,2026-05-02
ACC1149,Dashboard,84,2026-04-13
ACC1150,Team_Collab,58,2026-04-16
ACC1062,Bulk_Upload,88,2026-04-24
ACC1491,API_Access,60,2026-04-26
ACC1352,Report_Gen,97,2026-04-15
ACC1374,Team_Collab,92,2026-04-25
ACC1194,Dashboard,10,2026-04-18
ACC1273,API_Access,75,2026-04-27
ACC1250,Report_Gen,97,2026-04-30
ACC1175,API_Access,43,2026-05-04
ACC1100,Team_Collab,25,2026-04-23
ACC1499,Bulk_Upload,59,2026-04-21
ACC1196,Team_Collab,86,2026-04-22
ACC1253,API_Access,95,2026-04-14
ACC1057,API_Access,41,2026-04-18
ACC1122,Bulk_Upload,12,2026-04-20
ACC1262,Bulk_Upload,87,2026-04-07
ACC1281,API_Access,14,2026-04-27
ACC1247,Team_Collab,9,2026-04-29
ACC1064,Dashboard,23,2026-04-25
ACC1265,API_Access,27,2026-04-08
ACC1492,Bulk_Upload,3,2026-05-05
ACC1484,Dashboard,70,2026-04-20
ACC1305,API_Access,90,2026-05-04
ACC1298,Bulk_Upload,60,2026-05-04
ACC1248,API_Access,87,2026-04-29
ACC1266,Bulk_Upload,44,2026-04-16
ACC1235,Team_Collab,4,2026-04-09
ACC1199,API_Access,30,2026-04-21
ACC1367,Dashboard,35,2026-04-28
ACC1085,API_Access,2,2026-05-02
ACC1379,Bulk_Upload,33,2026-05-02
ACC1233,API_Access,83,2026-04-06
ACC1382,API_Access,14,2026-05-05
ACC1087,Bulk_Upload,85,2026-04-23
ACC1405,API_Access,60,2026-04-15
ACC1424,Team_Collab,75,2026-04-08
ACC1261,Dashboard,14,2026-04-20
ACC1489,Report_Gen,92,2026-04-28
ACC1306,Team_Collab,92,2026-04-10
ACC1347,API_Access,47,2026-05-01
ACC1058,Report_Gen,43,2026-04-13
ACC1424,Bulk_Upload,40,2026-04-09
ACC1392,Team_Collab,6,2026-04-26
ACC1238,Bulk_Upload,81,2026-05-02
ACC1331,Report_Gen,96,2026-04-18
ACC1213,Team_Collab,33,2026-04-12
ACC1020,Team_Collab,10,2026-04-11
ACC1342,API_Access,72,2026-04-12
ACC1061,API_Access,97,2026-04-12
ACC1315,API_Access,50,2026-05-01
ACC1075,Report_Gen,57,2026-05-03
ACC1173,Team_Collab,83,2026-04-09
ACC1013,API_Access,10,2026-04-28
ACC1324,Dashboard,77,2026-04-11
ACC1393,Bulk_Upload,23,2026-04-28
ACC1124,Team_Collab,3,2026-04-19
ACC1208,Bulk_Upload,14,2026-04-08
ACC1183,Bulk_Upload,81,2026-04-22
ACC1396,API_Access,60,2026-04-29
ACC1337,API_Access,16,2026-04-17
ACC1107,Dashboard,28,2026-04-18
ACC1464,Report_Gen,34,2026-04-14
ACC1368,Report_Gen,31,2026-05-02
ACC1481,API_Access,86,2026-04-18
ACC1325,Dashboard,76,2026-04-12
ACC1344,Report_Gen,57,2026-04-26
ACC1416,Bulk_Upload,91,2026-04-07
ACC1179,Report_Gen,16,2026-04-07
ACC1332,API_Access,58,2026-04-29
ACC1045,Bulk_Upload,61,2026-04-25
ACC1249,API_Access,97,2026-04-10
ACC1165,Bulk_Upload,70,2026-04-12
ACC1217,API_Access,30,2026-04-06
ACC1383,Dashboard,63,2026-04-15
ACC1087,Team_Collab,65,2026-04-10
ACC1087,API_Access,11,2026-05-03
ACC1411,API_Access,79,2026-04-24
ACC1088,API_Access,1,2026-04-28
ACC1175,Team_Collab,25,2026-04-18
ACC1284,API_Access,20,2026-04-30
ACC1094,Team_Collab,87,2026-04-29
ACC1150,Bulk_Upload,63,2026-04-20
ACC1450,Dashboard,11,2026-04-21
ACC1407,Dashboard,32,2026-04-09
ACC1448,Report_Gen,23,2026-04-16
ACC1070,Team_Collab,70,2026-04-07
ACC1160,Bulk_Upload,4,2026-04-18
ACC1396,Dashboard,7,2026-04-25
ACC1274,Bulk_Upload,7,2026-04-13
ACC1196,Team_Collab,18,2026-04-06
ACC1454,Dashboard,15,2026-04-11
ACC1279,Report_Gen,65,2026-05-03
ACC1361,API_Access,63,2026-04-22
ACC1401,Report_Gen,72,2026-04-14
ACC1352,API_Access,78,2026-04-15
ACC1288,Report_Gen,65,2026-04-22
ACC1299,API_Access,49,2026-04-18
ACC1098,Report_Gen,55,2026-04-13
ACC1486,Report_Gen,89,2026-04-11
ACC1322,Dashboard,29,2026-05-01
ACC1211,Team_Collab,63,2026-04-16
ACC1069,API_Access,79,2026-04-17
ACC1459,Team_Collab,56,2026-04-12
ACC1185,Report_Gen,61,2026-04-25
ACC1078,Report_Gen,90,2026-04-24
ACC1352,Team_Collab,10,2026-04-06
ACC1173,API_Access,22,2026-04-19
ACC1181,Report_Gen,39,2026-05-05
ACC1393,Bulk_Upload,86,2026-04-08
ACC1265,Bulk_Upload,7,2026-04-08
ACC1365,API_Access,17,2026-05-01
ACC1134,Bulk_Upload,36,2026-04-16
ACC1486,Dashboard,76,2026-04-26
ACC1097,API_Access,77,2026-04-29
ACC1373,API_Access,96,2026-05-01
ACC1183,Bulk_Upload,96,2026-04-23
ACC1013,Report_Gen,22,2026-04-16
ACC1068,Bulk_Upload,57,2026-04-17
ACC1346,Report_Gen,32,2026-04-23
ACC1344,API_Access,28,2026-04-13
ACC1364,Team_Collab,16,2026-04-29
ACC1036,API_Access,54,2026-04-24
ACC1323,Bulk_Upload,28,2026-04-27
ACC1110,Dashboard,21,2026-04-16
ACC1294,Bulk_Upload,68,2026-04-29
ACC1347,Team_Collab,71,2026-04-13
ACC1458,API_Access,12,2026-04-28
ACC1398,API_Access,42,2026-04-19
ACC1240,API_Access,79,2026-04-09
ACC1483,Bulk_Upload,61,2026-04-29
ACC1488,Report_Gen,80,2026-04-23
ACC1473,Report_Gen,54,2026-04-06
ACC1271,Dashboard,30,2026-04-09
ACC1375,API_Access,1,2026-04-24
ACC1016,Dashboard,47,2026-04-09
ACC1128,Dashboard,38,2026-04-11
ACC1341,Team_Collab,26,2026-04-06
ACC1329,Report_Gen,12,2026-04-09
ACC1356,Report_Gen,94,2026-05-03
ACC1104,Dashboard,41,2026-04-08
ACC1061,Report_Gen,24,2026-04-27
ACC1037,Team_Collab,92,2026-04-24
ACC1336,Team_Collab,50,2026-04-17
ACC1024,API_Access,84,2026-04-17
ACC1417,Dashboard,31,2026-04-21
ACC1494,Dashboard,8,2026-04-27
ACC1205,Bulk_Upload,66,2026-04-13
ACC1360,Dashboard,31,2026-05-04
ACC1185,Dashboard,16,2026-04-08
ACC1178,Bulk_Upload,30,2026-04-23
ACC1031,Bulk_Upload,73,2026-04-14
ACC1371,Bulk_Upload,15,2026-04-10
ACC1214,API_Access,100,2026-04-22
ACC1359,Dashboard,100,2026-04-09
ACC1152,Team_Collab,81,2026-04-22
ACC1150,Dashboard,52,2026-04-21
ACC1463,Bulk_Upload,59,2026-04-21
ACC1373,API_Access,66,2026-04-06
ACC1114,API_Access,17,2026-04-12
ACC1333,Dashboard,48,2026-04-22
ACC1069,Report_Gen,24,2026-04-15
ACC1439,Report_Gen,26,2026-04-29
ACC1273,Report_Gen,23,2026-04-13
ACC1072,Report_Gen,67,2026-04-11
ACC1295,Dashboard,66,2026-04-09
ACC1453,Team_Collab,13,2026-04-06
ACC1136,Dashboard,94,2026-04-07
ACC1296,Team_Collab,23,2026-05-05
ACC1087,Bulk_Upload,74,2026-04-29
ACC1253,Team_Collab,19,2026-04-26
ACC1397,API_Access,12,2026-04-20
ACC1189,API_Access,15,2026-04-29
ACC1427,Bulk_Upload,4,2026-04-23
ACC1471,API_Access,1,2026-04-29
ACC1181,Report_Gen,37,2026-04-13
ACC1103,Bulk_Upload,85,2026-04-27
ACC1216,Bulk_Upload,99,2026-04-14
ACC1161,Bulk_Upload,91,2026-04-15
ACC1459,API_Access,66,2026-05-04
ACC1069,API_Access,32,2026-04-21
ACC1075,Team_Collab,2,2026-04-08
ACC1149,Bulk_Upload,77,2026-04-15
ACC1141,Report_Gen,88,2026-04-29
ACC1407,Team_Collab,99,2026-04-10
ACC1422,Dashboard,41,2026-04-28
ACC1437,Bulk_Upload,26,2026-05-02
ACC1025,Dashboard,68,2026-04-27
ACC1060,Bulk_Upload,59,2026-04-28
ACC1356,Bulk_Upload,82,2026-04-06
ACC1089,Bulk_Upload,86,2026-04-16
ACC1038,API_Access,10,2026-04-09
ACC1028,API_Access,18,2026-04-18
ACC1125,Bulk_Upload,58,2026-04-22
ACC1055,Dashboard,37,2026-04-25
ACC1031,API_Access,13,2026-05-01
ACC1046,Dashboard,81,2026-04-08
ACC1355,Team_Collab,37,2026-04-10
ACC1343,Report_Gen,42,2026-05-01
ACC1159,Team_Collab,86,2026-04-23
ACC1145,Report_Gen,86,2026-05-05
ACC1206,Dashboard,42,2026-04-17
ACC1274,API_Access,11,2026-05-01
ACC1425,Team_Collab,12,2026-04-21
ACC1312,Team_Collab,24,2026-04-19
ACC1384,Bulk_Upload,26,2026-04-28
ACC1419,Team_Collab,21,2026-04-11
ACC1187,Report_Gen,100,2026-04-17
ACC1218,Team_Collab,93,2026-04-13
ACC1204,Bulk_Upload,77,2026-04-23
ACC1262,Dashboard,47,2026-04-11
ACC1315,API_Access,95,2026-04-20
ACC1242,Report_Gen,13,2026-04-28
ACC1133,Dashboard,100,2026-04-12
ACC1480,Report_Gen,52,2026-04-09
ACC1492,API_Access,19,2026-04-17
ACC1090,API_Access,47,2026-04-27
ACC1409,Team_Collab,33,2026-04-12
ACC1318,Dashboard,94,2026-04-09
ACC1387,Report_Gen,90,2026-04-11
ACC1459,API_Access,68,2026-04-13
ACC1473,Report_Gen,44,2026-04-28
ACC1477,Dashboard,91,2026-04-14
ACC1046,Report_Gen,58,2026-04-17
ACC1486,Team_Collab,38,2026-04-29
ACC1059,API_Access,69,2026-04-07
ACC1453,Team_Collab,93,2026-04-08
ACC1128,API_Access,3,2026-04-10
ACC1423,Team_Collab,14,2026-04-20
ACC1124,Dashboard,18,2026-05-04
ACC1395,Dashboard,100,2026-04-23
ACC1437,Team_Collab,12,2026-04-08
ACC1080,API_Access,76,2026-04-19
ACC1204,Report_Gen,25,2026-04-12
ACC1428,Bulk_Upload,14,2026-04-13
ACC1190,API_Access,61,2026-04-26
ACC1355,Bulk_Upload,76,2026-04-13
ACC1367,API_Access,59,2026-05-05
ACC1009,Team_Collab,14,2026-05-02
ACC1128,Team_Collab,10,2026-05-02
ACC1024,Bulk_Upload,19,2026-04-17
ACC1399,Bulk_Upload,91,2026-04-20
ACC1414,Team_Collab,95,2026-05-04
ACC1417,Bulk_Upload,28,2026-04-21
ACC1293,Team_Collab,39,2026-04-13
ACC1066,Report_Gen,2,2026-04-11
ACC1489,Dashboard,4,2026-05-02
ACC1026,API_Access,19,2026-04-17
ACC1013,Bulk_Upload,21,2026-05-04
ACC1426,Dashboard,66,2026-04-28
ACC1124,Team_Collab,18,2026-04-10
ACC1274,Dashboard,67,2026-04-18
ACC1255,Dashboard,72,2026-04-07
ACC1187,Bulk_Upload,14,2026-04-06
ACC1090,Team_Collab,12,2026-04-18
ACC1181,Dashboard,34,2026-04-08
ACC1093,API_Access,64,2026-04-18
ACC1079,Report_Gen,40,2026-04-17
ACC1048,Team_Collab,30,2026-04-07
ACC1041,Bulk_Upload,6,2026-04-19
ACC1432,Report_Gen,54,2026-04-22
ACC1286,Dashboard,21,2026-04-13
ACC1225,API_Access,12,2026-05-01
ACC1333,Bulk_Upload,86,2026-04-08
ACC1427,Team_Collab,18,2026-04-11
ACC1237,Bulk_Upload,70,2026-04-15
ACC1204,Dashboard,75,2026-04-24
ACC1118,Team_Collab,93,2026-04-26
ACC1341,API_Access,34,2026-04-23
ACC1312,API_Access,76,2026-04-12
ACC1082,Report_Gen,58,2026-04-20
ACC1497,Bulk_Upload,29,2026-05-02
ACC1224,Bulk_Upload,35,2026-05-01
ACC1237,Report_Gen,37,2026-04-15
ACC1020,Team_Collab,77,2026-04-20
ACC1482,Team_Collab,26,2026-04-29
ACC1368,Dashboard,29,2026-05-04
ACC1315,API_Access,90,2026-05-01
ACC1436,Report_Gen,13,2026-04-15
ACC1394,Dashboard,96,2026-04-16
ACC1021,API_Access,18,2026-04-27
ACC1006,Bulk_Upload,31,2026-05-02
ACC1288,API_Access,19,2026-04-13
ACC1264,Dashboard,16,2026-04-30
ACC1475,API_Access,18,2026-04-21
ACC1001,Dashboard,79,2026-04-17
ACC1072,Report_Gen,50,2026-04-29
ACC1422,Team_Collab,34,2026-04-27
ACC1027,Dashboard,13,2026-04-20
ACC1313,API_Access,22,2026-04-14
ACC1207,API_Access,88,2026-04-24
ACC1487,Report_Gen,9,2026-04-24
ACC1148,Bulk_Upload,74,2026-04-28
ACC1382,Report_Gen,95,2026-04-11
ACC1146,Bulk_Upload,70,2026-04-26
ACC1063,API_Access,68,2026-04-24
ACC1301,API_Access,26,2026-04-18
ACC1317,Report_Gen,64,2026-04-17
ACC1283,Team_Collab,12,2026-04-21
ACC1418,Bulk_Upload,41,2026-04-22
ACC1071,Bulk_Upload,91,2026-04-24
ACC1010,Bulk_Upload,56,2026-04-16
ACC1170,API_Access,2,2026-04-23
ACC1461,Bulk_Upload,81,2026-04-23
ACC1293,Bulk_Upload,82,2026-04-21
ACC1291,Report_Gen,9,2026-04-13
ACC1355,API_Access,26,2026-04-11
ACC1395,Report_Gen,87,2026-04-18
ACC1137,Team_Collab,30,2026-05-03
ACC1147,Dashboard,62,2026-04-30
ACC1321,API_Access,47,2026-04-24
ACC1465,Report_Gen,14,2026-04-30
ACC1398,API_Access,45,2026-04-28
ACC1142,Dashboard,22,2026-04-08
ACC1349,Team_Collab,47,2026-05-05
ACC1097,Dashboard,24,2026-04-25
ACC1335,Bulk_Upload,71,2026-04-21
ACC1390,Dashboard,66,2026-04-13
ACC1093,Team_Collab,88,2026-04-25
ACC1336,API_Access,89,2026-04-28
ACC1468,Report_Gen,94,2026-05-05
ACC1297,Report_Gen,8,2026-04-12
ACC1149,Dashboard,71,2026-04-12
ACC1106,Team_Collab,78,2026-04-14
ACC1475,API_Access,7,2026-04-25
ACC1403,Bulk_Upload,86,2026-04-25
ACC1302,Report_Gen,43,2026-04-06
ACC1176,Team_Collab,78,2026-04-07
ACC1176,Dashboard,16,2026-04-26
ACC1088,API_Access,56,2026-04-27
ACC1262,Bulk_Upload,49,2026-04-24
ACC1197,Dashboard,89,2026-05-04
ACC1422,Bulk_Upload,13,2026-04-19
ACC1161,Bulk_Upload,52,2026-04-18
ACC1014,Dashboard,69,2026-05-02
ACC1364,Team_Collab,6,2026-04-16
ACC1392,Report_Gen,5,2026-04-25
ACC1012,Team_Collab,60,2026-04-28
ACC1210,Report_Gen,70,2026-04-13
ACC1261,Report_Gen,77,2026-04-08
ACC1000,Bulk_Upload,61,2026-05-01
ACC1285,API_Access,11,2026-04-06
ACC1006,Team_Collab,2,2026-05-02
ACC1007,API_Access,43,2026-04-27
ACC1078,Report_Gen,26,2026-04-18
ACC1441,API_Access,54,2026-04-08
ACC1080,Team_Collab,15,2026-05-05
ACC1096,Bulk_Upload,10,2026-04-14
ACC1250,API_Access,32,2026-04-15
ACC1149,Bulk_Upload,18,2026-04-26
ACC1098,Team_Collab,14,2026-05-03
ACC1221,API_Access,19,2026-04-20
ACC1177,Bulk_Upload,70,2026-04-08
ACC1496,Dashboard,24,2026-04-27
ACC1100,Report_Gen,59,2026-04-20
ACC1128,Bulk_Upload,83,2026-04-22
ACC1364,Report_Gen,22,2026-04-15
ACC1205,Team_Collab,65,2026-04-12
ACC1257,Bulk_Upload,49,2026-04-28
ACC1024,Bulk_Upload,5,2026-04-24
ACC1326,Team_Collab,67,2026-04-18
ACC1307,Bulk_Upload,98,2026-04-09
ACC1354,Dashboard,100,2026-04-09
ACC1107,Dashboard,20,2026-04-22
ACC1416,API_Access,90,2026-05-01
ACC1051,Dashboard,14,2026-04-23
ACC1049,Report_Gen,9,2026-05-04
ACC1049,Report_Gen,45,2026-04-29
ACC1124,Dashboard,47,2026-04-12
ACC1301,Report_Gen,38,2026-05-01
ACC1360,API_Access,44,2026-04-13
ACC1470,Team_Collab,64,2026-04-18
ACC1252,API_Access,2,2026-04-25
ACC1050,Team_Collab,1,2026-04-09
ACC1047,API_Access,6,2026-04-26
ACC1010,Team_Collab,54,2026-04-26
ACC1233,Bulk_Upload,20,2026-04-24
ACC1094,Bulk_Upload,51,2026-04-07
ACC1174,Report_Gen,19,2026-04-29
ACC1470,API_Access,66,2026-04-12
ACC1450,API_Access,64,2026-04-06
ACC1266,Report_Gen,84,2026-04-09
ACC1403,Team_Collab,61,2026-04-21
ACC1136,API_Access,84,2026-04-30
ACC1128,Team_Collab,53,2026-04-22
ACC1193,Bulk_Upload,19,2026-04-10
ACC1414,Report_Gen,80,2026-04-22
ACC1489,Team_Collab,7,2026-04-28
ACC1000,Dashboard,36,2026-04-21
ACC1341,Report_Gen,39,2026-04-20
ACC1238,Dashboard,29,2026-04-27
ACC1264,Dashboard,89,2026-04-25
ACC1077,Team_Collab,86,2026-04-19
ACC1408,Team_Collab,65,2026-04-27
ACC1324,Report_Gen,53,2026-04-15
ACC1343,API_Access,85,2026-04-20
ACC1285,Team_Collab,26,2026-04-19
ACC1481,Team_Collab,42,2026-04-06
ACC1476,API_Access,29,2026-05-05
ACC1020,API_Access,7,2026-04-12
ACC1365,API_Access,2,2026-04-10
ACC1195,Bulk_Upload,100,2026-04-07
ACC1278,Bulk_Upload,23,2026-04-24
ACC1337,Bulk_Upload,79,2026-04-08
ACC1043,Team_Collab,56,2026-04-06
ACC1091,Team_Collab,56,2026-04-07
ACC1127,Report_Gen,68,2026-04-13
ACC1091,Bulk_Upload,30,2026-04-11
ACC1492,Bulk_Upload,63,2026-04-11
ACC1176,API_Access,70,2026-04-23
ACC1208,Report_Gen,68,2026-05-04
ACC1378,API_Access,15,2026-04-08
ACC1069,API_Access,64,2026-04-26
ACC1046,Team_Collab,84,2026-04-24
ACC1348,API_Access,33,2026-04-23
ACC1344,Bulk_Upload,64,2026-04-13
ACC1300,API_Access,70,2026-04-30
ACC1226,Dashboard,83,2026-04-28
ACC1466,API_Access,9,2026-04-06
ACC1037,Bulk_Upload,78,2026-05-01
ACC1115,Report_Gen,96,2026-04-12
ACC1295,Bulk_Upload,81,2026-04-21
ACC1228,Dashboard,3,2026-04-12
ACC1144,Bulk_Upload,46,2026-04-29
ACC1252,Team_Collab,35,2026-04-28
ACC1265,Report_Gen,96,2026-04-13
ACC1018,Dashboard,6,2026-04-28
ACC1001,Dashboard,16,2026-04-19
ACC1308,API_Access,85,2026-04-26
ACC1062,Team_Collab,68,2026-04-07
ACC1437,Dashboard,29,2026-04-14
ACC1338,API_Access,39,2026-04-14
ACC1256,API_Access,28,2026-04-13
ACC1153,Team_Collab,17,2026-04-26
ACC1065,Dashboard,24,2026-04-23
ACC1375,Report_Gen,67,2026-04-07
ACC1260,Report_Gen,36,2026-05-03
ACC1160,Team_Collab,14,2026-04-08
ACC1299,Team_Collab,66,2026-05-05
ACC1238,Dashboard,45,2026-04-06
ACC1308,Report_Gen,76,2026-04-11
ACC1436,Report_Gen,23,2026-04-17
ACC1047,Team_Collab,93,2026-05-05
ACC1249,Report_Gen,78,2026-04-21
ACC1486,API_Access,24,2026-04-10
ACC1134,Bulk_Upload,59,2026-04-21
ACC1036,Dashboard,75,2026-04-26
ACC1398,Team_Collab,98,2026-04-10
ACC1001,Bulk_Upload,3,2026-04-10
ACC1284,API_Access,42,2026-04-26
ACC1145,Dashboard,86,2026-04-29
ACC1300,API_Access,59,2026-04-26
ACC1428,Team_Collab,49,2026-05-03
ACC1496,Bulk_Upload,20,2026-05-03
ACC1319,Dashboard,27,2026-04-21
ACC1402,Report_Gen,35,2026-04-30
ACC1183,Report_Gen,12,2026-04-12
ACC1114,Report_Gen,86,2026-04-29
ACC1009,API_Access,97,2026-05-04
ACC1124,API_Access,33,2026-04-07
ACC1230,Dashboard,22,2026-05-02
ACC1140,Bulk_Upload,14,2026-05-01
ACC1272,API_Access,9,2026-05-05
ACC1428,API_Access,47,2026-04-11
ACC1152,Team_Collab,59,2026-04-10
ACC1281,Team_Collab,35,2026-05-01
ACC1418,Report_Gen,64,2026-04-23
ACC1016,Bulk_Upload,10,2026-04-16
ACC1209,Report_Gen,80,2026-05-05
ACC1039,Team_Collab,14,2026-04-11
ACC1346,Bulk_Upload,52,2026-04-20
ACC1237,API_Access,34,2026-04-22
ACC1082,Team_Collab,75,2026-04-10
ACC1271,Report_Gen,90,2026-04-23
ACC1072,Report_Gen,46,2026-04-13
ACC1436,Report_Gen,74,2026-04-15
ACC1000,Report_Gen,14,2026-04-15
ACC1021,Dashboard,94,2026-05-05
ACC1182,Team_Collab,87,2026-04-11
ACC1089,Bulk_Upload,9,2026-04-30
ACC1017,Team_Collab,36,2026-04-06
ACC1366,Report_Gen,78,2026-05-03
ACC1375,Bulk_Upload,58,2026-04-11
ACC1193,Report_Gen,60,2026-04-16
ACC1128,Report_Gen,4,2026-04-11
ACC1141,Report_Gen,52,2026-04-07
ACC1046,Bulk_Upload,87,2026-04-07
ACC1000,Bulk_Upload,58,2026-04-06
ACC1365,Report_Gen,23,2026-04-14
ACC1460,Dashboard,63,2026-05-01
ACC1210,Dashboard,51,2026-04-12
ACC1411,Report_Gen,95,2026-04-11
ACC1040,Report_Gen,86,2026-04-13
ACC1447,API_Access,14,2026-04-20
ACC1183,Team_Collab,27,2026-05-02
ACC1342,Team_Collab,32,2026-04-15
ACC1035,Team_Collab,73,2026-04-12
ACC1348,Team_Collab,99,2026-05-04
ACC1306,Team_Collab,100,2026-04-20
ACC1350,API_Access,85,2026-05-01
ACC1427,Dashboard,88,2026-04-17
ACC1429,Report_Gen,89,2026-04-14
ACC1359,Team_Collab,64,2026-04-22
ACC1293,Bulk_Upload,47,2026-04-30
ACC1190,Report_Gen,53,2026-04-30
ACC1140,Bulk_Upload,30,2026-04-14
ACC1336,Team_Collab,53,2026-04-08
ACC1028,Team_Collab,83,2026-04-24
ACC1161,Bulk_Upload,50,2026-04-13
ACC1301,Report_Gen,6,2026-04-27
ACC1135,Dashboard,88,2026-04-15
ACC1231,API_Access,87,2026-04-16
ACC1379,Report_Gen,99,2026-04-06
ACC1328,Report_Gen,71,2026-05-05
ACC1117,Team_Collab,97,2026-05-04
ACC1441,Bulk_Upload,4,2026-04-13
ACC1461,Report_Gen,25,2026-04-27
ACC1138,Dashboard,81,2026-04-24
ACC1022,Dashboard,96,2026-04-25
ACC1401,Bulk_Upload,43,2026-05-03
ACC1416,Dashboard,19,2026-04-19
ACC1490,Dashboard,13,2026-05-02
ACC1147,Bulk_Upload,54,2026-04-17
ACC1415,Team_Collab,89,2026-04-28
ACC1182,API_Access,61,2026-04-26
ACC1002,Team_Collab,95,2026-05-01
ACC1379,Bulk_Upload,38,2026-04-18
ACC1231,Team_Collab,90,2026-04-25
ACC1442,API_Access,1,2026-04-17
ACC1000,API_Access,10,2026-05-02
ACC1463,Team_Collab,78,2026-04-22
ACC1164,Bulk_Upload,95,2026-04-18
ACC1176,Bulk_Upload,53,2026-05-05
ACC1389,Team_Collab,57,2026-04-21
ACC1131,API_Access,70,2026-04-18
ACC1004,Report_Gen,65,2026-04-16
ACC1282,Dashboard,28,2026-04-25
ACC1310,Team_Collab,24,2026-04-15
ACC1297,Bulk_Upload,80,2026-05-04
ACC1278,Report_Gen,44,2026-04-16
ACC1319,Bulk_Upload,94,2026-04-12
ACC1211,Bulk_Upload,97,2026-04-21
ACC1308,Team_Collab,40,2026-04-14
ACC1048,Team_Collab,52,2026-04-27
ACC1464,Dashboard,36,2026-05-05
ACC1232,Dashboard,93,2026-04-12
ACC1316,Bulk_Upload,25,2026-04-25
ACC1048,API_Access,27,2026-04-23
ACC1249,API_Access,99,2026-04-28
ACC1171,Report_Gen,100,2026-04-21
ACC1105,Report_Gen,49,2026-04-17
ACC1182,Dashboard,81,2026-04-15
ACC1492,Team_Collab,92,2026-04-19
ACC1246,Team_Collab,66,2026-04-14
ACC1140,Report_Gen,94,2026-04-26
ACC1093,Report_Gen,66,2026-04-13
ACC1302,Dashboard,99,2026-04-23
ACC1310,API_Access,44,2026-04-07
ACC1226,Team_Collab,64,2026-04-15
ACC1419,API_Access,82,2026-04-13
ACC1058,Bulk_Upload,24,2026-04-27
ACC1322,Team_Collab,90,2026-04-25
ACC1176,Report_Gen,95,2026-04-11
ACC1170,Report_Gen,25,2026-04-06
ACC1449,Dashboard,22,2026-04-25
ACC1372,API_Access,42,2026-04-22
ACC1196,Team_Collab,20,2026-04-12
ACC1129,Dashboard,69,2026-04-20
ACC1405,Bulk_Upload,92,2026-04-09
ACC1370,Dashboard,45,2026-04-19
ACC1104,Bulk_Upload,80,2026-05-02
ACC1383,Report_Gen,12,2026-05-05
ACC1455,Team_Collab,47,2026-04-27
ACC1340,Bulk_Upload,21,2026-04-09
ACC1400,Team_Collab,86,2026-04-09
ACC1231,API_Access,76,2026-04-23
ACC1150,Bulk_Upload,96,2026-04-12
ACC1237,Report_Gen,89,2026-04-24
ACC1355,Team_Collab,59,2026-04-06
ACC1450,API_Access,1,2026-04-21
ACC1224,Report_Gen,35,2026-04-09
ACC1104,Team_Collab,12,2026-04-15
ACC1217,Bulk_Upload,53,2026-04-13
ACC1386,Bulk_Upload,44,2026-04-26
ACC1433,Report_Gen,99,2026-04-14
ACC1458,Report_Gen,75,2026-04-26
ACC1302,Dashboard,51,2026-04-09
ACC1350,Report_Gen,28,2026-04-16
ACC1310,API_Access,76,2026-04-24
ACC1068,Team_Collab,43,2026-04-12
ACC1458,Bulk_Upload,59,2026-04-16
ACC1460,Team_Collab,95,2026-04-17
ACC1267,Team_Collab,30,2026-04-21
ACC1493,API_Access,55,2026-04-20
ACC1332,Report_Gen,41,2026-05-01
ACC1485,Bulk_Upload,15,2026-04-29
ACC1124,Report_Gen,100,2026-04-17
ACC1115,Dashboard,97,2026-05-05
ACC1483,Dashboard,45,2026-04-11
ACC1020,Bulk_Upload,22,2026-04-07
ACC1346,API_Access,49,2026-04-30
ACC1033,Bulk_Upload,22,2026-04-16
ACC1104,Bulk_Upload,78,2026-04-26
ACC1430,Bulk_Upload,1,2026-04-06
ACC1294,Report_Gen,12,2026-04-14
ACC1384,Dashboard,54,2026-04-18
ACC1324,Report_Gen,68,2026-04-06
ACC1498,Bulk_Upload,93,2026-04-24
ACC1015,Bulk_Upload,43,2026-04-27
ACC1368,API_Access,73,2026-04-22
ACC1265,API_Access,10,2026-04-19
ACC1246,API_Access,13,2026-04-20
ACC1011,Team_Collab,57,2026-05-02
ACC1472,API_Access,14,2026-04-26
ACC1486,API_Access,72,2026-04-11
ACC1402,Dashboard,40,2026-04-19
ACC1488,Bulk_Upload,46,2026-04-17
ACC1348,Dashboard,4,2026-04-29
ACC1495,Team_Collab,35,2026-05-01
ACC1376,Team_Collab,12,2026-05-04
ACC1342,Team_Collab,26,2026-04-27
ACC1325,Dashboard,36,2026-04-13
ACC1205,API_Access,50,2026-04-22
ACC1058,API_Access,60,2026-05-01
ACC1378,API_Access,45,2026-04-15
ACC1305,Dashboard,84,2026-04-06
ACC1359,Bulk_Upload,45,2026-05-02
ACC1117,Bulk_Upload,78,2026-04-18
ACC1050,Bulk_Upload,93,2026-05-05
ACC1274,Dashboard,3,2026-04-10
ACC1192,Team_Collab,89,2026-04-22
ACC1207,API_Access,13,2026-04-23
ACC1306,Bulk_Upload,48,2026-04-29
ACC1323,API_Access,65,2026-04-25
ACC1103,Team_Collab,52,2026-05-02
ACC1471,Report_Gen,2,2026-04-22
ACC1302,Report_Gen,78,2026-04-24
ACC1255,Bulk_Upload,59,2026-04-20
ACC1456,API_Access,2,2026-04-09
ACC1140,Bulk_Upload,31,2026-04-18
ACC1137,API_Access,2,2026-04-16
ACC1325,Report_Gen,4,2026-04-28
ACC1187,Bulk_Upload,18,2026-04-09
ACC1058,Dashboard,11,2026-04-14
ACC1408,API_Access,59,2026-04-23
ACC1489,Dashboard,95,2026-04-10
ACC1480,Team_Collab,9,2026-04-21
ACC1414,Team_Collab,72,2026-05-04
ACC1010,Bulk_Upload,16,2026-05-03
ACC1477,Bulk_Upload,3,2026-04-15
ACC1223,Bulk_Upload,43,2026-05-03
ACC1464,Dashboard,50,2026-04-08
ACC1272,API_Access,27,2026-04-09
ACC1161,Team_Collab,82,2026-04-17
ACC1366,Bulk_Upload,30,2026-04-17
ACC1165,Bulk_Upload,24,2026-05-02
ACC1353,Report_Gen,25,2026-04-20
ACC1397,Bulk_Upload,81,2026-04-08
ACC1496,API_Access,87,2026-04-13
ACC1464,Team_Collab,33,2026-04-19
ACC1196,Team_Collab,82,2026-04-15
ACC1457,Dashboard,94,2026-05-05
ACC1083,Report_Gen,12,2026-04-10
ACC1105,Report_Gen,24,2026-05-05
ACC1313,Report_Gen,24,2026-04-12
ACC1423,Dashboard,32,2026-04-28
ACC1135,Team_Collab,66,2026-04-15
ACC1378,Dashboard,36,2026-05-03
ACC1367,Bulk_Upload,80,2026-04-12
ACC1477,Dashboard,24,2026-04-29
ACC1078,Team_Collab,80,2026-04-06
ACC1264,Dashboard,36,2026-04-09
ACC1444,Team_Collab,4,2026-04-29
ACC1460,Dashboard,47,2026-04-19
ACC1119,API_Access,69,2026-04-30
ACC1133,Report_Gen,95,2026-04-13
ACC1492,Report_Gen,100,2026-04-24
ACC1475,Report_Gen,16,2026-04-27
ACC1045,Dashboard,89,2026-04-22
ACC1175,Report_Gen,27,2026-04-14
ACC1188,Report_Gen,93,2026-04-17
ACC1210,Bulk_Upload,69,2026-04-06
ACC1487,Dashboard,67,2026-04-06
ACC1279,Team_Collab,77,2026-05-05
ACC1320,Dashboard,44,2026-04-26
ACC1149,Dashboard,60,2026-04-28
ACC1402,Team_Collab,11,2026-04-13
ACC1228,API_Access,46,2026-04-29
ACC1435,API_Access,97,2026-04-15
ACC1092,Dashboard,3,2026-05-01
ACC1200,Dashboard,35,2026-04-25
ACC1229,Team_Collab,9,2026-04-30
ACC1348,Bulk_Upload,80,2026-04-17
ACC1447,API_Access,32,2026-04-30
ACC1423,Report_Gen,41,2026-05-02
ACC1136,Team_Collab,13,2026-04-10
ACC1065,Team_Collab,29,2026-05-05
ACC1066,Dashboard,33,2026-04-22
ACC1032,Bulk_Upload,13,2026-04-23
ACC1240,Bulk_Upload,48,2026-04-10
ACC1498,Team_Collab,26,2026-05-05
ACC1187,Bulk_Upload,61,2026-04-07
ACC1442,Report_Gen,54,2026-04-24
ACC1194,Dashboard,19,2026-04-11
ACC1253,API_Access,58,2026-05-02
ACC1311,Team_Collab,66,2026-04-28
ACC1145,Dashboard,84,2026-04-26
ACC1248,Dashboard,35,2026-04-28
ACC1225,Report_Gen,67,2026-04-15
ACC1055,Team_Collab,20,2026-04-07
ACC1314,Dashboard,43,2026-04-08
ACC1346,Dashboard,28,2026-04-17
ACC1395,Dashboard,31,2026-04-08
ACC1067,Team_Collab,35,2026-04-19
ACC1224,Bulk_Upload,54,2026-04-15
ACC1253,Bulk_Upload,75,2026-04-27
ACC1263,API_Access,4,2026-04-29
ACC1243,Report_Gen,49,2026-04-11
ACC1480,Report_Gen,9,2026-04-15
ACC1467,Team_Collab,47,2026-04-06
ACC1313,API_Access,79,2026-04-14
ACC1394,API_Access,33,2026-04-08
ACC1081,API_Access,86,2026-04-15
ACC1116,API_Access,88,2026-04-27
ACC1383,Bulk_Upload,68,2026-04-13
ACC1011,Dashboard,58,2026-04-22
ACC1004,API_Access,88,2026-04-18
ACC1452,Dashboard,51,2026-04-07
ACC1150,Bulk_Upload,11,2026-04-28
ACC1026,Dashboard,42,2026-04-08
ACC1385,Dashboard,30,2026-04-19
ACC1101,Bulk_Upload,37,2026-04-27
ACC1061,Team_Collab,59,2026-04-17
ACC1240,Bulk_Upload,25,2026-04-15
ACC1452,Report_Gen,79,2026-04-13
ACC1282,Team_Collab,67,2026-04-10
ACC1300,Report_Gen,60,2026-05-05
ACC1166,Report_Gen,19,2026-04-23
ACC1008,Team_Collab,3,2026-04-28
ACC1134,Dashboard,16,2026-05-04
ACC1162,Report_Gen,97,2026-04-15
ACC1101,Team_Collab,21,2026-05-01
ACC1227,Report_Gen,19,2026-04-27
ACC1289,Report_Gen,98,2026-04-09
ACC1380,Bulk_Upload,63,2026-04-10
ACC1284,Dashboard,99,2026-04-17
ACC1171,Dashboard,17,2026-04-29
ACC1418,Team_Collab,51,2026-04-17
ACC1123,Dashboard,11,2026-04-26
ACC1214,Dashboard,10,2026-04-20
ACC1256,Dashboard,70,2026-04-23
ACC1319,Bulk_Upload,90,2026-04-29
ACC1281,Team_Collab,66,2026-04-11
ACC1141,API_Access,56,2026-04-21
ACC1032,Team_Collab,92,2026-04-18
ACC1108,Team_Collab,39,2026-04-19
ACC1045,API_Access,22,2026-05-01
ACC1248,API_Access,35,2026-04-19
ACC1121,Bulk_Upload,7,2026-04-20
ACC1387,API_Access,61,2026-04-09
ACC1295,Bulk_Upload,66,2026-04-12
ACC1103,Bulk_Upload,62,2026-04-28
ACC1068,Bulk_Upload,34,2026-05-01
ACC1444,Team_Collab,18,2026-05-03
ACC1402,Bulk_Upload,94,2026-04-22
ACC1031,Dashboard,55,2026-05-04
ACC1281,Dashboard,84,2026-04-16
ACC1188,Report_Gen,8,2026-04-10
ACC1263,Team_Collab,83,2026-04-18
ACC1489,Report_Gen,35,2026-05-04
ACC1090,Team_Collab,31,2026-04-22
ACC1153,Report_Gen,34,2026-04-30
ACC1434,API_Access,3,2026-05-03
ACC1044,Team_Collab,85,2026-05-01
ACC1059,Report_Gen,95,2026-04-15
ACC1165,Report_Gen,94,2026-04-22
ACC1089,Team_Collab,98,2026-04-18
ACC1173,Report_Gen,87,2026-04-29
ACC1222,Bulk_Upload,96,2026-04-06
ACC1232,Report_Gen,15,2026-04-24
ACC1391,Report_Gen,93,2026-04-18
ACC1284,API_Access,80,2026-05-05
ACC1441,Bulk_Upload,39,2026-04-30
ACC1198,API_Access,65,2026-04-22
ACC1282,Report_Gen,45,2026-04-12
ACC1416,Report_Gen,7,2026-04-07
ACC1419,Report_Gen,95,2026-04-09
ACC1412,Team_Collab,89,2026-04-17
ACC1206,Report_Gen,68,2026-04-10
ACC1421,Bulk_Upload,65,2026-04-18
ACC1333,Dashboard,40,2026-04-18
ACC1408,Dashboard,84,2026-04-12
ACC1481,API_Access,79,2026-04-10
ACC1439,Dashboard,41,2026-05-01
ACC1437,Bulk_Upload,64,2026-04-12
ACC1459,Bulk_Upload,74,2026-04-23
ACC1420,Report_Gen,68,2026-05-02
ACC1406,Team_Collab,71,2026-04-24
ACC1250,Dashboard,92,2026-04-12
ACC1381,API_Access,63,2026-04-07
ACC1123,Report_Gen,86,2026-04-14
ACC1224,Report_Gen,13,2026-04-08
ACC1431,Team_Collab,40,2026-04-15
ACC1331,API_Access,11,2026-04-16
ACC1364,Team_Collab,67,2026-04-18
ACC1120,Report_Gen,21,2026-04-24
ACC1012,API_Access,100,2026-04-15
ACC1044,API_Access,51,2026-04-07
ACC1229,Report_Gen,28,2026-04-09
ACC1476,Report_Gen,13,2026-05-01
ACC1130,Team_Collab,18,2026-04-13
ACC1015,Bulk_Upload,52,2026-04-19
ACC1124,Dashboard,51,2026-05-03
ACC1410,Report_Gen,25,2026-04-21
ACC1232,API_Access,51,2026-04-07
ACC1142,Dashboard,8,2026-04-19
ACC1464,Dashboard,6,2026-04-18
ACC1431,API_Access,4,2026-04-22
ACC1410,API_Access,81,2026-04-12
ACC1068,Report_Gen,49,2026-04-27
ACC1398,Bulk_Upload,66,2026-05-04
ACC1205,API_Access,24,2026-04-19
ACC1280,Team_Collab,5,2026-04-23
ACC1064,Dashboard,74,2026-05-01
ACC1291,API_Access,87,2026-04-06
ACC1133,Report_Gen,16,2026-05-04
ACC1147,Team_Collab,70,2026-04-16
ACC1410,Dashboard,45,2026-04-25
ACC1494,Dashboard,26,2026-04-14
ACC1449,Team_Collab,58,2026-05-02
ACC1307,Dashboard,64,2026-04-23
ACC1108,Report_Gen,73,2026-04-29
ACC1315,Team_Collab,35,2026-04-27
ACC1328,Team_Collab,35,2026-04-27
ACC1308,API_Access,12,2026-04-22
ACC1255,Report_Gen,48,2026-04-20
ACC1224,Team_Collab,21,2026-04-17
ACC1154,API_Access,25,2026-04-27
ACC1320,Team_Collab,12,2026-05-05
ACC1222,Team_Collab,39,2026-04-21
ACC1111,API_Access,34,2026-04-30
ACC1327,Team_Collab,35,2026-04-27
ACC1318,Dashboard,13,2026-04-28
ACC1253,Team_Collab,20,2026-04-06
ACC1364,API_Access,9,2026-05-04
ACC1445,API_Access,28,2026-04-28
ACC1006,Report_Gen,83,2026-04-19
ACC1411,Bulk_Upload,6,2026-04-25
ACC1250,Report_Gen,34,2026-04-26
ACC1012,Report_Gen,100,2026-04-26
ACC1100,Bulk_Upload,80,2026-04-29
ACC1037,Team_Collab,96,2026-04-28
ACC1436,API_Access,54,2026-05-03
ACC1081,Team_Collab,2,2026-04-28
ACC1023,API_Access,84,2026-04-26
ACC1332,Bulk_Upload,20,2026-04-23
ACC1228,API_Access,83,2026-04-18
ACC1029,API_Access,70,2026-04-13
ACC1119,Dashboard,67,2026-05-02
ACC1221,API_Access,56,2026-04-12
ACC1427,Bulk_Upload,30,2026-04-25
ACC1183,Team_Collab,36,2026-04-06
ACC1298,Dashboard,45,2026-04-27
ACC1088,Team_Collab,91,2026-04-24
ACC1264,Bulk_Upload,24,2026-04-26
ACC1146,Team_Collab,13,2026-04-18
ACC1378,Bulk_Upload,92,2026-04-30
ACC1447,Report_Gen,3,2026-04-30
ACC1133,Team_Collab,32,2026-04-20
ACC1137,Report_Gen,83,2026-04-30
ACC1134,Report_Gen,32,2026-05-04
ACC1473,Team_Collab,64,2026-04-08
ACC1497,Dashboard,60,2026-05-04
ACC1152,API_Access,49,2026-05-02
ACC1011,API_Access,78,2026-04-20
ACC1006,Report_Gen,19,2026-05-01
ACC1104,Report_Gen,43,2026-04-15
ACC1123,Bulk_Upload,93,2026-04-26
ACC1272,Dashboard,83,2026-04-22
ACC1258,Dashboard,74,2026-04-24
ACC1086,Bulk_Upload,60,2026-04-13
ACC1368,Team_Collab,8,2026-04-08
ACC1020,Dashboard,58,2026-05-04
ACC1446,API_Access,78,2026-04-17
ACC1228,Team_Collab,61,2026-05-02
ACC1036,API_Access,53,2026-04-11
ACC1005,Team_Collab,7,2026-04-25
ACC1294,Team_Collab,17,2026-05-03
ACC1196,Team_Collab,52,2026-04-09
ACC1362,Bulk_Upload,75,2026-05-05
ACC1411,Bulk_Upload,33,2026-05-02
ACC1304,Report_Gen,21,2026-04-08
ACC1022,Team_Collab,86,2026-04-28
ACC1199,Dashboard,44,2026-04-28
ACC1203,Dashboard,54,2026-05-02
ACC1293,Bulk_Upload,25,2026-04-21
ACC1407,Team_Collab,47,2026-04-16
ACC1417,Bulk_Upload,13,2026-04-15
ACC1454,Dashboard,26,2026-04-22
ACC1424,Bulk_Upload,34,2026-05-02
ACC1157,Dashboard,65,2026-04-13
ACC1194,Bulk_Upload,93,2026-05-03
ACC1326,Dashboard,29,2026-04-22
ACC1004,Report_Gen,29,2026-04-30
ACC1349,Team_Collab,16,2026-04-28
ACC1392,Bulk_Upload,55,2026-04-13
ACC1103,Team_Collab,27,2026-04-07
ACC1351,Report_Gen,81,2026-04-23
ACC1174,Team_Collab,72,2026-04-22
ACC1368,Bulk_Upload,69,2026-04-10
ACC1364,API_Access,36,2026-04-24
ACC1318,Bulk_Upload,32,2026-04-11
ACC1330,Dashboard,88,2026-04-25
ACC1452,Report_Gen,68,2026-04-11
ACC1387,Bulk_Upload,80,2026-04-07
ACC1302,Team_Collab,58,2026-04-08
ACC1304,Bulk_Upload,44,2026-04-27
ACC1362,Team_Collab,78,2026-04-12
ACC1304,Team_Collab,16,2026-05-01
ACC1037,API_Access,62,2026-05-03
ACC1449,Team_Collab,2,2026-04-07
ACC1222,Team_Collab,62,2026-04-14
ACC1492,Report_Gen,56,2026-04-06
ACC1338,Report_Gen,87,2026-04-08
ACC1451,Bulk_Upload,38,2026-04-25
ACC1331,Report_Gen,96,2026-04-06
ACC1279,API_Access,63,2026-05-04
ACC1206,Report_Gen,33,2026-04-30
ACC1142,API_Access,91,2026-04-25
ACC1228,API_Access,82,2026-04-14
ACC1013,Team_Collab,49,2026-04-21
ACC1181,Report_Gen,45,2026-04-15
ACC1206,API_Access,66,2026-04-15
ACC1433,Team_Collab,97,2026-04-24
ACC1312,Team_Collab,25,2026-04-16
ACC1049,Team_Collab,90,2026-04-13
ACC1293,Team_Collab,6,2026-04-09
ACC1014,Dashboard,52,2026-04-24
ACC1263,API_Access,89,2026-04-09
ACC1058,Team_Collab,30,2026-04-16
ACC1224,Dashboard,35,2026-04-25
ACC1146,Bulk_Upload,71,2026-04-07
ACC1016,Dashboard,74,2026-05-04
ACC1495,Dashboard,29,2026-04-21
ACC1452,Dashboard,67,2026-04-21
ACC1078,API_Access,51,2026-05-04
ACC1408,Dashboard,94,2026-05-03
ACC1311,Dashboard,70,2026-04-23
ACC1141,Dashboard,11,2026-04-27
ACC1263,Bulk_Upload,88,2026-05-04
ACC1472,Team_Collab,9,2026-04-16
ACC1165,Report_Gen,83,2026-05-01
ACC1437,API_Access,90,2026-04-09
ACC1320,Dashboard,79,2026-04-21
ACC1443,Bulk_Upload,30,2026-04-30
ACC1479,API_Access,46,2026-04-30
ACC1340,Bulk_Upload,12,2026-04-11
ACC1456,Report_Gen,79,2026-04-16
ACC1206,Bulk_Upload,68,2026-04-30
ACC1178,API_Access,97,2026-04-06
ACC1358,API_Access,91,2026-04-30
ACC1164,API_Access,38,2026-04-14
ACC1148,Report_Gen,91,2026-04-22
ACC1073,API_Access,5,2026-04-09
ACC1208,Bulk_Upload,76,2026-04-07
ACC1239,Report_Gen,2,2026-05-04
ACC1233,Report_Gen,58,2026-04-18
ACC1395,Report_Gen,16,2026-04-25
ACC1312,Report_Gen,60,2026-04-09
ACC1173,Bulk_Upload,94,2026-04-17
ACC1310,Team_Collab,27,2026-04-21
ACC1116,Bulk_Upload,43,2026-05-04
ACC1022,API_Access,65,2026-05-05
ACC1291,Team_Collab,15,2026-04-09
ACC1386,Dashboard,3,2026-04-28
ACC1017,Team_Collab,85,2026-04-11
ACC1111,API_Access,31,2026-04-27
ACC1438,Dashboard,12,2026-04-15
ACC1255,API_Access,34,2026-04-22
ACC1003,Dashboard,27,2026-04-29
ACC1321,Dashboard,18,2026-04-16
ACC1202,Report_Gen,73,2026-04-29
ACC1045,Team_Collab,26,2026-04-19
ACC1280,Report_Gen,43,2026-04-25
ACC1092,Report_Gen,29,2026-04-06
ACC1413,Bulk_Upload,91,2026-04-16
ACC1328,Dashboard,65,2026-04-28
ACC1272,Report_Gen,12,2026-04-26
ACC1356,Bulk_Upload,39,2026-04-29
ACC1418,Report_Gen,40,2026-04-26
ACC1324,Dashboard,78,2026-04-20
ACC1481,Dashboard,9,2026-04-09
ACC1024,API_Access,33,2026-05-05
ACC1034,Team_Collab,20,2026-04-28
ACC1251,API_Access,92,2026-04-12
ACC1236,Report_Gen,48,2026-04-12
ACC1079,Report_Gen,90,2026-04-12
ACC1072,Bulk_Upload,91,2026-04-08
ACC1308,Bulk_Upload,29,2026-04-07
ACC1320,Bulk_Upload,91,2026-04-06
ACC1495,Bulk_Upload,98,2026-04-14
ACC1082,Report_Gen,43,2026-04-13
ACC1241,Bulk_Upload,98,2026-05-01
ACC1302,Bulk_Upload,43,2026-04-20
ACC1154,Report_Gen,23,2026-05-02
ACC1475,Team_Collab,99,2026-04-19
ACC1203,Bulk_Upload,17,2026-04-22
ACC1117,Report_Gen,6,2026-04-08
ACC1493,API_Access,96,2026-04-19
ACC1491,Bulk_Upload,9,2026-04-19
ACC1138,Bulk_Upload,98,2026-04-20
ACC1177,API_Access,55,2026-04-09
ACC1288,Dashboard,87,2026-04-27
ACC1160,Team_Collab,18,2026-04-23
ACC1494,Dashboard,92,2026-04-19
ACC1349,API_Access,98,2026-05-05
ACC1020,Dashboard,24,2026-04-17
ACC1350,Team_Collab,8,2026-05-05
ACC1310,Dashboard,79,2026-04-28
ACC1006,Dashboard,90,2026-04-26
ACC1051,API_Access,5,2026-04-08
ACC1306,Team_Collab,45,2026-04-26
ACC1053,Dashboard,21,2026-04-24
ACC1090,Report_Gen,71,2026-04-24
ACC1437,Team_Collab,87,2026-04-09
ACC1159,Team_Collab,3,2026-04-22
ACC1326,Report_Gen,1,2026-04-07
ACC1058,Dashboard,53,2026-05-02
ACC1041,Bulk_Upload,65,2026-04-08
ACC1117,Report_Gen,47,2026-04-08
ACC1247,Report_Gen,20,2026-05-05
ACC1114,Team_Collab,83,2026-04-13
ACC1445,Bulk_Upload,37,2026-04-18
ACC1065,Bulk_Upload,50,2026-05-01
ACC1490,Report_Gen,15,2026-04-16
ACC1105,Team_Collab,64,2026-04-19
ACC1030,API_Access,66,2026-04-21
ACC1049,API_Access,87,2026-04-22
ACC1186,Report_Gen,96,2026-04-26
ACC1283,Dashboard,50,2026-04-16
ACC1272,Bulk_Upload,88,2026-04-20
ACC1015,API_Access,96,2026-04-16
ACC1427,Report_Gen,93,2026-04-27
ACC1075,Report_Gen,10,2026-04-29
ACC1109,Dashboard,46,2026-04-24
ACC1338,Bulk_Upload,19,2026-04-18
ACC1122,API_Access,73,2026-04-22
ACC1126,Team_Collab,92,2026-04-14
ACC1321,Bulk_Upload,100,2026-04-29
ACC1368,API_Access,94,2026-04-19
ACC1422,Team_Collab,60,2026-04-15
ACC1039,Bulk_Upload,27,2026-04-26
ACC1190,Team_Collab,64,2026-05-05
ACC1093,Report_Gen,52,2026-05-02
ACC1031,Bulk_Upload,38,2026-04-30
ACC1471,Bulk_Upload,41,2026-04-22
ACC1026,Dashboard,96,2026-04-22
ACC1014,Bulk_Upload,65,2026-04-13
ACC1357,Report_Gen,10,2026-05-02
ACC1015,Dashboard,42,2026-04-30
ACC1031,API_Access,35,2026-05-04
ACC1233,Dashboard,37,2026-04-07
ACC1232,API_Access,33,2026-04-16
ACC1169,API_Access,36,2026-04-16
ACC1218,Team_Collab,58,2026-05-04
ACC1055,Team_Collab,85,2026-04-23
ACC1326,Bulk_Upload,54,2026-04-09
ACC1350,Dashboard,26,2026-05-04
ACC1253,API_Access,19,2026-04-15
ACC1399,API_Access,55,2026-04-06
ACC1372,API_Access,83,2026-04-14
ACC1236,API_Access,28,2026-04-27
ACC1476,Dashboard,53,2026-04-16
ACC1354,Team_Collab,80,2026-04-17
ACC1218,Team_Collab,70,2026-04-28
ACC1020,Dashboard,34,2026-05-03
ACC1039,Bulk_Upload,87,2026-04-07
ACC1084,Dashboard,9,2026-04-09
ACC1274,API_Access,72,2026-04-26
ACC1315,API_Access,80,2026-04-15
ACC1479,API_Access,88,2026-04-14
ACC1410,Bulk_Upload,64,2026-04-11
ACC1229,API_Access,91,2026-04-11
ACC1000,Bulk_Upload,50,2026-04-22
ACC1215,Bulk_Upload,63,2026-04-30
ACC1351,API_Access,28,2026-04-30
ACC1249,Bulk_Upload,42,2026-04-18
ACC1010,Bulk_Upload,54,2026-04-19
ACC1138,API_Access,74,2026-05-02
ACC1321,Team_Collab,50,2026-04-22
ACC1201,API_Access,79,2026-04-15
ACC1030,Dashboard,19,2026-04-25
ACC1253,Report_Gen,65,2026-04-22
ACC1468,Dashboard,67,2026-04-23
ACC1198,API_Access,80,2026-04-24
ACC1202,Dashboard,56,2026-04-09
ACC1201,Dashboard,8,2026-04-17
ACC1355,Bulk_Upload,81,2026-04-19
ACC1359,Team_Collab,54,2026-05-01
ACC1240,Report_Gen,80,2026-04-22
ACC1362,Team_Collab,74,2026-04-12
ACC1307,Dashboard,54,2026-04-23
ACC1278,Dashboard,22,2026-04-22
ACC1056,Team_Collab,65,2026-04-15
ACC1007,API_Access,38,2026-04-12
ACC1391,Report_Gen,86,2026-04-28
ACC1241,API_Access,19,2026-04-15
ACC1246,Dashboard,48,2026-05-01
ACC1327,Team_Collab,66,2026-04-21
ACC1086,Report_Gen,23,2026-04-16
ACC1211,Dashboard,21,2026-04-24
ACC1322,Team_Collab,60,2026-04-19
ACC1186,Team_Collab,50,2026-04-14
ACC1432,Dashboard,5,2026-04-07
ACC1067,Bulk_Upload,27,2026-05-02
ACC1045,API_Access,46,2026-04-15
ACC1312,Dashboard,74,2026-04-17
ACC1152,Team_Collab,46,2026-04-20
ACC1061,API_Access,30,2026-04-17
ACC1164,API_Access,88,2026-04-29
ACC1328,Dashboard,16,2026-04-07
ACC1441,Report_Gen,40,2026-04-21
ACC1336,Bulk_Upload,55,2026-04-06
ACC1453,Report_Gen,50,2026-04-18
ACC1057,Dashboard,72,2026-04-15
ACC1420,Bulk_Upload,57,2026-05-01
ACC1433,Bulk_Upload,91,2026-04-19
ACC1112,Team_Collab,6,2026-04-13
ACC1046,Report_Gen,37,2026-04-26
ACC1417,Report_Gen,6,2026-04-18
ACC1389,Team_Collab,56,2026-04-26
ACC1097,Report_Gen,65,2026-04-23
ACC1262,Report_Gen,55,2026-04-23
ACC1060,Team_Collab,97,2026-04-25
ACC1146,API_Access,19,2026-04-19
ACC1259,Bulk_Upload,52,2026-04-09
ACC1467,API_Access,26,2026-04-14
ACC1012,Bulk_Upload,77,2026-04-17
ACC1130,API_Access,29,2026-04-24
ACC1164,Team_Collab,73,2026-04-15
ACC1439,API_Access,74,2026-04-21
ACC1075,Team_Collab,80,2026-04-07
ACC1188,Team_Collab,62,2026-04-06
ACC1231,Dashboard,38,2026-04-07
ACC1426,Report_Gen,62,2026-05-01
ACC1008,Bulk_Upload,74,2026-04-19
ACC1328,API_Access,90,2026-04-06
ACC1315,API_Access,5,2026-04-07
ACC1178,API_Access,39,2026-04-30
ACC1085,Team_Collab,59,2026-04-20
ACC1112,API_Access,57,2026-04-14
ACC1360,Dashboard,52,2026-04-14
ACC1440,API_Access,54,2026-04-21
ACC1001,Team_Collab,45,2026-04-14
ACC1296,Bulk_Upload,28,2026-04-20
ACC1159,Report_Gen,63,2026-04-25
ACC1153,Team_Collab,57,2026-04-15
ACC1054,Team_Collab,21,2026-04-29
ACC1224,API_Access,25,2026-04-26
ACC1105,Report_Gen,90,2026-04-14
ACC1341,Bulk_Upload,21,2026-04-22
ACC1052,Report_Gen,31,2026-04-15
ACC1035,Dashboard,62,2026-04-16
ACC1464,Dashboard,22,2026-05-02
ACC1098,Bulk_Upload,58,2026-04-13
ACC1468,Dashboard,2,2026-04-29
ACC1373,Team_Collab,80,2026-05-01
ACC1139,Team_Collab,31,2026-04-12
ACC1296,Bulk_Upload,77,2026-04-25
ACC1081,Dashboard,73,2026-04-09
ACC1493,Bulk_Upload,1,2026-05-01
ACC1035,Dashboard,6,2026-04-07
ACC1291,Report_Gen,72,2026-04-29
ACC1218,Bulk_Upload,73,2026-04-13
ACC1181,Bulk_Upload,41,2026-05-01
ACC1104,Bulk_Upload,2,2026-04-24
ACC1000,Team_Collab,62,2026-04-29
ACC1094,Bulk_Upload,38,2026-04-11
ACC1458,API_Access,95,2026-04-17
ACC1086,Team_Collab,71,2026-04-20
ACC1067,API_Access,67,2026-05-02
ACC1092,Dashboard,99,2026-04-18
ACC1421,Bulk_Upload,78,2026-04-26
ACC1261,Bulk_Upload,83,2026-04-29
ACC1136,API_Access,34,2026-04-07
ACC1297,API_Access,61,2026-04-23
ACC1490,Report_Gen,48,2026-04-29
ACC1186,Report_Gen,15,2026-04-24
ACC1253,Team_Collab,60,2026-04-25
ACC1052,API_Access,67,2026-04-19
ACC1351,Report_Gen,11,2026-04-26
ACC1396,Dashboard,17,2026-04-30
ACC1280,Team_Collab,81,2026-04-13
ACC1315,API_Access,85,2026-04-07
ACC1182,Dashboard,5,2026-05-02
ACC1023,Dashboard,19,2026-05-02
ACC1426,API_Access,100,2026-04-10
ACC1163,Bulk_Upload,71,2026-04-29
ACC1388,API_Access,46,2026-04-30
ACC1409,Report_Gen,79,2026-04-13
ACC1396,Bulk_Upload,48,2026-04-18
ACC1156,Dashboard,6,2026-05-01
ACC1401,Bulk_Upload,48,2026-04-27
ACC1269,Dashboard,76,2026-04-16
ACC1318,API_Access,68,2026-04-22
ACC1259,Dashboard,25,2026-04-19
ACC1275,API_Access,47,2026-04-17
ACC1116,Dashboard,72,2026-04-16
ACC1058,Report_Gen,37,2026-04-15
ACC1018,Dashboard,78,2026-04-18
ACC1359,API_Access,86,2026-04-25
ACC1031,Team_Collab,69,2026-04-09
ACC1229,Dashboard,79,2026-04-16
ACC1451,Report_Gen,41,2026-05-02
ACC1019,Team_Collab,93,2026-04-11
ACC1159,Report_Gen,62,2026-05-01
ACC1179,API_Access,14,2026-04-13
ACC1177,Bulk_Upload,13,2026-05-01
ACC1124,Report_Gen,54,2026-04-28
ACC1235,API_Access,89,2026-05-04
ACC1287,Dashboard,20,2026-04-27
ACC1454,API_Access,14,2026-04-23
ACC1360,Team_Collab,12,2026-04-15
ACC1419,Bulk_Upload,18,2026-04-29
ACC1128,Dashboard,24,2026-04-25
ACC1341,Report_Gen,14,2026-05-03
ACC1351,Dashboard,60,2026-04-16
ACC1092,Bulk_Upload,66,2026-04-08
ACC1081,Report_Gen,50,2026-05-05
ACC1009,Team_Collab,95,2026-05-02
ACC1405,Bulk_Upload,76,2026-04-28
ACC1334,API_Access,24,2026-04-28
ACC1425,Team_Collab,81,2026-05-02
ACC1116,Team_Collab,99,2026-04-11
ACC1045,Report_Gen,12,2026-04-22
ACC1129,Dashboard,35,2026-04-19
ACC1489,Dashboard,84,2026-04-22
ACC1124,Team_Collab,66,2026-04-15
ACC1129,Team_Collab,90,2026-04-15
ACC1185,Bulk_Upload,4,2026-04-07
ACC1418,Report_Gen,84,2026-04-22
ACC1214,Bulk_Upload,66,2026-04-17
ACC1169,Report_Gen,22,2026-04-09
ACC1259,Dashboard,97,2026-04-22
ACC1377,API_Access,65,2026-04-24
ACC1283,Report_Gen,73,2026-04-17
ACC1371,API_Access,45,2026-04-25
ACC1020,Report_Gen,46,2026-04-16
ACC1083,API_Access,86,2026-04-07
ACC1383,Bulk_Upload,22,2026-04-11
ACC1451,Dashboard,62,2026-05-02
ACC1343,Report_Gen,84,2026-04-16
ACC1191,API_Access,52,2026-04-21
ACC1418,API_Access,47,2026-04-25
ACC1084,Team_Collab,44,2026-04-21
ACC1129,Report_Gen,18,2026-04-07
ACC1319,API_Access,60,2026-04-28
ACC1011,Report_Gen,74,2026-05-02
ACC1408,Bulk_Upload,98,2026-04-22
ACC1415,Report_Gen,34,2026-05-05
ACC1289,Bulk_Upload,18,2026-04-24
ACC1372,Bulk_Upload,68,2026-04-08
ACC1043,Team_Collab,17,2026-04-22
ACC1303,Dashboard,75,2026-04-25
ACC1274,Dashboard,48,2026-04-26
ACC1146,API_Access,46,2026-04-25
ACC1179,Report_Gen,79,2026-04-16
ACC1164,Report_Gen,34,2026-04-19
ACC1415,API_Access,87,2026-04-16
ACC1397,Team_Collab,61,2026-04-15
ACC1165,Team_Collab,36,2026-05-02
ACC1039,Dashboard,23,2026-04-22
ACC1197,API_Access,88,2026-04-26
ACC1235,Bulk_Upload,38,2026-04-29
ACC1151,Bulk_Upload,90,2026-05-01
ACC1302,Dashboard,70,2026-05-04
ACC1022,API_Access,18,2026-04-24
ACC1267,Dashboard,100,2026-04-17
ACC1286,Dashboard,87,2026-04-20
ACC1489,Report_Gen,67,2026-04-09
ACC1085,Report_Gen,65,2026-04-30
ACC1477,Bulk_Upload,33,2026-04-30
ACC1314,Bulk_Upload,12,2026-04-25
ACC1023,Report_Gen,25,2026-05-03
ACC1214,Team_Collab,67,2026-05-01
ACC1398,Team_Collab,68,2026-04-29
ACC1002,Team_Collab,43,2026-04-21
ACC1336,Team_Collab,31,2026-05-03
ACC1145,API_Access,48,2026-04-14
ACC1020,Dashboard,50,2026-04-22
ACC1459,API_Access,98,2026-04-16
ACC1490,API_Access,64,2026-04-10
ACC1011,Team_Collab,43,2026-04-11
ACC1439,Team_Collab,90,2026-04-25
ACC1208,Team_Collab,87,2026-04-08
ACC1026,Dashboard,99,2026-05-03
ACC1426,API_Access,56,2026-04-18
ACC1388,Report_Gen,96,2026-04-27
ACC1359,Bulk_Upload,45,2026-04-26
ACC1302,Dashboard,11,2026-04-09
ACC1401,API_Access,2,2026-04-30
ACC1197,Bulk_Upload,53,2026-04-17
ACC1039,Dashboard,72,2026-04-15
ACC1215,Report_Gen,67,2026-04-09
ACC1430,Team_Collab,85,2026-04-13
ACC1077,API_Access,75,2026-05-05
ACC1029,Report_Gen,74,2026-05-05
ACC1117,Team_Collab,92,2026-05-05
ACC1212,Dashboard,39,2026-04-06
ACC1481,API_Access,2,2026-04-26
ACC1016,Dashboard,73,2026-04-16
ACC1006,Bulk_Upload,50,2026-04-23
ACC1224,Team_Collab,11,2026-04-26
ACC1202,Dashboard,100,2026-05-04
ACC1036,Dashboard,35,2026-04-06
ACC1279,API_Access,48,2026-05-03
ACC1495,Dashboard,95,2026-04-10
ACC1239,Team_Collab,83,2026-04-10
ACC1061,Dashboard,12,2026-05-03
ACC1193,API_Access,17,2026-04-12
ACC1491,Bulk_Upload,92,2026-04-23
ACC1190,Dashboard,66,2026-04-23
ACC1489,Report_Gen,82,2026-04-25
ACC1053,Dashboard,35,2026-04-09
ACC1099,Report_Gen,30,2026-04-07
ACC1312,API_Access,100,2026-04-09
ACC1013,Report_Gen,14,2026-05-01
ACC1046,Bulk_Upload,47,2026-04-25
ACC1069,Team_Collab,44,2026-04-08
ACC1076,Team_Collab,95,2026-04-13
ACC1130,Dashboard,14,2026-04-10
ACC1171,Bulk_Upload,47,2026-04-21
ACC1029,API_Access,5,2026-04-10
ACC1330,API_Access,73,2026-04-28
ACC1088,Report_Gen,23,2026-04-12
ACC1337,Report_Gen,19,2026-04-26
ACC1213,API_Access,70,2026-04-13
ACC1056,Dashboard,15,2026-04-26
ACC1201,API_Access,51,2026-04-20
ACC1443,Team_Collab,22,2026-05-04
ACC1452,API_Access,8,2026-04-30
ACC1144,Team_Collab,47,2026-04-22
ACC1063,Dashboard,96,2026-04-14
ACC1106,Report_Gen,40,2026-04-16
ACC1458,Report_Gen,61,2026-04-18
ACC1069,Team_Collab,66,2026-04-21
ACC1386,Bulk_Upload,97,2026-04-23
ACC1367,Dashboard,79,2026-04-07
ACC1276,Bulk_Upload,46,2026-04-24
ACC1302,Team_Collab,93,2026-04-12
ACC1109,Report_Gen,56,2026-04-08
ACC1331,Report_Gen,93,2026-04-13
ACC1258,Dashboard,56,2026-04-25
ACC1018,Team_Collab,63,2026-04-27
ACC1365,Dashboard,53,2026-05-01
ACC1174,Report_Gen,39,2026-04-12
ACC1446,Dashboard,54,2026-05-04
ACC1419,API_Access,41,2026-04-14
ACC1202,API_Access,69,2026-04-25
ACC1323,API_Access,98,2026-04-18
ACC1349,Report_Gen,3,2026-05-05
ACC1297,Dashboard,19,2026-05-01
ACC1418,API_Access,57,2026-04-07
ACC1334,Report_Gen,65,2026-05-01
ACC1244,Dashboard,44,2026-04-20
ACC1209,Bulk_Upload,77,2026-04-28
ACC1199,Report_Gen,21,2026-04-15
ACC1294,Team_Collab,46,2026-04-13
ACC1186,API_Access,70,2026-04-06
ACC1378,Report_Gen,54,2026-04-25
ACC1300,API_Access,76,2026-05-05
ACC1458,Report_Gen,66,2026-04-12
ACC1486,API_Access,67,2026-04-28
ACC1170,Report_Gen,98,2026-04-24
ACC1143,Bulk_Upload,82,2026-04-09
ACC1287,Bulk_Upload,13,2026-04-20
ACC1190,Dashboard,20,2026-04-15
ACC1282,API_Access,63,2026-05-02
ACC1285,Dashboard,4,2026-04-11
ACC1119,Dashboard,50,2026-05-04
ACC1207,Bulk_Upload,49,2026-04-11
ACC1215,Dashboard,3,2026-04-09
ACC1280,Team_Collab,64,2026-04-07
ACC1322,Dashboard,4,2026-05-04
ACC1183,Bulk_Upload,91,2026-04-14
ACC1050,Dashboard,37,2026-04-13
ACC1257,Team_Collab,27,2026-04-28
ACC1108,API_Access,94,2026-04-08
ACC1057,API_Access,93,2026-04-18
ACC1249,Dashboard,36,2026-04-24
ACC1243,Dashboard,2,2026-04-25
ACC1132,Team_Collab,12,2026-04-19
ACC1386,API_Access,96,2026-04-27
ACC1248,Team_Collab,31,2026-04-13
ACC1464,Report_Gen,21,2026-04-29
ACC1368,Team_Collab,74,2026-04-24
ACC1151,Report_Gen,30,2026-04-20
ACC1067,Report_Gen,54,2026-05-05
ACC1323,Dashboard,56,2026-04-23
ACC1137,Team_Collab,45,2026-04-15
ACC1085,Bulk_Upload,49,2026-04-12
ACC1096,Team_Collab,55,2026-04-17
ACC1422,Team_Collab,67,2026-04-27
ACC1485,API_Access,32,2026-04-17
ACC1439,Report_Gen,98,2026-05-04
ACC1357,API_Access,63,2026-04-09
ACC1409,Report_Gen,87,2026-04-21
ACC1247,API_Access,50,2026-04-17
ACC1245,Team_Collab,49,2026-05-04
ACC1320,API_Access,95,2026-04-10
ACC1285,Dashboard,87,2026-04-06
ACC1367,Report_Gen,21,2026-04-28
ACC1253,Team_Collab,56,2026-05-01
ACC1195,API_Access,79,2026-04-09
ACC1352,API_Access,20,2026-04-06
ACC1492,Team_Collab,17,2026-04-22
ACC1269,Team_Collab,98,2026-05-02
ACC1479,Bulk_Upload,46,2026-05-05
ACC1005,Dashboard,55,2026-04-22
ACC1327,Bulk_Upload,55,2026-04-08
ACC1041,Report_Gen,44,2026-04-07
ACC1096,Team_Collab,91,2026-04-15
ACC1012,API_Access,77,2026-04-13
ACC1154,Dashboard,32,2026-05-05
ACC1091,API_Access,86,2026-05-04
ACC1177,Bulk_Upload,44,2026-04-29
ACC1322,Bulk_Upload,2,2026-05-05
ACC1309,Bulk_Upload,58,2026-04-26
ACC1449,Report_Gen,83,2026-04-29
ACC1482,API_Access,29,2026-04-11
ACC1486,Bulk_Upload,83,2026-04-13
ACC1123,Dashboard,58,2026-04-28
ACC1257,Report_Gen,60,2026-04-16
ACC1082,Dashboard,59,2026-04-23
ACC1448,Team_Collab,34,2026-05-03
ACC1089,Team_Collab,11,2026-04-13
ACC1393,Bulk_Upload,47,2026-05-02
ACC1205,Bulk_Upload,79,2026-04-26
ACC1415,Report_Gen,14,2026-04-15
ACC1389,Report_Gen,78,2026-04-17
ACC1343,Bulk_Upload,6,2026-04-19
ACC1120,Team_Collab,64,2026-04-17
ACC1292,Dashboard,38,2026-04-12
ACC1368,API_Access,13,2026-04-17
ACC1260,API_Access,11,2026-04-27
ACC1284,API_Access,73,2026-04-30
ACC1102,API_Access,62,2026-04-29
ACC1302,Team_Collab,57,2026-04-23
ACC1387,API_Access,79,2026-04-12
ACC1226,Report_Gen,81,2026-04-24
ACC1358,Team_Collab,17,2026-04-22
ACC1097,Report_Gen,86,2026-04-09
ACC1327,API_Access,50,2026-05-05
ACC1063,Bulk_Upload,10,2026-04-20
ACC1209,API_Access,53,2026-04-10
ACC1430,Bulk_Upload,49,2026-04-23
ACC1215,Team_Collab,53,2026-05-04
ACC1092,Bulk_Upload,13,2026-04-27
ACC1328,Report_Gen,22,2026-04-28
ACC1115,Bulk_Upload,1,2026-05-01
ACC1432,Dashboard,93,2026-04-27
ACC1399,Dashboard,100,2026-04-06
ACC1352,Report_Gen,53,2026-05-01
ACC1029,Report_Gen,96,2026-04-16
ACC1016,Bulk_Upload,26,2026-04-27
ACC1094,Bulk_Upload,84,2026-04-08
ACC1188,API_Access,21,2026-04-10
ACC1337,Dashboard,65,2026-04-15
ACC1163,API_Access,92,2026-04-30
ACC1037,Dashboard,73,2026-04-07
ACC1187,Bulk_Upload,20,2026-04-30
ACC1316,Bulk_Upload,99,2026-04-21
ACC1391,Dashboard,93,2026-05-02
ACC1013,Dashboard,57,2026-04-14
ACC1225,Team_Collab,46,2026-04-17
ACC1066,Bulk_Upload,32,2026-04-16
ACC1257,Dashboard,94,2026-04-26
ACC1140,Report_Gen,96,2026-04-22
ACC1149,Dashboard,73,2026-05-03
ACC1025,Bulk_Upload,50,2026-04-07
ACC1092,Dashboard,92,2026-04-29
ACC1433,Team_Collab,100,2026-04-22
ACC1070,Team_Collab,49,2026-04-15
ACC1428,Dashboard,26,2026-05-04
ACC1165,Team_Collab,6,2026-04-20
ACC1099,Dashboard,86,2026-04-18
ACC1262,Dashboard,75,2026-04-15
ACC1443,Team_Collab,86,2026-04-13
ACC1317,Report_Gen,29,2026-04-20
ACC1141,Dashboard,26,2026-04-07
ACC1295,Dashboard,42,2026-04-09
ACC1416,Bulk_Upload,48,2026-04-12
ACC1494,Team_Collab,62,2026-04-10
ACC1349,Dashboard,36,2026-04-29
ACC1336,API_Access,17,2026-04-18
ACC1041,Dashboard,97,2026-04-30
ACC1179,Report_Gen,30,2026-04-23
ACC1343,Dashboard,84,2026-04-27
ACC1167,Team_Collab,42,2026-04-19
ACC1459,Bulk_Upload,53,2026-04-07
ACC1350,Bulk_Upload,37,2026-04-06
ACC1424,Bulk_Upload,90,2026-04-10
ACC1218,Bulk_Upload,55,2026-05-01
ACC1347,Bulk_Upload,5,2026-04-20
ACC1381,API_Access,37,2026-05-03
ACC1005,API_Access,13,2026-05-05
ACC1125,Report_Gen,74,2026-04-27
ACC1287,Bulk_Upload,3,2026-04-10
ACC1214,Bulk_Upload,91,2026-04-25
ACC1379,Report_Gen,74,2026-04-30
ACC1337,Dashboard,43,2026-04-12
ACC1299,Bulk_Upload,7,2026-04-06
ACC1293,Bulk_Upload,11,2026-04-13
ACC1464,Bulk_Upload,85,2026-04-18
ACC1073,Dashboard,100,2026-04-12
ACC1053,Dashboard,7,2026-04-06
ACC1470,Report_Gen,92,2026-04-27
ACC1183,Team_Collab,11,2026-04-29
ACC1068,Dashboard,20,2026-04-24
ACC1150,Dashboard,21,2026-04-25
ACC1170,Dashboard,35,2026-05-04
ACC1345,Team_Collab,44,2026-05-01
ACC1293,Dashboard,99,2026-04-18
ACC1492,Dashboard,49,2026-04-28
ACC1244,Report_Gen,67,2026-04-06
ACC1333,API_Access,19,2026-04-14
ACC1243,Dashboard,27,2026-04-23
ACC1015,Bulk_Upload,40,2026-04-30
ACC1099,Report_Gen,73,2026-04-22
ACC1170,Bulk_Upload,92,2026-05-05
ACC1341,API_Access,74,2026-04-19
ACC1467,API_Access,89,2026-04-21
ACC1039,Team_Collab,34,2026-04-30
ACC1444,Team_Collab,8,2026-04-09
ACC1318,Bulk_Upload,80,2026-04-14
ACC1048,Dashboard,92,2026-04-14
ACC1166,Bulk_Upload,33,2026-04-15
ACC1020,Team_Collab,74,2026-04-21
ACC1407,Bulk_Upload,8,2026-04-09
ACC1412,Bulk_Upload,68,2026-05-04
ACC1384,API_Access,19,2026-04-09
ACC1334,API_Access,45,2026-04-19
ACC1384,Team_Collab,63,2026-04-22
ACC1250,Bulk_Upload,22,2026-04-08
ACC1366,Team_Collab,61,2026-04-25
ACC1218,Dashboard,16,2026-04-06
ACC1079,API_Access,95,2026-04-26
ACC1124,Report_Gen,25,2026-04-15
ACC1426,API_Access,92,2026-04-06
ACC1199,Team_Collab,78,2026-04-18
ACC1356,Report_Gen,97,2026-04-21
ACC1031,Dashboard,58,2026-05-01
ACC1430,Bulk_Upload,75,2026-04-13
ACC1414,Dashboard,51,2026-04-23
ACC1383,Team_Collab,93,2026-04-25
ACC1408,Bulk_Upload,40,2026-04-14
ACC1396,Bulk_Upload,87,2026-04-17
ACC1268,Dashboard,19,2026-04-08
ACC1342,Dashboard,28,2026-04-28
ACC1454,Bulk_Upload,33,2026-04-10
ACC1072,Team_Collab,83,2026-04-26
ACC1154,Report_Gen,13,2026-04-15
ACC1358,Report_Gen,9,2026-04-07
ACC1142,Report_Gen,48,2026-04-17
ACC1259,Bulk_Upload,40,2026-04-24
ACC1014,Report_Gen,81,2026-04-25
ACC1110,Dashboard,23,2026-04-24
ACC1189,Bulk_Upload,3,2026-05-01
ACC1017,Dashboard,67,2026-05-02
ACC1062,Report_Gen,6,2026-04-21
ACC1274,API_Access,25,2026-05-05
ACC1105,API_Access,86,2026-04-09
ACC1356,Team_Collab,64,2026-05-02
ACC1442,Report_Gen,93,2026-05-04
ACC1156,Team_Collab,72,2026-04-27
ACC1058,Bulk_Upload,28,2026-04-26
ACC1157,Dashboard,11,2026-04-23
ACC1255,Dashboard,43,2026-04-24
ACC1309,Team_Collab,25,2026-04-26
ACC1372,Team_Collab,68,2026-04-28
ACC1111,Bulk_Upload,80,2026-04-21
ACC1103,Report_Gen,70,2026-04-13
ACC1397,API_Access,59,2026-05-05
ACC1090,Bulk_Upload,39,2026-04-07
ACC1142,Dashboard,58,2026-04-30
ACC1041,Bulk_Upload,77,2026-04-24
ACC1307,Dashboard,27,2026-04-24
ACC1366,Dashboard,56,2026-04-11
ACC1443,Dashboard,22,2026-04-06
ACC1325,Bulk_Upload,25,2026-04-20
ACC1082,Dashboard,20,2026-04-30
ACC1302,Dashboard,86,2026-04-26
ACC1156,Report_Gen,100,2026-04-17
ACC1025,Team_Collab,65,2026-05-02
ACC1280,API_Access,15,2026-05-01
ACC1111,Report_Gen,87,2026-04-27
ACC1335,Report_Gen,43,2026-04-28
ACC1007,Team_Collab,8,2026-04-15
ACC1254,Dashboard,49,2026-04-16
ACC1346,Bulk_Upload,28,2026-04-30
ACC1496,Report_Gen,57,2026-04-07
ACC1039,Dashboard,1,2026-04-06
ACC1431,Dashboard,80,2026-04-19
ACC1268,Report_Gen,16,2026-04-27
ACC1340,Report_Gen,63,2026-04-17
ACC1331,API_Access,5,2026-04-29
ACC1330,Dashboard,90,2026-05-04
ACC1461,Dashboard,64,2026-04-17
ACC1474,Report_Gen,99,2026-04-09
ACC1073,Team_Collab,60,2026-04-26
ACC1237,Dashboard,58,2026-04-30
ACC1250,Dashboard,37,2026-04-27
ACC1447,API_Access,82,2026-04-14
ACC1498,Team_Collab,27,2026-05-03
ACC1397,Bulk_Upload,88,2026-04-14
ACC1042,Report_Gen,16,2026-04-16
ACC1362,Bulk_Upload,64,2026-04-10
ACC1196,Dashboard,61,2026-05-01
ACC1201,Report_Gen,66,2026-04-18
ACC1166,Report_Gen,51,2026-04-18
ACC1080,Report_Gen,64,2026-04-26
ACC1415,API_Access,90,2026-04-28
ACC1354,Report_Gen,80,2026-04-13
ACC1451,Dashboard,54,2026-04-17
ACC1394,Team_Collab,52,2026-04-14
ACC1343,Dashboard,52,2026-05-02
ACC1065,Bulk_Upload,15,2026-04-21
ACC1165,API_Access,43,2026-04-30
ACC1373,API_Access,42,2026-04-25
ACC1353,API_Access,20,2026-04-12
ACC1216,Team_Collab,70,2026-04-11
ACC1223,Bulk_Upload,28,2026-05-04
ACC1364,Bulk_Upload,5,2026-04-23
ACC1244,Report_Gen,30,2026-04-09
ACC1290,Report_Gen,93,2026-04-23
ACC1039,Bulk_Upload,81,2026-04-24
ACC1098,Bulk_Upload,86,2026-04-09
ACC1445,API_Access,82,2026-04-10
ACC1120,Team_Collab,93,2026-04-21
ACC1155,Team_Collab,30,2026-04-21
ACC1223,Bulk_Upload,47,2026-04-12
ACC1275,API_Access,3,2026-04-12
ACC1371,API_Access,52,2026-04-15
ACC1141,Bulk_Upload,100,2026-04-19
ACC1465,Team_Collab,68,2026-04-17
ACC1034,Report_Gen,50,2026-05-04
ACC1015,Report_Gen,11,2026-04-24
ACC1489,API_Access,78,2026-04-19
ACC1075,Report_Gen,62,2026-04-30
ACC1038,Report_Gen,50,2026-04-06
ACC1068,Report_Gen,63,2026-04-10
ACC1321,Report_Gen,96,2026-04-30
ACC1095,API_Access,72,2026-05-03
ACC1066,Team_Collab,100,2026-05-01
ACC1043,Report_Gen,63,2026-04-24
ACC1220,Bulk_Upload,38,2026-04-30
ACC1437,Dashboard,23,2026-04-27
ACC1086,Team_Collab,81,2026-04-15
ACC1117,Bulk_Upload,100,2026-04-06
ACC1363,Dashboard,24,2026-04-21
ACC1021,Team_Collab,99,2026-05-05
ACC1374,Bulk_Upload,62,2026-04-16
ACC1189,Team_Collab,97,2026-04-21
ACC1473,Dashboard,3,2026-04-09
ACC1277,Dashboard,56,2026-04-13
ACC1330,API_Access,34,2026-04-08
ACC1293,Team_Collab,25,2026-04-16
ACC1256,Dashboard,19,2026-04-28
ACC1137,Dashboard,67,2026-04-13
ACC1451,Dashboard,17,2026-05-02
ACC1373,Report_Gen,95,2026-04-17
ACC1011,Bulk_Upload,54,2026-04-24
ACC1051,API_Access,33,2026-04-19
ACC1096,Report_Gen,53,2026-04-13
ACC1215,API_Access,46,2026-04-27
ACC1335,API_Access,47,2026-04-25
ACC1325,Dashboard,51,2026-04-22
ACC1086,Team_Collab,53,2026-04-18
ACC1085,Report_Gen,9,2026-04-12
ACC1258,Team_Collab,37,2026-04-08
ACC1054,Report_Gen,74,2026-04-24
ACC1255,Bulk_Upload,27,2026-04-12
ACC1439,Team_Collab,9,2026-04-27
ACC1166,Bulk_Upload,15,2026-04-10
ACC1201,Report_Gen,7,2026-04-11
ACC1303,Report_Gen,12,2026-04-20
ACC1387,Report_Gen,74,2026-04-06
ACC1129,Report_Gen,75,2026-04-24
ACC1330,Bulk_Upload,84,2026-04-09
ACC1184,Bulk_Upload,53,2026-04-26
ACC1345,Team_Collab,57,2026-04-28
ACC1021,Dashboard,57,2026-04-30
ACC1483,Team_Collab,15,2026-04-22
ACC1399,API_Access,8,2026-04-06
ACC1141,Bulk_Upload,83,2026-04-15
ACC1253,API_Access,14,2026-04-21
ACC1241,Report_Gen,33,2026-04-06
ACC1073,API_Access,26,2026-04-16
ACC1466,Dashboard,4,2026-04-11
ACC1449,API_Access,93,2026-04-13
ACC1119,Report_Gen,2,2026-04-08
ACC1362,API_Access,39,2026-04-23
ACC1295,Team_Collab,12,2026-04-12
ACC1223,Team_Collab,30,2026-04-18
ACC1059,Report_Gen,23,2026-05-05
ACC1307,Bulk_Upload,99,2026-04-24
ACC1476,API_Access,57,2026-04-24
ACC1318,Dashboard,40,2026-05-01
ACC1228,API_Access,69,2026-04-21
ACC1290,API_Access,70,2026-04-19
ACC1337,API_Access,80,2026-05-04
ACC1242,Team_Collab,86,2026-04-08
ACC1069,Report_Gen,25,2026-04-17
ACC1312,Dashboard,67,2026-04-23
ACC1430,Report_Gen,46,2026-04-19
ACC1091,Dashboard,69,2026-04-18
ACC1004,Bulk_Upload,95,2026-04-22
ACC1390,Report_Gen,48,2026-04-18
ACC1227,Dashboard,19,2026-04-13
ACC1175,Bulk_Upload,11,2026-04-10
ACC1396,Report_Gen,97,2026-04-27
ACC1039,API_Access,23,2026-04-13
ACC1459,Team_Collab,70,2026-04-17
ACC1464,Team_Collab,58,2026-04-22
ACC1295,Report_Gen,32,2026-05-02
ACC1073,Bulk_Upload,82,2026-04-07
ACC1438,Dashboard,56,2026-05-04
ACC1124,Bulk_Upload,82,2026-04-08
ACC1055,Bulk_Upload,17,2026-04-14
ACC1288,API_Access,24,2026-05-01
ACC1071,Dashboard,93,2026-04-12
ACC1241,Bulk_Upload,53,2026-05-04
ACC1295,API_Access,84,2026-05-04
ACC1272,Dashboard,55,2026-04-23
ACC1347,Dashboard,23,2026-04-29
ACC1179,Bulk_Upload,98,2026-04-26
ACC1069,Dashboard,92,2026-04-19
ACC1068,API_Access,54,2026-04-08
ACC1439,API_Access,72,2026-04-13
ACC1212,Report_Gen,16,2026-04-25
ACC1370,API_Access,99,2026-04-29
ACC1192,Report_Gen,15,2026-04-20
ACC1155,Dashboard,89,2026-04-12
ACC1458,API_Access,60,2026-04-21
ACC1058,Team_Collab,50,2026-04-08
ACC1165,Bulk_Upload,62,2026-04-23
ACC1265,Report_Gen,91,2026-04-08
ACC1215,Team_Collab,24,2026-05-02
ACC1341,Dashboard,81,2026-04-30
ACC1113,Team_Collab,35,2026-05-01
ACC1114,Bulk_Upload,92,2026-04-22
ACC1242,Bulk_Upload,10,2026-04-12
ACC1394,Report_Gen,32,2026-04-07
ACC1279,Dashboard,73,2026-05-05
ACC1028,Report_Gen,21,2026-04-20
ACC1052,Team_Collab,45,2026-04-22
ACC1451,Dashboard,77,2026-05-03
ACC1483,Dashboard,7,2026-04-21
ACC1452,Bulk_Upload,9,2026-04-25
ACC1063,Dashboard,15,2026-05-02
ACC1430,Report_Gen,84,2026-04-08
ACC1331,API_Access,95,2026-05-05
ACC1268,Team_Collab,94,2026-04-30
ACC1118,Report_Gen,11,2026-05-04
ACC1327,Dashboard,6,2026-04-28
ACC1076,Report_Gen,68,2026-04-19
ACC1220,Team_Collab,52,2026-04-17
ACC1169,Team_Collab,92,2026-04-09
ACC1230,Bulk_Upload,26,2026-04-14
ACC1047,Dashboard,64,2026-05-05
ACC1145,Dashboard,17,2026-04-25
ACC1158,API_Access,28,2026-05-04
ACC1025,Dashboard,80,2026-04-14
ACC1157,Team_Collab,10,2026-05-04
ACC1334,Team_Collab,36,2026-04-08
ACC1315,Dashboard,56,2026-05-05
ACC1433,Report_Gen,26,2026-05-03
ACC1458,Team_Collab,16,2026-04-12
ACC1012,Team_Collab,43,2026-04-29
ACC1494,Bulk_Upload,18,2026-04-28
ACC1110,Team_Collab,100,2026-04-25
ACC1405,Team_Collab,18,2026-04-30
ACC1492,API_Access,31,2026-04-08
ACC1293,Report_Gen,89,2026-04-09
ACC1242,Bulk_Upload,94,2026-04-13
ACC1039,API_Access,8,2026-04-11
ACC1247,Bulk_Upload,61,2026-04-15
ACC1466,Bulk_Upload,16,2026-04-12
ACC1244,Report_Gen,62,2026-04-17
ACC1136,Dashboard,98,2026-04-20
ACC1038,Dashboard,96,2026-04-20
ACC1135,Report_Gen,65,2026-04-29
ACC1364,Team_Collab,21,2026-04-13
ACC1447,Team_Collab,7,2026-04-23
ACC1233,Report_Gen,4,2026-04-21
ACC1466,Report_Gen,60,2026-04-06
ACC1431,Dashboard,21,2026-04-20
ACC1095,API_Access,47,2026-05-01
ACC1048,Report_Gen,92,2026-04-15
ACC1493,Team_Collab,67,2026-04-06
ACC1310,Bulk_Upload,84,2026-04-13
ACC1426,API_Access,61,2026-04-26
ACC1179,Team_Collab,83,2026-04-19
ACC1385,Team_Collab,42,2026-05-05
ACC1017,Dashboard,15,2026-04-30
ACC1028,Team_Collab,44,2026-05-01
ACC1413,Team_Collab,9,2026-04-14
ACC1253,Team_Collab,50,2026-04-12
ACC1021,Dashboard,60,2026-04-28
ACC1193,Bulk_Upload,57,2026-04-25
ACC1143,Dashboard,90,2026-05-04
ACC1459,Dashboard,30,2026-04-25
ACC1150,Report_Gen,84,2026-04-15
ACC1314,Team_Collab,54,2026-04-14
ACC1246,API_Access,50,2026-04-13
ACC1230,Bulk_Upload,90,2026-04-21
ACC1270,Report_Gen,56,2026-04-09
ACC1185,Team_Collab,90,2026-04-15
ACC1087,API_Access,58,2026-04-06
ACC1234,Team_Collab,55,2026-04-20
ACC1476,Team_Collab,16,2026-04-30
ACC1414,Team_Collab,34,2026-04-17
ACC1147,Report_Gen,15,2026-05-01
ACC1492,Dashboard,14,2026-04-12
ACC1347,Report_Gen,53,2026-04-28
ACC1459,Team_Collab,32,2026-04-30
ACC1372,Dashboard,90,2026-04-29
ACC1074,Report_Gen,75,2026-04-23
ACC1163,Report_Gen,71,2026-04-20
ACC1076,Bulk_Upload,51,2026-04-26
ACC1426,Team_Collab,93,2026-05-04
ACC1377,API_Access,84,2026-04-22
ACC1223,Team_Collab,76,2026-04-22
ACC1116,API_Access,4,2026-04-28
ACC1097,API_Access,77,2026-04-23
ACC1468,Team_Collab,77,2026-04-22
ACC1391,Report_Gen,80,2026-04-15
ACC1242,Report_Gen,12,2026-04-08
ACC1177,Team_Collab,97,2026-04-09
ACC1071,Report_Gen,81,2026-04-11
ACC1365,Team_Collab,70,2026-05-02
ACC1065,Team_Collab,73,2026-04-12
ACC1070,API_Access,17,2026-05-01
ACC1341,Dashboard,77,2026-04-20
ACC1082,Dashboard,6,2026-04-06
ACC1435,Report_Gen,64,2026-04-25
ACC1037,Team_Collab,92,2026-05-05
ACC1112,Bulk_Upload,63,2026-04-09
ACC1032,Team_Collab,52,2026-04-08
ACC1357,Dashboard,29,2026-04-26
ACC1313,Team_Collab,70,2026-04-08
ACC1348,Bulk_Upload,23,2026-04-19
ACC1143,Report_Gen,51,2026-04-29
ACC1086,Dashboard,74,2026-04-23
ACC1300,Bulk_Upload,44,2026-04-29
ACC1325,Bulk_Upload,69,2026-05-05
ACC1483,Dashboard,2,2026-04-28
ACC1061,API_Access,98,2026-04-10
ACC1035,Team_Collab,82,2026-05-05
ACC1326,Dashboard,76,2026-04-06
ACC1375,API_Access,50,2026-04-08
ACC1147,API_Access,18,2026-04-19
ACC1220,Report_Gen,13,2026-04-24
ACC1184,API_Access,19,2026-04-23
ACC1184,Team_Collab,1,2026-04-28
ACC1273,Bulk_Upload,26,2026-05-01
ACC1308,Bulk_Upload,65,2026-04-13
ACC1368,API_Access,58,2026-04-09
ACC1140,API_Access,34,2026-04-25
ACC1235,Report_Gen,26,2026-04-10
ACC1486,Team_Collab,98,2026-04-13
ACC1076,Bulk_Upload,63,2026-04-29
ACC1274,Bulk_Upload,43,2026-05-02
ACC1319,API_Access,90,2026-05-04
ACC1464,API_Access,33,2026-04-07
ACC1460,Dashboard,88,2026-04-18
ACC1069,Report_Gen,86,2026-04-25
ACC1448,API_Access,16,2026-05-01
ACC1191,Dashboard,24,2026-04-30
ACC1039,API_Access,68,2026-04-30
ACC1403,API_Access,84,2026-04-29
ACC1030,Dashboard,67,2026-04-10
ACC1452,Report_Gen,27,2026-05-03
ACC1265,Report_Gen,65,2026-04-28
ACC1330,Team_Collab,67,2026-05-05
ACC1412,Bulk_Upload,44,2026-05-02
ACC1062,API_Access,32,2026-05-04
ACC1323,Dashboard,78,2026-04-15
ACC1136,Bulk_Upload,61,2026-04-29
ACC1012,API_Access,37,2026-04-13
ACC1323,Report_Gen,75,2026-04-20
ACC1331,Dashboard,75,2026-04-13
ACC1113,Dashboard,75,2026-04-15
ACC1194,Bulk_Upload,41,2026-04-10
ACC1380,Report_Gen,38,2026-04-10
ACC1495,Dashboard,10,2026-04-19
ACC1216,Bulk_Upload,12,2026-05-05
ACC1408,Team_Collab,32,2026-04-24
ACC1412,Report_Gen,52,2026-05-03
ACC1382,Bulk_Upload,71,2026-04-07
ACC1315,Report_Gen,96,2026-04-12
ACC1005,Dashboard,17,2026-04-07
ACC1267,Dashboard,83,2026-04-10
ACC1052,API_Access,98,2026-05-01
ACC1069,Report_Gen,42,2026-04-11
ACC1090,Bulk_Upload,8,2026-04-22
ACC1459,API_Access,95,2026-04-13
ACC1470,Report_Gen,42,2026-04-20
ACC1372,Team_Collab,28,2026-04-20
ACC1108,Report_Gen,60,2026-04-18
ACC1066,Report_Gen,54,2026-04-24
ACC1409,Team_Collab,16,2026-04-25
ACC1407,Dashboard,56,2026-04-29
ACC1366,Bulk_Upload,51,2026-04-19
ACC1106,API_Access,30,2026-04-21
ACC1256,Bulk_Upload,48,2026-04-08
ACC1068,Report_Gen,5,2026-04-07
ACC1231,Team_Collab,65,2026-04-13
ACC1015,API_Access,7,2026-04-10
ACC1383,Dashboard,73,2026-04-22
ACC1331,Team_Collab,16,2026-05-02
ACC1378,Report_Gen,30,2026-05-01
ACC1222,Team_Collab,17,2026-05-01
ACC1027,Report_Gen,8,2026-04-19
ACC1076,API_Access,51,2026-04-14
ACC1024,Team_Collab,5,2026-04-17
ACC1221,Report_Gen,90,2026-04-14
ACC1205,Bulk_Upload,13,2026-05-05
ACC1099,Report_Gen,16,2026-05-03
ACC1224,Bulk_Upload,39,2026-04-13
ACC1136,Dashboard,93,2026-04-15
ACC1358,Team_Collab,61,2026-04-18
ACC1126,Bulk_Upload,57,2026-04-18
ACC1364,Report_Gen,54,2026-04-25
ACC1479,Dashboard,60,2026-04-27
ACC1033,API_Access,71,2026-04-22
ACC1298,Report_Gen,61,2026-04-11
ACC1499,Report_Gen,66,2026-04-10
ACC1258,Report_Gen,10,2026-04-27
ACC1343,Team_Collab,93,2026-04-24
ACC1011,Bulk_Upload,32,2026-04-21
ACC1066,API_Access,50,2026-04-06
ACC1391,Bulk_Upload,31,2026-04-28
ACC1222,Dashboard,91,2026-05-01
ACC1312,Team_Collab,79,2026-04-13
ACC1386,Bulk_Upload,94,2026-05-04
ACC1304,Team_Collab,92,2026-05-04
ACC1208,API_Access,97,2026-04-06
ACC1381,Report_Gen,52,2026-05-04
ACC1182,API_Access,4,2026-04-29
ACC1268,Bulk_Upload,72,2026-04-19
ACC1287,Report_Gen,89,2026-05-03
ACC1129,API_Access,94,2026-04-23
ACC1267,Report_Gen,5,2026-05-02
ACC1399,API_Access,24,2026-04-26
ACC1455,Bulk_Upload,23,2026-04-20
ACC1476,Team_Collab,91,2026-04-23
ACC1281,Report_Gen,93,2026-04-27
ACC1456,Dashboard,91,2026-04-08
ACC1420,Report_Gen,24,2026-04-25
ACC1411,Team_Collab,16,2026-04-10
ACC1318,API_Access,42,2026-04-13
ACC1125,Dashboard,59,2026-04-12
ACC1218,Dashboard,76,2026-04-10
ACC1000,Report_Gen,82,2026-05-03
ACC1140,Bulk_Upload,16,2026-04-20
ACC1414,Report_Gen,32,2026-04-29
ACC1324,Bulk_Upload,42,2026-05-03
ACC1209,API_Access,80,2026-04-16
ACC1085,Bulk_Upload,16,2026-04-21
ACC1347,Bulk_Upload,62,2026-04-18
ACC1461,Dashboard,43,2026-04-07
ACC1340,API_Access,20,2026-05-05
ACC1257,Team_Collab,32,2026-04-15
ACC1272,Dashboard,24,2026-04-29
ACC1262,Dashboard,47,2026-04-13
ACC1046,Dashboard,77,2026-04-27
ACC1411,Dashboard,79,2026-05-01
ACC1490,Report_Gen,84,2026-05-03
ACC1497,API_Access,24,2026-04-09
ACC1206,Bulk_Upload,8,2026-04-08
ACC1015,Bulk_Upload,46,2026-04-13
ACC1264,Bulk_Upload,81,2026-04-30
ACC1326,Dashboard,93,2026-04-10
ACC1283,Dashboard,23,2026-04-09
ACC1037,Team_Collab,88,2026-04-29
ACC1110,API_Access,44,2026-05-03
ACC1323,Bulk_Upload,5,2026-04-24
ACC1436,Dashboard,90,2026-04-27
ACC1190,Dashboard,75,2026-04-17
ACC1253,API_Access,57,2026-04-25
ACC1065,Team_Collab,59,2026-04-09
ACC1427,Bulk_Upload,48,2026-04-20
ACC1066,API_Access,65,2026-04-11
ACC1275,Dashboard,19,2026-05-02
ACC1190,API_Access,88,2026-04-24
ACC1258,Bulk_Upload,87,2026-04-13
ACC1165,Dashboard,72,2026-04-07
ACC1280,API_Access,23,2026-04-25
ACC1265,API_Access,55,2026-04-26
ACC1174,API_Access,25,2026-04-23
ACC1204,Team_Collab,65,2026-04-23
ACC1453,Team_Collab,30,2026-04-29
ACC1457,Team_Collab,43,2026-05-04
ACC1214,Report_Gen,13,2026-04-15
ACC1096,API_Access,64,2026-04-20
ACC1451,Team_Collab,94,2026-04-21
ACC1208,Bulk_Upload,62,2026-05-05
ACC1026,Team_Collab,73,2026-05-02
ACC1381,Team_Collab,64,2026-05-05
ACC1331,API_Access,28,2026-04-12
ACC1347,Bulk_Upload,90,2026-04-21
ACC1021,Bulk_Upload,94,2026-04-26
ACC1061,API_Access,85,2026-04-07
ACC1284,Report_Gen,64,2026-04-30
ACC1476,API_Access,83,2026-04-15
ACC1130,API_Access,11,2026-04-13
ACC1277,Bulk_Upload,23,2026-04-28
ACC1418,Dashboard,5,2026-04-14
ACC1297,Dashboard,27,2026-04-16
ACC1089,Team_Collab,81,2026-05-02
ACC1253,Report_Gen,8,2026-05-03
ACC1180,Bulk_Upload,83,2026-04-17
ACC1234,Report_Gen,83,2026-05-02
ACC1122,API_Access,74,2026-04-28
ACC1418,Dashboard,5,2026-04-24
ACC1493,Team_Collab,6,2026-04-11
ACC1474,API_Access,58,2026-05-05
ACC1494,Report_Gen,100,2026-04-22
ACC1099,API_Access,55,2026-04-23
ACC1454,Team_Collab,37,2026-04-15
ACC1014,Report_Gen,14,2026-04-19
ACC1364,Bulk_Upload,38,2026-04-26
ACC1430,Team_Collab,63,2026-04-16
ACC1177,Dashboard,85,2026-04-18
ACC1322,Report_Gen,94,2026-04-12
ACC1246,Dashboard,25,2026-05-03
ACC1254,Team_Collab,65,2026-04-21
ACC1373,API_Access,95,2026-04-06
ACC1433,Bulk_Upload,27,2026-04-08
ACC1131,API_Access,34,2026-04-09
ACC1159,Report_Gen,22,2026-04-19
ACC1021,Team_Collab,34,2026-04-26
ACC1475,Team_Collab,89,2026-04-15
ACC1029,API_Access,95,2026-04-25
ACC1180,Dashboard,22,2026-05-02
ACC1158,Team_Collab,52,2026-04-25
ACC1401,Report_Gen,38,2026-04-25
ACC1036,API_Access,80,2026-05-02
